
*** Running vivado
    with args -log Soc_Tracking_wrapper.vdi -applog -m64 -product Vivado -messageDb vivado.pb -mode batch -source Soc_Tracking_wrapper.tcl -notrace



****** Vivado v2020.2 (64-bit)
  **** SW Build 3064766 on Wed Nov 18 09:12:45 MST 2020
  **** IP Build 3064653 on Wed Nov 18 14:17:31 MST 2020
    ** Copyright 1986-2020 Xilinx, Inc. All Rights Reserved.

source Soc_Tracking_wrapper.tcl -notrace
INFO: [IP_Flow 19-234] Refreshing IP repositories
WARNING: [IP_Flow 19-2248] Failed to load user IP repository 'v:/ip_repo/AXI4S_fifo_buffer_slid_window_1.0'; Can't find the specified path.
If this directory should no longer be in your list of user repositories, go to the IP Settings dialog and remove it.
WARNING: [IP_Flow 19-2248] Failed to load user IP repository 'v:/ip_repo/AXI4S_Filter_1.0'; Can't find the specified path.
If this directory should no longer be in your list of user repositories, go to the IP Settings dialog and remove it.
WARNING: [IP_Flow 19-2248] Failed to load user IP repository 'v:/ip_repo/AXI4S-Filter_1.0'; Can't find the specified path.
If this directory should no longer be in your list of user repositories, go to the IP Settings dialog and remove it.
INFO: [IP_Flow 19-1700] Loaded user IP repository 'v:/MyIPs'.
INFO: [IP_Flow 19-2313] Loaded Vivado IP repository 'E:/Xilinx/Vivado/2020.2/data/ip'.
Command: link_design -top Soc_Tracking_wrapper -part xc7z010clg400-1
Design is defaulting to srcset: sources_1
Design is defaulting to constrset: constrs_1
INFO: [Device 21-403] Loading part xc7z010clg400-1
INFO: [Project 1-454] Reading design checkpoint 'v:/PL/Soc_Tracking.gen/sources_1/bd/Soc_Tracking/ip/Soc_Tracking_AXI4S_Binarisation_A_0_0/Soc_Tracking_AXI4S_Binarisation_A_0_0.dcp' for cell 'Soc_Tracking_i/AXI4S_Binarisation_A_0'
INFO: [Project 1-454] Reading design checkpoint 'v:/PL/Soc_Tracking.gen/sources_1/bd/Soc_Tracking/ip/Soc_Tracking_AXI4S_Filter_0_0/Soc_Tracking_AXI4S_Filter_0_0.dcp' for cell 'Soc_Tracking_i/AXI4S_Filter_Gaussian'
INFO: [Project 1-454] Reading design checkpoint 'v:/PL/Soc_Tracking.gen/sources_1/bd/Soc_Tracking/ip/Soc_Tracking_AXI4S_Filter_0_1/Soc_Tracking_AXI4S_Filter_0_1.dcp' for cell 'Soc_Tracking_i/AXI4S_Filter_Harris'
INFO: [Project 1-454] Reading design checkpoint 'v:/PL/Soc_Tracking.gen/sources_1/bd/Soc_Tracking/ip/Soc_Tracking_AXI4S_Overlay_AXI4L_0_0/Soc_Tracking_AXI4S_Overlay_AXI4L_0_0.dcp' for cell 'Soc_Tracking_i/AXI4S_Overlay_AXI4L_0'
INFO: [Project 1-454] Reading design checkpoint 'v:/PL/Soc_Tracking.gen/sources_1/bd/Soc_Tracking/ip/Soc_Tracking_AXI4S_Stream_Duplica_0_0/Soc_Tracking_AXI4S_Stream_Duplica_0_0.dcp' for cell 'Soc_Tracking_i/AXI4S_Stream_Duplica_0'
INFO: [Project 1-454] Reading design checkpoint 'v:/PL/Soc_Tracking.gen/sources_1/bd/Soc_Tracking/ip/Soc_Tracking_AXI4S_fifo_buffer_sl_0_0/Soc_Tracking_AXI4S_fifo_buffer_sl_0_0.dcp' for cell 'Soc_Tracking_i/AXI4S_fifo_buf_sw_G'
INFO: [Project 1-454] Reading design checkpoint 'v:/PL/Soc_Tracking.gen/sources_1/bd/Soc_Tracking/ip/Soc_Tracking_AXI4S_fifo_buffer_sl_0_1/Soc_Tracking_AXI4S_fifo_buffer_sl_0_1.dcp' for cell 'Soc_Tracking_i/AXI4S_fifo_buf_sw_H'
INFO: [Project 1-454] Reading design checkpoint 'v:/PL/Soc_Tracking.gen/sources_1/bd/Soc_Tracking/ip/Soc_Tracking_AXI4S_zero_padding_0_0/Soc_Tracking_AXI4S_zero_padding_0_0.dcp' for cell 'Soc_Tracking_i/AXI4S_zero_padding_0'
INFO: [Project 1-454] Reading design checkpoint 'v:/PL/Soc_Tracking.gen/sources_1/bd/Soc_Tracking/ip/Soc_Tracking_AXI4_Stream_RGB_to_g_0_0/Soc_Tracking_AXI4_Stream_RGB_to_g_0_0.dcp' for cell 'Soc_Tracking_i/AXI4_Stream_RGB_to_g_0'
INFO: [Project 1-454] Reading design checkpoint 'v:/PL/Soc_Tracking.gen/sources_1/bd/Soc_Tracking/ip/Soc_Tracking_DMA24bUnit_mm2s_0_1/Soc_Tracking_DMA24bUnit_mm2s_0_1.dcp' for cell 'Soc_Tracking_i/DMA24bUnit_mm2s_0'
INFO: [Project 1-454] Reading design checkpoint 'v:/PL/Soc_Tracking.gen/sources_1/bd/Soc_Tracking/ip/Soc_Tracking_DMA_controller_AXI4L_0_0/Soc_Tracking_DMA_controller_AXI4L_0_0.dcp' for cell 'Soc_Tracking_i/DMA_controller_AXI4L_0'
INFO: [Project 1-454] Reading design checkpoint 'v:/PL/Soc_Tracking.gen/sources_1/bd/Soc_Tracking/ip/Soc_Tracking_Input_selector_AXI4L_0_0/Soc_Tracking_Input_selector_AXI4L_0_0.dcp' for cell 'Soc_Tracking_i/Input_selector_AXI4L_0'
INFO: [Project 1-454] Reading design checkpoint 'v:/PL/Soc_Tracking.gen/sources_1/bd/Soc_Tracking/ip/Soc_Tracking_VGA_controller_0_0/Soc_Tracking_VGA_controller_0_0.dcp' for cell 'Soc_Tracking_i/VGA_controller_0'
INFO: [Project 1-454] Reading design checkpoint 'v:/PL/Soc_Tracking.gen/sources_1/bd/Soc_Tracking/ip/Soc_Tracking_Video_TPG_0_0/Soc_Tracking_Video_TPG_0_0.dcp' for cell 'Soc_Tracking_i/Video_TPG_0'
INFO: [Project 1-454] Reading design checkpoint 'v:/PL/Soc_Tracking.gen/sources_1/bd/Soc_Tracking/ip/Soc_Tracking_processing_system7_0_0/Soc_Tracking_processing_system7_0_0.dcp' for cell 'Soc_Tracking_i/processing_system7_0'
INFO: [Project 1-454] Reading design checkpoint 'v:/PL/Soc_Tracking.gen/sources_1/bd/Soc_Tracking/ip/Soc_Tracking_rst_ps7_0_100M_0/Soc_Tracking_rst_ps7_0_100M_0.dcp' for cell 'Soc_Tracking_i/rst_ps7_0_100M'
INFO: [Project 1-454] Reading design checkpoint 'v:/PL/Soc_Tracking.gen/sources_1/bd/Soc_Tracking/ip/Soc_Tracking_auto_ds_0/Soc_Tracking_auto_ds_0.dcp' for cell 'Soc_Tracking_i/axi_mem_intercon/s00_couplers/auto_ds'
INFO: [Project 1-454] Reading design checkpoint 'v:/PL/Soc_Tracking.gen/sources_1/bd/Soc_Tracking/ip/Soc_Tracking_auto_pc_1/Soc_Tracking_auto_pc_1.dcp' for cell 'Soc_Tracking_i/axi_mem_intercon/s00_couplers/auto_pc'
INFO: [Project 1-454] Reading design checkpoint 'v:/PL/Soc_Tracking.gen/sources_1/bd/Soc_Tracking/ip/Soc_Tracking_xbar_1/Soc_Tracking_xbar_1.dcp' for cell 'Soc_Tracking_i/ps7_0_axi_periph/xbar'
INFO: [Project 1-454] Reading design checkpoint 'v:/PL/Soc_Tracking.gen/sources_1/bd/Soc_Tracking/ip/Soc_Tracking_auto_pc_0/Soc_Tracking_auto_pc_0.dcp' for cell 'Soc_Tracking_i/ps7_0_axi_periph/s00_couplers/auto_pc'
Netlist sorting complete. Time (s): cpu = 00:00:00 ; elapsed = 00:00:00.448 . Memory (MB): peak = 1106.305 ; gain = 0.000
INFO: [Netlist 29-17] Analyzing 367 Unisim elements for replacement
INFO: [Netlist 29-28] Unisim Transformation completed in 0 CPU seconds
INFO: [Project 1-479] Netlist was created with Vivado 2020.2
INFO: [Project 1-570] Preparing netlist for logic optimization
Parsing XDC File [v:/PL/Soc_Tracking.gen/sources_1/bd/Soc_Tracking/ip/Soc_Tracking_processing_system7_0_0/Soc_Tracking_processing_system7_0_0.xdc] for cell 'Soc_Tracking_i/processing_system7_0/inst'
Finished Parsing XDC File [v:/PL/Soc_Tracking.gen/sources_1/bd/Soc_Tracking/ip/Soc_Tracking_processing_system7_0_0/Soc_Tracking_processing_system7_0_0.xdc] for cell 'Soc_Tracking_i/processing_system7_0/inst'
Parsing XDC File [v:/PL/Soc_Tracking.gen/sources_1/bd/Soc_Tracking/ip/Soc_Tracking_rst_ps7_0_100M_0/Soc_Tracking_rst_ps7_0_100M_0_board.xdc] for cell 'Soc_Tracking_i/rst_ps7_0_100M/U0'
Finished Parsing XDC File [v:/PL/Soc_Tracking.gen/sources_1/bd/Soc_Tracking/ip/Soc_Tracking_rst_ps7_0_100M_0/Soc_Tracking_rst_ps7_0_100M_0_board.xdc] for cell 'Soc_Tracking_i/rst_ps7_0_100M/U0'
Parsing XDC File [v:/PL/Soc_Tracking.gen/sources_1/bd/Soc_Tracking/ip/Soc_Tracking_rst_ps7_0_100M_0/Soc_Tracking_rst_ps7_0_100M_0.xdc] for cell 'Soc_Tracking_i/rst_ps7_0_100M/U0'
Finished Parsing XDC File [v:/PL/Soc_Tracking.gen/sources_1/bd/Soc_Tracking/ip/Soc_Tracking_rst_ps7_0_100M_0/Soc_Tracking_rst_ps7_0_100M_0.xdc] for cell 'Soc_Tracking_i/rst_ps7_0_100M/U0'
Parsing XDC File [v:/PL/Soc_Tracking.gen/sources_1/bd/Soc_Tracking/ip/Soc_Tracking_AXI4S_Filter_0_0/src/fifo_generator_0/fifo_generator_0.xdc] for cell 'Soc_Tracking_i/AXI4S_Filter_Gaussian/U0/fifo/U0'
Finished Parsing XDC File [v:/PL/Soc_Tracking.gen/sources_1/bd/Soc_Tracking/ip/Soc_Tracking_AXI4S_Filter_0_0/src/fifo_generator_0/fifo_generator_0.xdc] for cell 'Soc_Tracking_i/AXI4S_Filter_Gaussian/U0/fifo/U0'
Parsing XDC File [v:/PL/Soc_Tracking.gen/sources_1/bd/Soc_Tracking/ip/Soc_Tracking_AXI4S_Filter_0_0/src/fifo_generator_0/fifo_generator_0.xdc] for cell 'Soc_Tracking_i/AXI4S_Filter_Harris/U0/fifo/U0'
Finished Parsing XDC File [v:/PL/Soc_Tracking.gen/sources_1/bd/Soc_Tracking/ip/Soc_Tracking_AXI4S_Filter_0_0/src/fifo_generator_0/fifo_generator_0.xdc] for cell 'Soc_Tracking_i/AXI4S_Filter_Harris/U0/fifo/U0'
Parsing XDC File [v:/PL/Soc_Tracking.gen/sources_1/bd/Soc_Tracking/ip/Soc_Tracking_AXI4S_Filter_0_1/src/fifo_generator_0/fifo_generator_0.xdc] for cell 'Soc_Tracking_i/AXI4S_Filter_Gaussian/U0/fifo/U0'
Finished Parsing XDC File [v:/PL/Soc_Tracking.gen/sources_1/bd/Soc_Tracking/ip/Soc_Tracking_AXI4S_Filter_0_1/src/fifo_generator_0/fifo_generator_0.xdc] for cell 'Soc_Tracking_i/AXI4S_Filter_Gaussian/U0/fifo/U0'
Parsing XDC File [v:/PL/Soc_Tracking.gen/sources_1/bd/Soc_Tracking/ip/Soc_Tracking_AXI4S_Filter_0_1/src/fifo_generator_0/fifo_generator_0.xdc] for cell 'Soc_Tracking_i/AXI4S_Filter_Harris/U0/fifo/U0'
Finished Parsing XDC File [v:/PL/Soc_Tracking.gen/sources_1/bd/Soc_Tracking/ip/Soc_Tracking_AXI4S_Filter_0_1/src/fifo_generator_0/fifo_generator_0.xdc] for cell 'Soc_Tracking_i/AXI4S_Filter_Harris/U0/fifo/U0'
Parsing XDC File [v:/PL/Soc_Tracking.gen/sources_1/bd/Soc_Tracking/ip/Soc_Tracking_AXI4S_Stream_Duplica_0_0/src/fifo_generator_24/fifo_generator_24.xdc] for cell 'Soc_Tracking_i/AXI4S_Stream_Duplica_0/U0/fifo/U0'
Finished Parsing XDC File [v:/PL/Soc_Tracking.gen/sources_1/bd/Soc_Tracking/ip/Soc_Tracking_AXI4S_Stream_Duplica_0_0/src/fifo_generator_24/fifo_generator_24.xdc] for cell 'Soc_Tracking_i/AXI4S_Stream_Duplica_0/U0/fifo/U0'
Parsing XDC File [v:/PL/Soc_Tracking.gen/sources_1/bd/Soc_Tracking/ip/Soc_Tracking_AXI4S_fifo_buffer_sl_0_0/src/fifo_generator_640/fifo_generator_640.xdc] for cell 'Soc_Tracking_i/AXI4S_fifo_buf_sw_G/U0/g_fifo_640.fifo_1/U0'
Finished Parsing XDC File [v:/PL/Soc_Tracking.gen/sources_1/bd/Soc_Tracking/ip/Soc_Tracking_AXI4S_fifo_buffer_sl_0_0/src/fifo_generator_640/fifo_generator_640.xdc] for cell 'Soc_Tracking_i/AXI4S_fifo_buf_sw_G/U0/g_fifo_640.fifo_1/U0'
Parsing XDC File [v:/PL/Soc_Tracking.gen/sources_1/bd/Soc_Tracking/ip/Soc_Tracking_AXI4S_fifo_buffer_sl_0_0/src/fifo_generator_640/fifo_generator_640.xdc] for cell 'Soc_Tracking_i/AXI4S_fifo_buf_sw_G/U0/g_fifo_640.fifo_2/U0'
Finished Parsing XDC File [v:/PL/Soc_Tracking.gen/sources_1/bd/Soc_Tracking/ip/Soc_Tracking_AXI4S_fifo_buffer_sl_0_0/src/fifo_generator_640/fifo_generator_640.xdc] for cell 'Soc_Tracking_i/AXI4S_fifo_buf_sw_G/U0/g_fifo_640.fifo_2/U0'
Parsing XDC File [v:/PL/Soc_Tracking.gen/sources_1/bd/Soc_Tracking/ip/Soc_Tracking_AXI4S_fifo_buffer_sl_0_0/src/fifo_generator_640/fifo_generator_640.xdc] for cell 'Soc_Tracking_i/AXI4S_fifo_buf_sw_G/U0/g_fifo_640.fifo_3/U0'
Finished Parsing XDC File [v:/PL/Soc_Tracking.gen/sources_1/bd/Soc_Tracking/ip/Soc_Tracking_AXI4S_fifo_buffer_sl_0_0/src/fifo_generator_640/fifo_generator_640.xdc] for cell 'Soc_Tracking_i/AXI4S_fifo_buf_sw_G/U0/g_fifo_640.fifo_3/U0'
Parsing XDC File [v:/PL/Soc_Tracking.gen/sources_1/bd/Soc_Tracking/ip/Soc_Tracking_AXI4S_fifo_buffer_sl_0_0/src/fifo_generator_638/fifo_generator_638.xdc] for cell 'Soc_Tracking_i/AXI4S_fifo_buf_sw_H/U0/g_fifo_638.fifo_1/U0'
Finished Parsing XDC File [v:/PL/Soc_Tracking.gen/sources_1/bd/Soc_Tracking/ip/Soc_Tracking_AXI4S_fifo_buffer_sl_0_0/src/fifo_generator_638/fifo_generator_638.xdc] for cell 'Soc_Tracking_i/AXI4S_fifo_buf_sw_H/U0/g_fifo_638.fifo_1/U0'
Parsing XDC File [v:/PL/Soc_Tracking.gen/sources_1/bd/Soc_Tracking/ip/Soc_Tracking_AXI4S_fifo_buffer_sl_0_0/src/fifo_generator_638/fifo_generator_638.xdc] for cell 'Soc_Tracking_i/AXI4S_fifo_buf_sw_H/U0/g_fifo_638.fifo_2/U0'
Finished Parsing XDC File [v:/PL/Soc_Tracking.gen/sources_1/bd/Soc_Tracking/ip/Soc_Tracking_AXI4S_fifo_buffer_sl_0_0/src/fifo_generator_638/fifo_generator_638.xdc] for cell 'Soc_Tracking_i/AXI4S_fifo_buf_sw_H/U0/g_fifo_638.fifo_2/U0'
Parsing XDC File [v:/PL/Soc_Tracking.gen/sources_1/bd/Soc_Tracking/ip/Soc_Tracking_AXI4S_fifo_buffer_sl_0_0/src/fifo_generator_638/fifo_generator_638.xdc] for cell 'Soc_Tracking_i/AXI4S_fifo_buf_sw_H/U0/g_fifo_638.fifo_3/U0'
Finished Parsing XDC File [v:/PL/Soc_Tracking.gen/sources_1/bd/Soc_Tracking/ip/Soc_Tracking_AXI4S_fifo_buffer_sl_0_0/src/fifo_generator_638/fifo_generator_638.xdc] for cell 'Soc_Tracking_i/AXI4S_fifo_buf_sw_H/U0/g_fifo_638.fifo_3/U0'
Parsing XDC File [v:/PL/Soc_Tracking.gen/sources_1/bd/Soc_Tracking/ip/Soc_Tracking_AXI4S_fifo_buffer_sl_0_1/src/fifo_generator_640/fifo_generator_640.xdc] for cell 'Soc_Tracking_i/AXI4S_fifo_buf_sw_G/U0/g_fifo_640.fifo_1/U0'
Finished Parsing XDC File [v:/PL/Soc_Tracking.gen/sources_1/bd/Soc_Tracking/ip/Soc_Tracking_AXI4S_fifo_buffer_sl_0_1/src/fifo_generator_640/fifo_generator_640.xdc] for cell 'Soc_Tracking_i/AXI4S_fifo_buf_sw_G/U0/g_fifo_640.fifo_1/U0'
Parsing XDC File [v:/PL/Soc_Tracking.gen/sources_1/bd/Soc_Tracking/ip/Soc_Tracking_AXI4S_fifo_buffer_sl_0_1/src/fifo_generator_640/fifo_generator_640.xdc] for cell 'Soc_Tracking_i/AXI4S_fifo_buf_sw_G/U0/g_fifo_640.fifo_2/U0'
Finished Parsing XDC File [v:/PL/Soc_Tracking.gen/sources_1/bd/Soc_Tracking/ip/Soc_Tracking_AXI4S_fifo_buffer_sl_0_1/src/fifo_generator_640/fifo_generator_640.xdc] for cell 'Soc_Tracking_i/AXI4S_fifo_buf_sw_G/U0/g_fifo_640.fifo_2/U0'
Parsing XDC File [v:/PL/Soc_Tracking.gen/sources_1/bd/Soc_Tracking/ip/Soc_Tracking_AXI4S_fifo_buffer_sl_0_1/src/fifo_generator_640/fifo_generator_640.xdc] for cell 'Soc_Tracking_i/AXI4S_fifo_buf_sw_G/U0/g_fifo_640.fifo_3/U0'
Finished Parsing XDC File [v:/PL/Soc_Tracking.gen/sources_1/bd/Soc_Tracking/ip/Soc_Tracking_AXI4S_fifo_buffer_sl_0_1/src/fifo_generator_640/fifo_generator_640.xdc] for cell 'Soc_Tracking_i/AXI4S_fifo_buf_sw_G/U0/g_fifo_640.fifo_3/U0'
Parsing XDC File [v:/PL/Soc_Tracking.gen/sources_1/bd/Soc_Tracking/ip/Soc_Tracking_AXI4S_fifo_buffer_sl_0_1/src/fifo_generator_638/fifo_generator_638.xdc] for cell 'Soc_Tracking_i/AXI4S_fifo_buf_sw_H/U0/g_fifo_638.fifo_1/U0'
Finished Parsing XDC File [v:/PL/Soc_Tracking.gen/sources_1/bd/Soc_Tracking/ip/Soc_Tracking_AXI4S_fifo_buffer_sl_0_1/src/fifo_generator_638/fifo_generator_638.xdc] for cell 'Soc_Tracking_i/AXI4S_fifo_buf_sw_H/U0/g_fifo_638.fifo_1/U0'
Parsing XDC File [v:/PL/Soc_Tracking.gen/sources_1/bd/Soc_Tracking/ip/Soc_Tracking_AXI4S_fifo_buffer_sl_0_1/src/fifo_generator_638/fifo_generator_638.xdc] for cell 'Soc_Tracking_i/AXI4S_fifo_buf_sw_H/U0/g_fifo_638.fifo_2/U0'
Finished Parsing XDC File [v:/PL/Soc_Tracking.gen/sources_1/bd/Soc_Tracking/ip/Soc_Tracking_AXI4S_fifo_buffer_sl_0_1/src/fifo_generator_638/fifo_generator_638.xdc] for cell 'Soc_Tracking_i/AXI4S_fifo_buf_sw_H/U0/g_fifo_638.fifo_2/U0'
Parsing XDC File [v:/PL/Soc_Tracking.gen/sources_1/bd/Soc_Tracking/ip/Soc_Tracking_AXI4S_fifo_buffer_sl_0_1/src/fifo_generator_638/fifo_generator_638.xdc] for cell 'Soc_Tracking_i/AXI4S_fifo_buf_sw_H/U0/g_fifo_638.fifo_3/U0'
Finished Parsing XDC File [v:/PL/Soc_Tracking.gen/sources_1/bd/Soc_Tracking/ip/Soc_Tracking_AXI4S_fifo_buffer_sl_0_1/src/fifo_generator_638/fifo_generator_638.xdc] for cell 'Soc_Tracking_i/AXI4S_fifo_buf_sw_H/U0/g_fifo_638.fifo_3/U0'
Parsing XDC File [V:/src/Cora-Z7-10-Master.xdc]
Finished Parsing XDC File [V:/src/Cora-Z7-10-Master.xdc]
Parsing XDC File [v:/PL/Soc_Tracking.gen/sources_1/bd/Soc_Tracking/ip/Soc_Tracking_auto_ds_0/Soc_Tracking_auto_ds_0_clocks.xdc] for cell 'Soc_Tracking_i/axi_mem_intercon/s00_couplers/auto_ds/inst'
Finished Parsing XDC File [v:/PL/Soc_Tracking.gen/sources_1/bd/Soc_Tracking/ip/Soc_Tracking_auto_ds_0/Soc_Tracking_auto_ds_0_clocks.xdc] for cell 'Soc_Tracking_i/axi_mem_intercon/s00_couplers/auto_ds/inst'
INFO: [Project 1-1715] 1 XPM XDC files have been applied to the design.
INFO: [Opt 31-138] Pushed 0 inverter(s) to 0 load pin(s).
Netlist sorting complete. Time (s): cpu = 00:00:00 ; elapsed = 00:00:00.006 . Memory (MB): peak = 1106.305 ; gain = 0.000
INFO: [Project 1-111] Unisim Transformation Summary:
  A total of 16 instances were transformed.
  RAM32M => RAM32M (RAMD32(x6), RAMS32(x2)): 15 instances
  RAM32X1D => RAM32X1D (RAMD32(x2)): 1 instance 

31 Infos, 3 Warnings, 0 Critical Warnings and 0 Errors encountered.
link_design completed successfully
link_design: Time (s): cpu = 00:00:16 ; elapsed = 00:00:20 . Memory (MB): peak = 1106.305 ; gain = 0.000
Command: opt_design
Attempting to get a license for feature 'Implementation' and/or device 'xc7z010'
INFO: [Common 17-349] Got license for feature 'Implementation' and/or device 'xc7z010'
Running DRC as a precondition to command opt_design

Starting DRC Task
INFO: [DRC 23-27] Running DRC with 2 threads
INFO: [Project 1-461] DRC finished with 0 Errors
INFO: [Project 1-462] Please refer to the DRC report (report_drc) for more information.

Time (s): cpu = 00:00:02 ; elapsed = 00:00:02 . Memory (MB): peak = 1106.305 ; gain = 0.000

Starting Cache Timing Information Task
INFO: [Timing 38-35] Done setting XDC timing constraints.
Ending Cache Timing Information Task | Checksum: 1a4a76163

Time (s): cpu = 00:00:09 ; elapsed = 00:00:09 . Memory (MB): peak = 1532.926 ; gain = 426.621

Starting Logic Optimization Task

Phase 1 Retarget
INFO: [Opt 31-138] Pushed 2 inverter(s) to 8 load pin(s).
INFO: [Opt 31-49] Retargeted 0 cell(s).
Phase 1 Retarget | Checksum: 23be9cd3c

Time (s): cpu = 00:00:00 ; elapsed = 00:00:00.724 . Memory (MB): peak = 1745.129 ; gain = 0.000
INFO: [Opt 31-389] Phase Retarget created 75 cells and removed 285 cells
INFO: [Opt 31-1021] In phase Retarget, 56 netlist objects are constrained preventing optimization. Please run opt_design with -debug_log to get more detail. 

Phase 2 Constant propagation
INFO: [Opt 31-138] Pushed 10 inverter(s) to 13 load pin(s).
Phase 2 Constant propagation | Checksum: 2163e5ec2

Time (s): cpu = 00:00:01 ; elapsed = 00:00:01 . Memory (MB): peak = 1745.129 ; gain = 0.000
INFO: [Opt 31-389] Phase Constant propagation created 292 cells and removed 1417 cells
INFO: [Opt 31-1021] In phase Constant propagation, 62 netlist objects are constrained preventing optimization. Please run opt_design with -debug_log to get more detail. 

Phase 3 Sweep
Phase 3 Sweep | Checksum: 22424bcc4

Time (s): cpu = 00:00:02 ; elapsed = 00:00:02 . Memory (MB): peak = 1745.129 ; gain = 0.000
INFO: [Opt 31-389] Phase Sweep created 0 cells and removed 1335 cells
INFO: [Opt 31-1021] In phase Sweep, 224 netlist objects are constrained preventing optimization. Please run opt_design with -debug_log to get more detail. 

Phase 4 BUFG optimization
INFO: [Opt 31-194] Inserted BUFG Soc_Tracking_i/AXI4S_fifo_buf_sw_G/U0/last_read_enable_3_BUFG_inst to drive 72 load(s) on clock net Soc_Tracking_i/AXI4S_fifo_buf_sw_G/U0/last_read_enable_3_BUFG
INFO: [Opt 31-194] Inserted BUFG Soc_Tracking_i/AXI4S_fifo_buf_sw_H/U0/last_read_enable_3_BUFG_inst to drive 56 load(s) on clock net Soc_Tracking_i/AXI4S_fifo_buf_sw_H/U0/last_read_enable_3_BUFG
INFO: [Opt 31-193] Inserted 2 BUFG(s) on clock nets
Phase 4 BUFG optimization | Checksum: 1f7ef4187

Time (s): cpu = 00:00:02 ; elapsed = 00:00:02 . Memory (MB): peak = 1745.129 ; gain = 0.000
INFO: [Opt 31-662] Phase BUFG optimization created 2 cells of which 2 are BUFGs and removed 0 cells.

Phase 5 Shift Register Optimization
INFO: [Opt 31-1064] SRL Remap converted 0 SRLs to 0 registers and converted 0 registers of register chains to 0 SRLs
Phase 5 Shift Register Optimization | Checksum: 1f7ef4187

Time (s): cpu = 00:00:02 ; elapsed = 00:00:02 . Memory (MB): peak = 1745.129 ; gain = 0.000
INFO: [Opt 31-389] Phase Shift Register Optimization created 0 cells and removed 0 cells

Phase 6 Post Processing Netlist
Phase 6 Post Processing Netlist | Checksum: 1b2e4ad6d

Time (s): cpu = 00:00:02 ; elapsed = 00:00:02 . Memory (MB): peak = 1745.129 ; gain = 0.000
INFO: [Opt 31-389] Phase Post Processing Netlist created 0 cells and removed 3 cells
INFO: [Opt 31-1021] In phase Post Processing Netlist, 82 netlist objects are constrained preventing optimization. Please run opt_design with -debug_log to get more detail. 
Opt_design Change Summary
=========================


-------------------------------------------------------------------------------------------------------------------------
|  Phase                        |  #Cells created  |  #Cells Removed  |  #Constrained objects preventing optimizations  |
-------------------------------------------------------------------------------------------------------------------------
|  Retarget                     |              75  |             285  |                                             56  |
|  Constant propagation         |             292  |            1417  |                                             62  |
|  Sweep                        |               0  |            1335  |                                            224  |
|  BUFG optimization            |               2  |               0  |                                              0  |
|  Shift Register Optimization  |               0  |               0  |                                              0  |
|  Post Processing Netlist      |               0  |               3  |                                             82  |
-------------------------------------------------------------------------------------------------------------------------



Starting Connectivity Check Task

Time (s): cpu = 00:00:00 ; elapsed = 00:00:00.015 . Memory (MB): peak = 1745.129 ; gain = 0.000
Ending Logic Optimization Task | Checksum: 1d3c87ab3

Time (s): cpu = 00:00:02 ; elapsed = 00:00:03 . Memory (MB): peak = 1745.129 ; gain = 0.000

Starting Power Optimization Task
INFO: [Pwropt 34-132] Skipping clock gating for clocks with a period < 2.00 ns.
INFO: [Pwropt 34-9] Applying IDT optimizations ...
INFO: [Pwropt 34-10] Applying ODC optimizations ...
INFO: [Timing 38-35] Done setting XDC timing constraints.
Running Vector-less Activity Propagation...

Finished Running Vector-less Activity Propagation


Starting PowerOpt Patch Enables Task
INFO: [Pwropt 34-162] WRITE_MODE attribute of 0 BRAM(s) out of a total of 6 has been updated to save power. Run report_power_opt to get a complete listing of the BRAMs updated.
INFO: [Pwropt 34-201] Structural ODC has moved 0 WE to EN ports
Number of BRAM Ports augmented: 0 newly gated: 6 Total Ports: 12
Ending PowerOpt Patch Enables Task | Checksum: 1ecc49858

Time (s): cpu = 00:00:00 ; elapsed = 00:00:00.081 . Memory (MB): peak = 1882.176 ; gain = 0.000
Ending Power Optimization Task | Checksum: 1ecc49858

Time (s): cpu = 00:00:04 ; elapsed = 00:00:02 . Memory (MB): peak = 1882.176 ; gain = 137.047

Starting Final Cleanup Task
Ending Final Cleanup Task | Checksum: 1ecc49858

Time (s): cpu = 00:00:00 ; elapsed = 00:00:00 . Memory (MB): peak = 1882.176 ; gain = 0.000

Starting Netlist Obfuscation Task
Netlist sorting complete. Time (s): cpu = 00:00:00 ; elapsed = 00:00:00.036 . Memory (MB): peak = 1882.176 ; gain = 0.000
Ending Netlist Obfuscation Task | Checksum: 15aa64da1

Time (s): cpu = 00:00:00 ; elapsed = 00:00:00.036 . Memory (MB): peak = 1882.176 ; gain = 0.000
INFO: [Common 17-83] Releasing license: Implementation
60 Infos, 3 Warnings, 0 Critical Warnings and 0 Errors encountered.
opt_design completed successfully
opt_design: Time (s): cpu = 00:00:20 ; elapsed = 00:00:18 . Memory (MB): peak = 1882.176 ; gain = 775.871
INFO: [Timing 38-35] Done setting XDC timing constraints.
INFO: [Timing 38-480] Writing timing data to binary archive.
Writing placer database...
Writing XDEF routing.
Writing XDEF routing logical nets.
Writing XDEF routing special nets.
Write XDEF Complete: Time (s): cpu = 00:00:00 ; elapsed = 00:00:00.088 . Memory (MB): peak = 1882.176 ; gain = 0.000
INFO: [Common 17-1381] The checkpoint 'V:/PL/Soc_Tracking.runs/impl_1/Soc_Tracking_wrapper_opt.dcp' has been generated.
INFO: [runtcl-4] Executing : report_drc -file Soc_Tracking_wrapper_drc_opted.rpt -pb Soc_Tracking_wrapper_drc_opted.pb -rpx Soc_Tracking_wrapper_drc_opted.rpx
Command: report_drc -file Soc_Tracking_wrapper_drc_opted.rpt -pb Soc_Tracking_wrapper_drc_opted.pb -rpx Soc_Tracking_wrapper_drc_opted.rpx
INFO: [IP_Flow 19-1839] IP Catalog is up to date.
INFO: [DRC 23-27] Running DRC with 2 threads
INFO: [Coretcl 2-168] The results of DRC are in file V:/PL/Soc_Tracking.runs/impl_1/Soc_Tracking_wrapper_drc_opted.rpt.
report_drc completed successfully
Command: place_design
Attempting to get a license for feature 'Implementation' and/or device 'xc7z010'
INFO: [Common 17-349] Got license for feature 'Implementation' and/or device 'xc7z010'
INFO: [DRC 23-27] Running DRC with 2 threads
INFO: [Vivado_Tcl 4-198] DRC finished with 0 Errors
INFO: [Vivado_Tcl 4-199] Please refer to the DRC report (report_drc) for more information.
Running DRC as a precondition to command place_design
INFO: [DRC 23-27] Running DRC with 2 threads
WARNING: [DRC CHECK-3] Report rule limit reached: REQP-1839 rule limit reached: 20 violations have been found.
WARNING: [DRC REQP-1839] RAMB36 async control check: The RAMB36E1 Soc_Tracking_i/DMA24bUnit_mm2s_0/U0/gmem_m_axi_U/bus_read/fifo_rdata/mem_reg_0 has an input control pin Soc_Tracking_i/DMA24bUnit_mm2s_0/U0/gmem_m_axi_U/bus_read/fifo_rdata/mem_reg_0/WEA[0] (net: Soc_Tracking_i/DMA24bUnit_mm2s_0/U0/gmem_m_axi_U/bus_read/fifo_rdata/m_axi_gmem_RVALID) which is driven by a register (Soc_Tracking_i/axi_mem_intercon/s00_couplers/auto_ds/inst/gen_downsizer.gen_cascaded_downsizer.first_downsizer_inst/USE_READ.read_addr_inst/cmd_queue/inst/fifo_gen_inst/inst_fifo_gen/gconvfifo.rf/grf.rf/gntv_or_sync_fifo.gl0.rd/gr1.gr1_int.rfwft/empty_fwft_i_reg) that has an active asychronous set or reset. This may cause corruption of the memory contents and/or read values when the set/reset is asserted and is not analyzed by the default static timing analysis. It is suggested to eliminate the use of a set/reset to registers driving this RAMB pin or else use a synchronous reset in which the assertion of the reset is timed by default.
WARNING: [DRC REQP-1839] RAMB36 async control check: The RAMB36E1 Soc_Tracking_i/DMA24bUnit_mm2s_0/U0/gmem_m_axi_U/bus_read/fifo_rdata/mem_reg_0 has an input control pin Soc_Tracking_i/DMA24bUnit_mm2s_0/U0/gmem_m_axi_U/bus_read/fifo_rdata/mem_reg_0/WEA[0] (net: Soc_Tracking_i/DMA24bUnit_mm2s_0/U0/gmem_m_axi_U/bus_read/fifo_rdata/m_axi_gmem_RVALID) which is driven by a register (Soc_Tracking_i/axi_mem_intercon/s00_couplers/auto_ds/inst/gen_downsizer.gen_cascaded_downsizer.gen_axi3_conv.axi3_conv_inst/gen_axi4_axi3.axi3_conv_inst/USE_READ.USE_SPLIT_R.read_addr_inst/USE_R_CHANNEL.cmd_queue/inst/fifo_gen_inst/inst_fifo_gen/gconvfifo.rf/grf.rf/gntv_or_sync_fifo.gl0.rd/gr1.gr1_int.rfwft/empty_fwft_i_reg) that has an active asychronous set or reset. This may cause corruption of the memory contents and/or read values when the set/reset is asserted and is not analyzed by the default static timing analysis. It is suggested to eliminate the use of a set/reset to registers driving this RAMB pin or else use a synchronous reset in which the assertion of the reset is timed by default.
WARNING: [DRC REQP-1839] RAMB36 async control check: The RAMB36E1 Soc_Tracking_i/DMA24bUnit_mm2s_0/U0/gmem_m_axi_U/bus_read/fifo_rdata/mem_reg_0 has an input control pin Soc_Tracking_i/DMA24bUnit_mm2s_0/U0/gmem_m_axi_U/bus_read/fifo_rdata/mem_reg_0/WEA[1] (net: Soc_Tracking_i/DMA24bUnit_mm2s_0/U0/gmem_m_axi_U/bus_read/fifo_rdata/m_axi_gmem_RVALID) which is driven by a register (Soc_Tracking_i/axi_mem_intercon/s00_couplers/auto_ds/inst/gen_downsizer.gen_cascaded_downsizer.first_downsizer_inst/USE_READ.read_addr_inst/cmd_queue/inst/fifo_gen_inst/inst_fifo_gen/gconvfifo.rf/grf.rf/gntv_or_sync_fifo.gl0.rd/gr1.gr1_int.rfwft/empty_fwft_i_reg) that has an active asychronous set or reset. This may cause corruption of the memory contents and/or read values when the set/reset is asserted and is not analyzed by the default static timing analysis. It is suggested to eliminate the use of a set/reset to registers driving this RAMB pin or else use a synchronous reset in which the assertion of the reset is timed by default.
WARNING: [DRC REQP-1839] RAMB36 async control check: The RAMB36E1 Soc_Tracking_i/DMA24bUnit_mm2s_0/U0/gmem_m_axi_U/bus_read/fifo_rdata/mem_reg_0 has an input control pin Soc_Tracking_i/DMA24bUnit_mm2s_0/U0/gmem_m_axi_U/bus_read/fifo_rdata/mem_reg_0/WEA[1] (net: Soc_Tracking_i/DMA24bUnit_mm2s_0/U0/gmem_m_axi_U/bus_read/fifo_rdata/m_axi_gmem_RVALID) which is driven by a register (Soc_Tracking_i/axi_mem_intercon/s00_couplers/auto_ds/inst/gen_downsizer.gen_cascaded_downsizer.gen_axi3_conv.axi3_conv_inst/gen_axi4_axi3.axi3_conv_inst/USE_READ.USE_SPLIT_R.read_addr_inst/USE_R_CHANNEL.cmd_queue/inst/fifo_gen_inst/inst_fifo_gen/gconvfifo.rf/grf.rf/gntv_or_sync_fifo.gl0.rd/gr1.gr1_int.rfwft/empty_fwft_i_reg) that has an active asychronous set or reset. This may cause corruption of the memory contents and/or read values when the set/reset is asserted and is not analyzed by the default static timing analysis. It is suggested to eliminate the use of a set/reset to registers driving this RAMB pin or else use a synchronous reset in which the assertion of the reset is timed by default.
WARNING: [DRC REQP-1839] RAMB36 async control check: The RAMB36E1 Soc_Tracking_i/DMA24bUnit_mm2s_0/U0/gmem_m_axi_U/bus_read/fifo_rdata/mem_reg_0 has an input control pin Soc_Tracking_i/DMA24bUnit_mm2s_0/U0/gmem_m_axi_U/bus_read/fifo_rdata/mem_reg_0/WEA[2] (net: Soc_Tracking_i/DMA24bUnit_mm2s_0/U0/gmem_m_axi_U/bus_read/fifo_rdata/m_axi_gmem_RVALID) which is driven by a register (Soc_Tracking_i/axi_mem_intercon/s00_couplers/auto_ds/inst/gen_downsizer.gen_cascaded_downsizer.first_downsizer_inst/USE_READ.read_addr_inst/cmd_queue/inst/fifo_gen_inst/inst_fifo_gen/gconvfifo.rf/grf.rf/gntv_or_sync_fifo.gl0.rd/gr1.gr1_int.rfwft/empty_fwft_i_reg) that has an active asychronous set or reset. This may cause corruption of the memory contents and/or read values when the set/reset is asserted and is not analyzed by the default static timing analysis. It is suggested to eliminate the use of a set/reset to registers driving this RAMB pin or else use a synchronous reset in which the assertion of the reset is timed by default.
WARNING: [DRC REQP-1839] RAMB36 async control check: The RAMB36E1 Soc_Tracking_i/DMA24bUnit_mm2s_0/U0/gmem_m_axi_U/bus_read/fifo_rdata/mem_reg_0 has an input control pin Soc_Tracking_i/DMA24bUnit_mm2s_0/U0/gmem_m_axi_U/bus_read/fifo_rdata/mem_reg_0/WEA[2] (net: Soc_Tracking_i/DMA24bUnit_mm2s_0/U0/gmem_m_axi_U/bus_read/fifo_rdata/m_axi_gmem_RVALID) which is driven by a register (Soc_Tracking_i/axi_mem_intercon/s00_couplers/auto_ds/inst/gen_downsizer.gen_cascaded_downsizer.gen_axi3_conv.axi3_conv_inst/gen_axi4_axi3.axi3_conv_inst/USE_READ.USE_SPLIT_R.read_addr_inst/USE_R_CHANNEL.cmd_queue/inst/fifo_gen_inst/inst_fifo_gen/gconvfifo.rf/grf.rf/gntv_or_sync_fifo.gl0.rd/gr1.gr1_int.rfwft/empty_fwft_i_reg) that has an active asychronous set or reset. This may cause corruption of the memory contents and/or read values when the set/reset is asserted and is not analyzed by the default static timing analysis. It is suggested to eliminate the use of a set/reset to registers driving this RAMB pin or else use a synchronous reset in which the assertion of the reset is timed by default.
WARNING: [DRC REQP-1839] RAMB36 async control check: The RAMB36E1 Soc_Tracking_i/DMA24bUnit_mm2s_0/U0/gmem_m_axi_U/bus_read/fifo_rdata/mem_reg_0 has an input control pin Soc_Tracking_i/DMA24bUnit_mm2s_0/U0/gmem_m_axi_U/bus_read/fifo_rdata/mem_reg_0/WEA[3] (net: Soc_Tracking_i/DMA24bUnit_mm2s_0/U0/gmem_m_axi_U/bus_read/fifo_rdata/m_axi_gmem_RVALID) which is driven by a register (Soc_Tracking_i/axi_mem_intercon/s00_couplers/auto_ds/inst/gen_downsizer.gen_cascaded_downsizer.first_downsizer_inst/USE_READ.read_addr_inst/cmd_queue/inst/fifo_gen_inst/inst_fifo_gen/gconvfifo.rf/grf.rf/gntv_or_sync_fifo.gl0.rd/gr1.gr1_int.rfwft/empty_fwft_i_reg) that has an active asychronous set or reset. This may cause corruption of the memory contents and/or read values when the set/reset is asserted and is not analyzed by the default static timing analysis. It is suggested to eliminate the use of a set/reset to registers driving this RAMB pin or else use a synchronous reset in which the assertion of the reset is timed by default.
WARNING: [DRC REQP-1839] RAMB36 async control check: The RAMB36E1 Soc_Tracking_i/DMA24bUnit_mm2s_0/U0/gmem_m_axi_U/bus_read/fifo_rdata/mem_reg_0 has an input control pin Soc_Tracking_i/DMA24bUnit_mm2s_0/U0/gmem_m_axi_U/bus_read/fifo_rdata/mem_reg_0/WEA[3] (net: Soc_Tracking_i/DMA24bUnit_mm2s_0/U0/gmem_m_axi_U/bus_read/fifo_rdata/m_axi_gmem_RVALID) which is driven by a register (Soc_Tracking_i/axi_mem_intercon/s00_couplers/auto_ds/inst/gen_downsizer.gen_cascaded_downsizer.gen_axi3_conv.axi3_conv_inst/gen_axi4_axi3.axi3_conv_inst/USE_READ.USE_SPLIT_R.read_addr_inst/USE_R_CHANNEL.cmd_queue/inst/fifo_gen_inst/inst_fifo_gen/gconvfifo.rf/grf.rf/gntv_or_sync_fifo.gl0.rd/gr1.gr1_int.rfwft/empty_fwft_i_reg) that has an active asychronous set or reset. This may cause corruption of the memory contents and/or read values when the set/reset is asserted and is not analyzed by the default static timing analysis. It is suggested to eliminate the use of a set/reset to registers driving this RAMB pin or else use a synchronous reset in which the assertion of the reset is timed by default.
WARNING: [DRC REQP-1839] RAMB36 async control check: The RAMB36E1 Soc_Tracking_i/DMA24bUnit_mm2s_0/U0/gmem_m_axi_U/bus_read/fifo_rdata/mem_reg_1 has an input control pin Soc_Tracking_i/DMA24bUnit_mm2s_0/U0/gmem_m_axi_U/bus_read/fifo_rdata/mem_reg_1/WEA[0] (net: Soc_Tracking_i/DMA24bUnit_mm2s_0/U0/gmem_m_axi_U/bus_read/fifo_rdata/m_axi_gmem_RVALID) which is driven by a register (Soc_Tracking_i/axi_mem_intercon/s00_couplers/auto_ds/inst/gen_downsizer.gen_cascaded_downsizer.first_downsizer_inst/USE_READ.read_addr_inst/cmd_queue/inst/fifo_gen_inst/inst_fifo_gen/gconvfifo.rf/grf.rf/gntv_or_sync_fifo.gl0.rd/gr1.gr1_int.rfwft/empty_fwft_i_reg) that has an active asychronous set or reset. This may cause corruption of the memory contents and/or read values when the set/reset is asserted and is not analyzed by the default static timing analysis. It is suggested to eliminate the use of a set/reset to registers driving this RAMB pin or else use a synchronous reset in which the assertion of the reset is timed by default.
WARNING: [DRC REQP-1839] RAMB36 async control check: The RAMB36E1 Soc_Tracking_i/DMA24bUnit_mm2s_0/U0/gmem_m_axi_U/bus_read/fifo_rdata/mem_reg_1 has an input control pin Soc_Tracking_i/DMA24bUnit_mm2s_0/U0/gmem_m_axi_U/bus_read/fifo_rdata/mem_reg_1/WEA[0] (net: Soc_Tracking_i/DMA24bUnit_mm2s_0/U0/gmem_m_axi_U/bus_read/fifo_rdata/m_axi_gmem_RVALID) which is driven by a register (Soc_Tracking_i/axi_mem_intercon/s00_couplers/auto_ds/inst/gen_downsizer.gen_cascaded_downsizer.gen_axi3_conv.axi3_conv_inst/gen_axi4_axi3.axi3_conv_inst/USE_READ.USE_SPLIT_R.read_addr_inst/USE_R_CHANNEL.cmd_queue/inst/fifo_gen_inst/inst_fifo_gen/gconvfifo.rf/grf.rf/gntv_or_sync_fifo.gl0.rd/gr1.gr1_int.rfwft/empty_fwft_i_reg) that has an active asychronous set or reset. This may cause corruption of the memory contents and/or read values when the set/reset is asserted and is not analyzed by the default static timing analysis. It is suggested to eliminate the use of a set/reset to registers driving this RAMB pin or else use a synchronous reset in which the assertion of the reset is timed by default.
WARNING: [DRC REQP-1839] RAMB36 async control check: The RAMB36E1 Soc_Tracking_i/DMA24bUnit_mm2s_0/U0/gmem_m_axi_U/bus_read/fifo_rdata/mem_reg_1 has an input control pin Soc_Tracking_i/DMA24bUnit_mm2s_0/U0/gmem_m_axi_U/bus_read/fifo_rdata/mem_reg_1/WEA[1] (net: Soc_Tracking_i/DMA24bUnit_mm2s_0/U0/gmem_m_axi_U/bus_read/fifo_rdata/m_axi_gmem_RVALID) which is driven by a register (Soc_Tracking_i/axi_mem_intercon/s00_couplers/auto_ds/inst/gen_downsizer.gen_cascaded_downsizer.first_downsizer_inst/USE_READ.read_addr_inst/cmd_queue/inst/fifo_gen_inst/inst_fifo_gen/gconvfifo.rf/grf.rf/gntv_or_sync_fifo.gl0.rd/gr1.gr1_int.rfwft/empty_fwft_i_reg) that has an active asychronous set or reset. This may cause corruption of the memory contents and/or read values when the set/reset is asserted and is not analyzed by the default static timing analysis. It is suggested to eliminate the use of a set/reset to registers driving this RAMB pin or else use a synchronous reset in which the assertion of the reset is timed by default.
WARNING: [DRC REQP-1839] RAMB36 async control check: The RAMB36E1 Soc_Tracking_i/DMA24bUnit_mm2s_0/U0/gmem_m_axi_U/bus_read/fifo_rdata/mem_reg_1 has an input control pin Soc_Tracking_i/DMA24bUnit_mm2s_0/U0/gmem_m_axi_U/bus_read/fifo_rdata/mem_reg_1/WEA[1] (net: Soc_Tracking_i/DMA24bUnit_mm2s_0/U0/gmem_m_axi_U/bus_read/fifo_rdata/m_axi_gmem_RVALID) which is driven by a register (Soc_Tracking_i/axi_mem_intercon/s00_couplers/auto_ds/inst/gen_downsizer.gen_cascaded_downsizer.gen_axi3_conv.axi3_conv_inst/gen_axi4_axi3.axi3_conv_inst/USE_READ.USE_SPLIT_R.read_addr_inst/USE_R_CHANNEL.cmd_queue/inst/fifo_gen_inst/inst_fifo_gen/gconvfifo.rf/grf.rf/gntv_or_sync_fifo.gl0.rd/gr1.gr1_int.rfwft/empty_fwft_i_reg) that has an active asychronous set or reset. This may cause corruption of the memory contents and/or read values when the set/reset is asserted and is not analyzed by the default static timing analysis. It is suggested to eliminate the use of a set/reset to registers driving this RAMB pin or else use a synchronous reset in which the assertion of the reset is timed by default.
WARNING: [DRC REQP-1839] RAMB36 async control check: The RAMB36E1 Soc_Tracking_i/DMA24bUnit_mm2s_0/U0/gmem_m_axi_U/bus_read/fifo_rdata/mem_reg_1 has an input control pin Soc_Tracking_i/DMA24bUnit_mm2s_0/U0/gmem_m_axi_U/bus_read/fifo_rdata/mem_reg_1/WEA[2] (net: Soc_Tracking_i/DMA24bUnit_mm2s_0/U0/gmem_m_axi_U/bus_read/fifo_rdata/m_axi_gmem_RVALID) which is driven by a register (Soc_Tracking_i/axi_mem_intercon/s00_couplers/auto_ds/inst/gen_downsizer.gen_cascaded_downsizer.first_downsizer_inst/USE_READ.read_addr_inst/cmd_queue/inst/fifo_gen_inst/inst_fifo_gen/gconvfifo.rf/grf.rf/gntv_or_sync_fifo.gl0.rd/gr1.gr1_int.rfwft/empty_fwft_i_reg) that has an active asychronous set or reset. This may cause corruption of the memory contents and/or read values when the set/reset is asserted and is not analyzed by the default static timing analysis. It is suggested to eliminate the use of a set/reset to registers driving this RAMB pin or else use a synchronous reset in which the assertion of the reset is timed by default.
WARNING: [DRC REQP-1839] RAMB36 async control check: The RAMB36E1 Soc_Tracking_i/DMA24bUnit_mm2s_0/U0/gmem_m_axi_U/bus_read/fifo_rdata/mem_reg_1 has an input control pin Soc_Tracking_i/DMA24bUnit_mm2s_0/U0/gmem_m_axi_U/bus_read/fifo_rdata/mem_reg_1/WEA[2] (net: Soc_Tracking_i/DMA24bUnit_mm2s_0/U0/gmem_m_axi_U/bus_read/fifo_rdata/m_axi_gmem_RVALID) which is driven by a register (Soc_Tracking_i/axi_mem_intercon/s00_couplers/auto_ds/inst/gen_downsizer.gen_cascaded_downsizer.gen_axi3_conv.axi3_conv_inst/gen_axi4_axi3.axi3_conv_inst/USE_READ.USE_SPLIT_R.read_addr_inst/USE_R_CHANNEL.cmd_queue/inst/fifo_gen_inst/inst_fifo_gen/gconvfifo.rf/grf.rf/gntv_or_sync_fifo.gl0.rd/gr1.gr1_int.rfwft/empty_fwft_i_reg) that has an active asychronous set or reset. This may cause corruption of the memory contents and/or read values when the set/reset is asserted and is not analyzed by the default static timing analysis. It is suggested to eliminate the use of a set/reset to registers driving this RAMB pin or else use a synchronous reset in which the assertion of the reset is timed by default.
WARNING: [DRC REQP-1839] RAMB36 async control check: The RAMB36E1 Soc_Tracking_i/DMA24bUnit_mm2s_0/U0/gmem_m_axi_U/bus_read/fifo_rdata/mem_reg_1 has an input control pin Soc_Tracking_i/DMA24bUnit_mm2s_0/U0/gmem_m_axi_U/bus_read/fifo_rdata/mem_reg_1/WEA[3] (net: Soc_Tracking_i/DMA24bUnit_mm2s_0/U0/gmem_m_axi_U/bus_read/fifo_rdata/m_axi_gmem_RVALID) which is driven by a register (Soc_Tracking_i/axi_mem_intercon/s00_couplers/auto_ds/inst/gen_downsizer.gen_cascaded_downsizer.first_downsizer_inst/USE_READ.read_addr_inst/cmd_queue/inst/fifo_gen_inst/inst_fifo_gen/gconvfifo.rf/grf.rf/gntv_or_sync_fifo.gl0.rd/gr1.gr1_int.rfwft/empty_fwft_i_reg) that has an active asychronous set or reset. This may cause corruption of the memory contents and/or read values when the set/reset is asserted and is not analyzed by the default static timing analysis. It is suggested to eliminate the use of a set/reset to registers driving this RAMB pin or else use a synchronous reset in which the assertion of the reset is timed by default.
WARNING: [DRC REQP-1839] RAMB36 async control check: The RAMB36E1 Soc_Tracking_i/DMA24bUnit_mm2s_0/U0/gmem_m_axi_U/bus_read/fifo_rdata/mem_reg_1 has an input control pin Soc_Tracking_i/DMA24bUnit_mm2s_0/U0/gmem_m_axi_U/bus_read/fifo_rdata/mem_reg_1/WEA[3] (net: Soc_Tracking_i/DMA24bUnit_mm2s_0/U0/gmem_m_axi_U/bus_read/fifo_rdata/m_axi_gmem_RVALID) which is driven by a register (Soc_Tracking_i/axi_mem_intercon/s00_couplers/auto_ds/inst/gen_downsizer.gen_cascaded_downsizer.gen_axi3_conv.axi3_conv_inst/gen_axi4_axi3.axi3_conv_inst/USE_READ.USE_SPLIT_R.read_addr_inst/USE_R_CHANNEL.cmd_queue/inst/fifo_gen_inst/inst_fifo_gen/gconvfifo.rf/grf.rf/gntv_or_sync_fifo.gl0.rd/gr1.gr1_int.rfwft/empty_fwft_i_reg) that has an active asychronous set or reset. This may cause corruption of the memory contents and/or read values when the set/reset is asserted and is not analyzed by the default static timing analysis. It is suggested to eliminate the use of a set/reset to registers driving this RAMB pin or else use a synchronous reset in which the assertion of the reset is timed by default.
WARNING: [DRC REQP-1839] RAMB36 async control check: The RAMB36E1 Soc_Tracking_i/DMA24bUnit_mm2s_0/U0/gmem_m_axi_U/bus_read/fifo_rdata/mem_reg_2 has an input control pin Soc_Tracking_i/DMA24bUnit_mm2s_0/U0/gmem_m_axi_U/bus_read/fifo_rdata/mem_reg_2/WEA[2] (net: Soc_Tracking_i/DMA24bUnit_mm2s_0/U0/gmem_m_axi_U/bus_read/fifo_rdata/m_axi_gmem_RVALID) which is driven by a register (Soc_Tracking_i/axi_mem_intercon/s00_couplers/auto_ds/inst/gen_downsizer.gen_cascaded_downsizer.first_downsizer_inst/USE_READ.read_addr_inst/cmd_queue/inst/fifo_gen_inst/inst_fifo_gen/gconvfifo.rf/grf.rf/gntv_or_sync_fifo.gl0.rd/gr1.gr1_int.rfwft/empty_fwft_i_reg) that has an active asychronous set or reset. This may cause corruption of the memory contents and/or read values when the set/reset is asserted and is not analyzed by the default static timing analysis. It is suggested to eliminate the use of a set/reset to registers driving this RAMB pin or else use a synchronous reset in which the assertion of the reset is timed by default.
WARNING: [DRC REQP-1839] RAMB36 async control check: The RAMB36E1 Soc_Tracking_i/DMA24bUnit_mm2s_0/U0/gmem_m_axi_U/bus_read/fifo_rdata/mem_reg_2 has an input control pin Soc_Tracking_i/DMA24bUnit_mm2s_0/U0/gmem_m_axi_U/bus_read/fifo_rdata/mem_reg_2/WEA[2] (net: Soc_Tracking_i/DMA24bUnit_mm2s_0/U0/gmem_m_axi_U/bus_read/fifo_rdata/m_axi_gmem_RVALID) which is driven by a register (Soc_Tracking_i/axi_mem_intercon/s00_couplers/auto_ds/inst/gen_downsizer.gen_cascaded_downsizer.gen_axi3_conv.axi3_conv_inst/gen_axi4_axi3.axi3_conv_inst/USE_READ.USE_SPLIT_R.read_addr_inst/USE_R_CHANNEL.cmd_queue/inst/fifo_gen_inst/inst_fifo_gen/gconvfifo.rf/grf.rf/gntv_or_sync_fifo.gl0.rd/gr1.gr1_int.rfwft/empty_fwft_i_reg) that has an active asychronous set or reset. This may cause corruption of the memory contents and/or read values when the set/reset is asserted and is not analyzed by the default static timing analysis. It is suggested to eliminate the use of a set/reset to registers driving this RAMB pin or else use a synchronous reset in which the assertion of the reset is timed by default.
WARNING: [DRC REQP-1839] RAMB36 async control check: The RAMB36E1 Soc_Tracking_i/DMA24bUnit_mm2s_0/U0/gmem_m_axi_U/bus_read/fifo_rdata/mem_reg_2 has an input control pin Soc_Tracking_i/DMA24bUnit_mm2s_0/U0/gmem_m_axi_U/bus_read/fifo_rdata/mem_reg_2/WEA[3] (net: Soc_Tracking_i/DMA24bUnit_mm2s_0/U0/gmem_m_axi_U/bus_read/fifo_rdata/m_axi_gmem_RVALID) which is driven by a register (Soc_Tracking_i/axi_mem_intercon/s00_couplers/auto_ds/inst/gen_downsizer.gen_cascaded_downsizer.first_downsizer_inst/USE_READ.read_addr_inst/cmd_queue/inst/fifo_gen_inst/inst_fifo_gen/gconvfifo.rf/grf.rf/gntv_or_sync_fifo.gl0.rd/gr1.gr1_int.rfwft/empty_fwft_i_reg) that has an active asychronous set or reset. This may cause corruption of the memory contents and/or read values when the set/reset is asserted and is not analyzed by the default static timing analysis. It is suggested to eliminate the use of a set/reset to registers driving this RAMB pin or else use a synchronous reset in which the assertion of the reset is timed by default.
WARNING: [DRC REQP-1839] RAMB36 async control check: The RAMB36E1 Soc_Tracking_i/DMA24bUnit_mm2s_0/U0/gmem_m_axi_U/bus_read/fifo_rdata/mem_reg_2 has an input control pin Soc_Tracking_i/DMA24bUnit_mm2s_0/U0/gmem_m_axi_U/bus_read/fifo_rdata/mem_reg_2/WEA[3] (net: Soc_Tracking_i/DMA24bUnit_mm2s_0/U0/gmem_m_axi_U/bus_read/fifo_rdata/m_axi_gmem_RVALID) which is driven by a register (Soc_Tracking_i/axi_mem_intercon/s00_couplers/auto_ds/inst/gen_downsizer.gen_cascaded_downsizer.gen_axi3_conv.axi3_conv_inst/gen_axi4_axi3.axi3_conv_inst/USE_READ.USE_SPLIT_R.read_addr_inst/USE_R_CHANNEL.cmd_queue/inst/fifo_gen_inst/inst_fifo_gen/gconvfifo.rf/grf.rf/gntv_or_sync_fifo.gl0.rd/gr1.gr1_int.rfwft/empty_fwft_i_reg) that has an active asychronous set or reset. This may cause corruption of the memory contents and/or read values when the set/reset is asserted and is not analyzed by the default static timing analysis. It is suggested to eliminate the use of a set/reset to registers driving this RAMB pin or else use a synchronous reset in which the assertion of the reset is timed by default.
INFO: [Vivado_Tcl 4-198] DRC finished with 0 Errors, 21 Warnings
INFO: [Vivado_Tcl 4-199] Please refer to the DRC report (report_drc) for more information.

Starting Placer Task
INFO: [Place 30-611] Multithreading enabled for place_design using a maximum of 2 CPUs

Phase 1 Placer Initialization

Phase 1.1 Placer Initialization Netlist Sorting
Netlist sorting complete. Time (s): cpu = 00:00:00 ; elapsed = 00:00:00.006 . Memory (MB): peak = 1882.176 ; gain = 0.000
Phase 1.1 Placer Initialization Netlist Sorting | Checksum: 1132f7d28

Time (s): cpu = 00:00:00 ; elapsed = 00:00:00.023 . Memory (MB): peak = 1882.176 ; gain = 0.000
Netlist sorting complete. Time (s): cpu = 00:00:00 ; elapsed = 00:00:00.006 . Memory (MB): peak = 1882.176 ; gain = 0.000

Phase 1.2 IO Placement/ Clock Placement/ Build Placer Device
Phase 1.2 IO Placement/ Clock Placement/ Build Placer Device | Checksum: aa02bdc5

Time (s): cpu = 00:00:01 ; elapsed = 00:00:00.952 . Memory (MB): peak = 1882.176 ; gain = 0.000

Phase 1.3 Build Placer Netlist Model
Phase 1.3 Build Placer Netlist Model | Checksum: 1efa571c5

Time (s): cpu = 00:00:03 ; elapsed = 00:00:03 . Memory (MB): peak = 1882.176 ; gain = 0.000

Phase 1.4 Constrain Clocks/Macros
Phase 1.4 Constrain Clocks/Macros | Checksum: 1efa571c5

Time (s): cpu = 00:00:03 ; elapsed = 00:00:03 . Memory (MB): peak = 1882.176 ; gain = 0.000
Phase 1 Placer Initialization | Checksum: 1efa571c5

Time (s): cpu = 00:00:03 ; elapsed = 00:00:03 . Memory (MB): peak = 1882.176 ; gain = 0.000

Phase 2 Global Placement

Phase 2.1 Floorplanning
Phase 2.1 Floorplanning | Checksum: 1b379db89

Time (s): cpu = 00:00:04 ; elapsed = 00:00:03 . Memory (MB): peak = 1882.176 ; gain = 0.000

Phase 2.2 Update Timing before SLR Path Opt
Phase 2.2 Update Timing before SLR Path Opt | Checksum: 10d3ca931

Time (s): cpu = 00:00:05 ; elapsed = 00:00:04 . Memory (MB): peak = 1882.176 ; gain = 0.000

Phase 2.3 Global Placement Core

Phase 2.3.1 Physical Synthesis In Placer
INFO: [Physopt 32-1035] Found 0 LUTNM shape to break, 309 LUT instances to create LUTNM shape
INFO: [Physopt 32-1044] Break lutnm for timing: one critical 0, two critical 0, total 0, new lutff created 0
INFO: [Physopt 32-775] End 1 Pass. Optimized 143 nets or cells. Created 0 new cell, deleted 143 existing cells and moved 0 existing cell
INFO: [Physopt 32-65] No nets found for high-fanout optimization.
INFO: [Physopt 32-232] Optimized 0 net. Created 0 new instance.
INFO: [Physopt 32-775] End 1 Pass. Optimized 0 net or cell. Created 0 new cell, deleted 0 existing cell and moved 0 existing cell
INFO: [Physopt 32-456] No candidate cells for DSP register optimization found in the design.
INFO: [Physopt 32-775] End 2 Pass. Optimized 0 net or cell. Created 0 new cell, deleted 0 existing cell and moved 0 existing cell
INFO: [Physopt 32-1123] No candidate cells found for Shift Register to Pipeline optimization
INFO: [Physopt 32-775] End 1 Pass. Optimized 0 net or cell. Created 0 new cell, deleted 0 existing cell and moved 0 existing cell
INFO: [Physopt 32-677] No candidate cells for Shift Register optimization found in the design
INFO: [Physopt 32-775] End 1 Pass. Optimized 0 net or cell. Created 0 new cell, deleted 0 existing cell and moved 0 existing cell
INFO: [Physopt 32-526] No candidate cells for BRAM register optimization found in the design
INFO: [Physopt 32-775] End 1 Pass. Optimized 0 net or cell. Created 0 new cell, deleted 0 existing cell and moved 0 existing cell
INFO: [Physopt 32-846] No candidate cells for URAM register optimization found in the design
INFO: [Physopt 32-775] End 2 Pass. Optimized 0 net or cell. Created 0 new cell, deleted 0 existing cell and moved 0 existing cell
INFO: [Physopt 32-949] No candidate nets found for dynamic/static region interface net replication
INFO: [Physopt 32-775] End 1 Pass. Optimized 0 net or cell. Created 0 new cell, deleted 0 existing cell and moved 0 existing cell
Netlist sorting complete. Time (s): cpu = 00:00:00 ; elapsed = 00:00:00.006 . Memory (MB): peak = 1882.176 ; gain = 0.000

Summary of Physical Synthesis Optimizations
============================================


-----------------------------------------------------------------------------------------------------------------------------------------------------------
|  Optimization                                     |  Added Cells  |  Removed Cells  |  Optimized Cells/Nets  |  Dont Touch  |  Iterations  |  Elapsed   |
-----------------------------------------------------------------------------------------------------------------------------------------------------------
|  LUT Combining                                    |            0  |            143  |                   143  |           0  |           1  |  00:00:00  |
|  Very High Fanout                                 |            0  |              0  |                     0  |           0  |           1  |  00:00:00  |
|  DSP Register                                     |            0  |              0  |                     0  |           0  |           1  |  00:00:00  |
|  Shift Register to Pipeline                       |            0  |              0  |                     0  |           0  |           1  |  00:00:00  |
|  Shift Register                                   |            0  |              0  |                     0  |           0  |           1  |  00:00:00  |
|  BRAM Register                                    |            0  |              0  |                     0  |           0  |           1  |  00:00:00  |
|  URAM Register                                    |            0  |              0  |                     0  |           0  |           1  |  00:00:00  |
|  Dynamic/Static Region Interface Net Replication  |            0  |              0  |                     0  |           0  |           1  |  00:00:00  |
|  Total                                            |            0  |            143  |                   143  |           0  |           8  |  00:00:00  |
-----------------------------------------------------------------------------------------------------------------------------------------------------------


Phase 2.3.1 Physical Synthesis In Placer | Checksum: 1b11faa5b

Time (s): cpu = 00:00:14 ; elapsed = 00:00:09 . Memory (MB): peak = 1882.176 ; gain = 0.000
Phase 2.3 Global Placement Core | Checksum: 1de0ff5de

Time (s): cpu = 00:00:14 ; elapsed = 00:00:10 . Memory (MB): peak = 1882.176 ; gain = 0.000
Phase 2 Global Placement | Checksum: 1de0ff5de

Time (s): cpu = 00:00:14 ; elapsed = 00:00:10 . Memory (MB): peak = 1882.176 ; gain = 0.000

Phase 3 Detail Placement

Phase 3.1 Commit Multi Column Macros
Phase 3.1 Commit Multi Column Macros | Checksum: 1c0ef0ea9

Time (s): cpu = 00:00:15 ; elapsed = 00:00:10 . Memory (MB): peak = 1882.176 ; gain = 0.000

Phase 3.2 Commit Most Macros & LUTRAMs
Phase 3.2 Commit Most Macros & LUTRAMs | Checksum: 13a160cc4

Time (s): cpu = 00:00:16 ; elapsed = 00:00:11 . Memory (MB): peak = 1882.176 ; gain = 0.000

Phase 3.3 Area Swap Optimization
Phase 3.3 Area Swap Optimization | Checksum: 1130f1575

Time (s): cpu = 00:00:16 ; elapsed = 00:00:11 . Memory (MB): peak = 1882.176 ; gain = 0.000

Phase 3.4 Pipeline Register Optimization
Phase 3.4 Pipeline Register Optimization | Checksum: 1177fe11f

Time (s): cpu = 00:00:16 ; elapsed = 00:00:11 . Memory (MB): peak = 1882.176 ; gain = 0.000

Phase 3.5 Fast Optimization
Phase 3.5 Fast Optimization | Checksum: 12dbd137d

Time (s): cpu = 00:00:18 ; elapsed = 00:00:12 . Memory (MB): peak = 1882.176 ; gain = 0.000

Phase 3.6 Small Shape Detail Placement
Phase 3.6 Small Shape Detail Placement | Checksum: 13e269bbe

Time (s): cpu = 00:00:20 ; elapsed = 00:00:15 . Memory (MB): peak = 1882.176 ; gain = 0.000

Phase 3.7 Re-assign LUT pins
Phase 3.7 Re-assign LUT pins | Checksum: 13d64cad7

Time (s): cpu = 00:00:21 ; elapsed = 00:00:15 . Memory (MB): peak = 1882.176 ; gain = 0.000

Phase 3.8 Pipeline Register Optimization
Phase 3.8 Pipeline Register Optimization | Checksum: b296156d

Time (s): cpu = 00:00:21 ; elapsed = 00:00:15 . Memory (MB): peak = 1882.176 ; gain = 0.000

Phase 3.9 Fast Optimization
Phase 3.9 Fast Optimization | Checksum: e39f2aff

Time (s): cpu = 00:00:24 ; elapsed = 00:00:17 . Memory (MB): peak = 1882.176 ; gain = 0.000
Phase 3 Detail Placement | Checksum: e39f2aff

Time (s): cpu = 00:00:24 ; elapsed = 00:00:17 . Memory (MB): peak = 1882.176 ; gain = 0.000

Phase 4 Post Placement Optimization and Clean-Up

Phase 4.1 Post Commit Optimization
INFO: [Timing 38-35] Done setting XDC timing constraints.

Phase 4.1.1 Post Placement Optimization
Post Placement Optimization Initialization | Checksum: 5e07de9b

Phase 4.1.1.1 BUFG Insertion

Starting Physical Synthesis Task

Phase 1 Physical Synthesis Initialization
INFO: [Physopt 32-721] Multithreading enabled for phys_opt_design using a maximum of 2 CPUs
INFO: [Physopt 32-619] Estimated Timing Summary | WNS=-1.349 | TNS=-4.705 |
Phase 1 Physical Synthesis Initialization | Checksum: 95ef87e0

Time (s): cpu = 00:00:01 ; elapsed = 00:00:00.318 . Memory (MB): peak = 1882.176 ; gain = 0.000
INFO: [Place 46-56] BUFG insertion identified 0 candidate nets. Inserted BUFG: 0, Replicated BUFG Driver: 0, Skipped due to Placement/Routing Conflicts: 0, Skipped due to Timing Degradation: 0, Skipped due to Illegal Netlist: 0.
Ending Physical Synthesis Task | Checksum: 7cd1c628

Time (s): cpu = 00:00:01 ; elapsed = 00:00:00.347 . Memory (MB): peak = 1882.176 ; gain = 0.000
Phase 4.1.1.1 BUFG Insertion | Checksum: 5e07de9b

Time (s): cpu = 00:00:27 ; elapsed = 00:00:19 . Memory (MB): peak = 1882.176 ; gain = 0.000
INFO: [Place 30-746] Post Placement Timing Summary WNS=-0.096. For the most accurate timing information please run report_timing.

Time (s): cpu = 00:00:32 ; elapsed = 00:00:25 . Memory (MB): peak = 1882.176 ; gain = 0.000
Phase 4.1 Post Commit Optimization | Checksum: 1628abb3e

Time (s): cpu = 00:00:32 ; elapsed = 00:00:25 . Memory (MB): peak = 1882.176 ; gain = 0.000

Phase 4.2 Post Placement Cleanup
Phase 4.2 Post Placement Cleanup | Checksum: 1628abb3e

Time (s): cpu = 00:00:33 ; elapsed = 00:00:25 . Memory (MB): peak = 1882.176 ; gain = 0.000

Phase 4.3 Placer Reporting

Phase 4.3.1 Print Estimated Congestion
INFO: [Place 30-612] Post-Placement Estimated Congestion 
 ____________________________________________________
|           | Global Congestion | Short Congestion  |
| Direction | Region Size       | Region Size       |
|___________|___________________|___________________|
|      North|                1x1|                2x2|
|___________|___________________|___________________|
|      South|                1x1|                1x1|
|___________|___________________|___________________|
|       East|                1x1|                1x1|
|___________|___________________|___________________|
|       West|                1x1|                1x1|
|___________|___________________|___________________|

Phase 4.3.1 Print Estimated Congestion | Checksum: 1628abb3e

Time (s): cpu = 00:00:33 ; elapsed = 00:00:25 . Memory (MB): peak = 1882.176 ; gain = 0.000
Phase 4.3 Placer Reporting | Checksum: 1628abb3e

Time (s): cpu = 00:00:33 ; elapsed = 00:00:25 . Memory (MB): peak = 1882.176 ; gain = 0.000

Phase 4.4 Final Placement Cleanup
Netlist sorting complete. Time (s): cpu = 00:00:00 ; elapsed = 00:00:00.006 . Memory (MB): peak = 1882.176 ; gain = 0.000

Time (s): cpu = 00:00:33 ; elapsed = 00:00:25 . Memory (MB): peak = 1882.176 ; gain = 0.000
Phase 4 Post Placement Optimization and Clean-Up | Checksum: 1e7362ef4

Time (s): cpu = 00:00:33 ; elapsed = 00:00:26 . Memory (MB): peak = 1882.176 ; gain = 0.000
Ending Placer Task | Checksum: fd497929

Time (s): cpu = 00:00:33 ; elapsed = 00:00:26 . Memory (MB): peak = 1882.176 ; gain = 0.000
INFO: [Common 17-83] Releasing license: Implementation
100 Infos, 24 Warnings, 0 Critical Warnings and 0 Errors encountered.
place_design completed successfully
place_design: Time (s): cpu = 00:00:36 ; elapsed = 00:00:27 . Memory (MB): peak = 1882.176 ; gain = 0.000
INFO: [Timing 38-480] Writing timing data to binary archive.
Writing placer database...
Writing XDEF routing.
Writing XDEF routing logical nets.
Writing XDEF routing special nets.
Write XDEF Complete: Time (s): cpu = 00:00:02 ; elapsed = 00:00:00.838 . Memory (MB): peak = 1882.176 ; gain = 0.000
INFO: [Common 17-1381] The checkpoint 'V:/PL/Soc_Tracking.runs/impl_1/Soc_Tracking_wrapper_placed.dcp' has been generated.
INFO: [runtcl-4] Executing : report_io -file Soc_Tracking_wrapper_io_placed.rpt
report_io: Time (s): cpu = 00:00:00 ; elapsed = 00:00:00.065 . Memory (MB): peak = 1882.176 ; gain = 0.000
INFO: [runtcl-4] Executing : report_utilization -file Soc_Tracking_wrapper_utilization_placed.rpt -pb Soc_Tracking_wrapper_utilization_placed.pb
INFO: [runtcl-4] Executing : report_control_sets -verbose -file Soc_Tracking_wrapper_control_sets_placed.rpt
report_control_sets: Time (s): cpu = 00:00:00 ; elapsed = 00:00:00.034 . Memory (MB): peak = 1882.176 ; gain = 0.000
Command: phys_opt_design
Attempting to get a license for feature 'Implementation' and/or device 'xc7z010'
INFO: [Common 17-349] Got license for feature 'Implementation' and/or device 'xc7z010'
Netlist sorting complete. Time (s): cpu = 00:00:00 ; elapsed = 00:00:00.006 . Memory (MB): peak = 1882.176 ; gain = 0.000

Starting Physical Synthesis Task

Phase 1 Physical Synthesis Initialization
INFO: [Physopt 32-721] Multithreading enabled for phys_opt_design using a maximum of 2 CPUs
INFO: [Physopt 32-619] Estimated Timing Summary | WNS=-0.313 | TNS=-0.548 |
Phase 1 Physical Synthesis Initialization | Checksum: dfe5e34d

Time (s): cpu = 00:00:01 ; elapsed = 00:00:00.658 . Memory (MB): peak = 1882.176 ; gain = 0.000
INFO: [Physopt 32-619] Estimated Timing Summary | WNS=-0.313 | TNS=-0.548 |

Phase 2 DSP Register Optimization
INFO: [Physopt 32-456] No candidate cells for DSP register optimization found in the design.
INFO: [Physopt 32-775] End 2 Pass. Optimized 0 net or cell. Created 0 new cell, deleted 0 existing cell and moved 0 existing cell
Phase 2 DSP Register Optimization | Checksum: dfe5e34d

Time (s): cpu = 00:00:01 ; elapsed = 00:00:00.737 . Memory (MB): peak = 1882.176 ; gain = 0.000

Phase 3 Critical Path Optimization
INFO: [Physopt 32-619] Estimated Timing Summary | WNS=-0.313 | TNS=-0.548 |
INFO: [Physopt 32-702] Processed net Soc_Tracking_i/AXI4S_fifo_buf_sw_G/U0/g_fifo_640.fifo_1/U0/inst_fifo_gen/gconvfifo.rf/gbi.bi/v7_bi_fifo.fblk/gextw[1].gnll_fifo.inst_extd/gonep.inst_prim/full. Optimizations did not improve timing on the net.
INFO: [Physopt 32-702] Processed net Soc_Tracking_i/processing_system7_0/inst/FCLK_CLK_unbuffered[0]. Optimizations did not improve timing on the net.
INFO: [Physopt 32-662] Processed net Soc_Tracking_i/AXI4_Stream_RGB_to_g_0/m00_axis_tdata[1]_INST_0_i_1_n_0.  Did not re-place instance Soc_Tracking_i/AXI4_Stream_RGB_to_g_0/m00_axis_tdata[1]_INST_0_i_1
INFO: [Physopt 32-572] Net Soc_Tracking_i/AXI4_Stream_RGB_to_g_0/m00_axis_tdata[1]_INST_0_i_1_n_0 was not replicated.
Resolution: phys_opt_design can be forced to replicate a net driver using the option -force_replication_on_nets <list of net objects>.
INFO: [Physopt 32-702] Processed net Soc_Tracking_i/AXI4_Stream_RGB_to_g_0/m00_axis_tdata[1]_INST_0_i_1_n_0. Optimizations did not improve timing on the net.
INFO: [Physopt 32-662] Processed net Soc_Tracking_i/AXI4_Stream_RGB_to_g_0/m00_axis_tdata[3]_INST_0_i_1_n_0.  Did not re-place instance Soc_Tracking_i/AXI4_Stream_RGB_to_g_0/m00_axis_tdata[3]_INST_0_i_1
INFO: [Physopt 32-572] Net Soc_Tracking_i/AXI4_Stream_RGB_to_g_0/m00_axis_tdata[3]_INST_0_i_1_n_0 was not replicated.
Resolution: phys_opt_design can be forced to replicate a net driver using the option -force_replication_on_nets <list of net objects>.
INFO: [Physopt 32-702] Processed net Soc_Tracking_i/AXI4_Stream_RGB_to_g_0/m00_axis_tdata[3]_INST_0_i_1_n_0. Optimizations did not improve timing on the net.
INFO: [Physopt 32-662] Processed net Soc_Tracking_i/AXI4_Stream_RGB_to_g_0/m00_axis_tdata[6]_INST_0_i_1_n_0.  Did not re-place instance Soc_Tracking_i/AXI4_Stream_RGB_to_g_0/m00_axis_tdata[6]_INST_0_i_1
INFO: [Physopt 32-735] Processed net Soc_Tracking_i/AXI4_Stream_RGB_to_g_0/m00_axis_tdata[6]_INST_0_i_1_n_0. Optimization improves timing on the net.
INFO: [Physopt 32-619] Estimated Timing Summary | WNS=-0.205 | TNS=-0.265 |
INFO: [Physopt 32-662] Processed net Soc_Tracking_i/AXI4_Stream_RGB_to_g_0/m00_axis_tdata[6]_INST_0_i_1_n_0.  Did not re-place instance Soc_Tracking_i/AXI4_Stream_RGB_to_g_0/m00_axis_tdata[6]_INST_0_i_1
INFO: [Physopt 32-702] Processed net Soc_Tracking_i/AXI4_Stream_RGB_to_g_0/m00_axis_tdata[6]_INST_0_i_1_n_0. Optimizations did not improve timing on the net.
INFO: [Physopt 32-702] Processed net Soc_Tracking_i/AXI4_Stream_RGB_to_g_0/U0/grey1[7]. Optimizations did not improve timing on the net.
INFO: [Physopt 32-702] Processed net Soc_Tracking_i/AXI4_Stream_RGB_to_g_0/U0/data2[4]. Optimizations did not improve timing on the net.
INFO: [Physopt 32-702] Processed net Soc_Tracking_i/AXI4_Stream_RGB_to_g_0/U0/m00_axis_tdata[2]_INST_0_i_6_n_0. Optimizations did not improve timing on the net.
INFO: [Physopt 32-735] Processed net Soc_Tracking_i/AXI4_Stream_RGB_to_g_0/U0/m00_axis_tdata[2]_INST_0_i_18_n_0. Optimization improves timing on the net.
INFO: [Physopt 32-619] Estimated Timing Summary | WNS=-0.067 | TNS=-0.067 |
INFO: [Physopt 32-702] Processed net Soc_Tracking_i/AXI4_Stream_RGB_to_g_0/U0/m00_axis_tdata[2]_INST_0_i_18_n_0. Optimizations did not improve timing on the net.
INFO: [Physopt 32-663] Processed net Soc_Tracking_i/Input_selector_AXI4L_0/U0/m00_axis_tdata[16].  Re-placed instance Soc_Tracking_i/Input_selector_AXI4L_0/U0/m00_axis_tdata[16]_INST_0
INFO: [Physopt 32-735] Processed net Soc_Tracking_i/Input_selector_AXI4L_0/U0/m00_axis_tdata[16]. Optimization improves timing on the net.
INFO: [Physopt 32-619] Estimated Timing Summary | WNS=0.073 | TNS=0.000 |
INFO: [Physopt 32-619] Estimated Timing Summary | WNS=0.073 | TNS=0.000 |
Phase 3 Critical Path Optimization | Checksum: dfe5e34d

Time (s): cpu = 00:00:02 ; elapsed = 00:00:01 . Memory (MB): peak = 1882.176 ; gain = 0.000

Phase 4 Critical Path Optimization
INFO: [Physopt 32-619] Estimated Timing Summary | WNS=0.073 | TNS=0.000 |
INFO: [Physopt 32-619] Estimated Timing Summary | WNS=0.073 | TNS=0.000 |
Phase 4 Critical Path Optimization | Checksum: dfe5e34d

Time (s): cpu = 00:00:02 ; elapsed = 00:00:01 . Memory (MB): peak = 1882.176 ; gain = 0.000
Netlist sorting complete. Time (s): cpu = 00:00:00 ; elapsed = 00:00:00.006 . Memory (MB): peak = 1882.176 ; gain = 0.000
INFO: [Physopt 32-603] Post Physical Optimization Timing Summary | WNS=0.073 | TNS=0.000 |

Summary of Physical Synthesis Optimizations
============================================


-------------------------------------------------------------------------------------------------------------------------------------------------------------
|  Optimization   |  WNS Gain (ns)  |  TNS Gain (ns)  |  Added Cells  |  Removed Cells  |  Optimized Cells/Nets  |  Dont Touch  |  Iterations  |  Elapsed   |
-------------------------------------------------------------------------------------------------------------------------------------------------------------
|  DSP Register   |          0.000  |          0.000  |            0  |              0  |                     0  |           0  |           1  |  00:00:00  |
|  Critical Path  |          0.386  |          0.548  |            0  |              0  |                     3  |           0  |           2  |  00:00:00  |
|  Total          |          0.386  |          0.548  |            0  |              0  |                     3  |           0  |           3  |  00:00:00  |
-------------------------------------------------------------------------------------------------------------------------------------------------------------


Netlist sorting complete. Time (s): cpu = 00:00:00 ; elapsed = 00:00:00.006 . Memory (MB): peak = 1882.176 ; gain = 0.000
Ending Physical Synthesis Task | Checksum: 12408487b

Time (s): cpu = 00:00:02 ; elapsed = 00:00:01 . Memory (MB): peak = 1882.176 ; gain = 0.000
INFO: [Common 17-83] Releasing license: Implementation
139 Infos, 24 Warnings, 0 Critical Warnings and 0 Errors encountered.
phys_opt_design completed successfully
INFO: [Timing 38-480] Writing timing data to binary archive.
Writing placer database...
Writing XDEF routing.
Writing XDEF routing logical nets.
Writing XDEF routing special nets.
Write XDEF Complete: Time (s): cpu = 00:00:03 ; elapsed = 00:00:00.819 . Memory (MB): peak = 1882.176 ; gain = 0.000
INFO: [Common 17-1381] The checkpoint 'V:/PL/Soc_Tracking.runs/impl_1/Soc_Tracking_wrapper_physopt.dcp' has been generated.
Command: route_design
Attempting to get a license for feature 'Implementation' and/or device 'xc7z010'
INFO: [Common 17-349] Got license for feature 'Implementation' and/or device 'xc7z010'
Running DRC as a precondition to command route_design
INFO: [DRC 23-27] Running DRC with 2 threads
INFO: [Vivado_Tcl 4-198] DRC finished with 0 Errors
INFO: [Vivado_Tcl 4-199] Please refer to the DRC report (report_drc) for more information.


Starting Routing Task
INFO: [Route 35-254] Multithreading enabled for route_design using a maximum of 2 CPUs
Checksum: PlaceDB: c107f898 ConstDB: 0 ShapeSum: 1b897f6a RouteDB: 0

Phase 1 Build RT Design
Phase 1 Build RT Design | Checksum: e47aefc2

Time (s): cpu = 00:00:13 ; elapsed = 00:00:11 . Memory (MB): peak = 1882.176 ; gain = 0.000
Post Restoration Checksum: NetGraph: 5cfdc174 NumContArr: 877d2e4e Constraints: 0 Timing: 0

Phase 2 Router Initialization

Phase 2.1 Create Timer
Phase 2.1 Create Timer | Checksum: e47aefc2

Time (s): cpu = 00:00:13 ; elapsed = 00:00:11 . Memory (MB): peak = 1882.176 ; gain = 0.000

Phase 2.2 Fix Topology Constraints
Phase 2.2 Fix Topology Constraints | Checksum: e47aefc2

Time (s): cpu = 00:00:13 ; elapsed = 00:00:11 . Memory (MB): peak = 1882.176 ; gain = 0.000

Phase 2.3 Pre Route Cleanup
Phase 2.3 Pre Route Cleanup | Checksum: e47aefc2

Time (s): cpu = 00:00:13 ; elapsed = 00:00:11 . Memory (MB): peak = 1882.176 ; gain = 0.000
 Number of Nodes with overlaps = 0

Phase 2.4 Update Timing
Phase 2.4 Update Timing | Checksum: 1e0d3b29f

Time (s): cpu = 00:00:16 ; elapsed = 00:00:13 . Memory (MB): peak = 1886.648 ; gain = 4.473
INFO: [Route 35-416] Intermediate Timing Summary | WNS=0.062  | TNS=0.000  | WHS=-0.699 | THS=-137.821|

Phase 2 Router Initialization | Checksum: 1f1b20227

Time (s): cpu = 00:00:18 ; elapsed = 00:00:14 . Memory (MB): peak = 1907.453 ; gain = 25.277

Router Utilization Summary
  Global Vertical Routing Utilization    = 0.00337838 %
  Global Horizontal Routing Utilization  = 0.00137868 %
  Routable Net Status*
  *Does not include unroutable nets such as driverless and loadless.
  Run report_route_status for detailed report.
  Number of Failed Nets               = 7731
    (Failed Nets is the sum of unrouted and partially routed nets)
  Number of Unrouted Nets             = 7731
  Number of Partially Routed Nets     = 0
  Number of Node Overlaps             = 1


Phase 3 Initial Routing

Phase 3.1 Global Routing
Phase 3.1 Global Routing | Checksum: 1f1b20227

Time (s): cpu = 00:00:18 ; elapsed = 00:00:15 . Memory (MB): peak = 1907.453 ; gain = 25.277
Phase 3 Initial Routing | Checksum: 234e50097

Time (s): cpu = 00:00:20 ; elapsed = 00:00:16 . Memory (MB): peak = 1928.367 ; gain = 46.191

Phase 4 Rip-up And Reroute

Phase 4.1 Global Iteration 0
 Number of Nodes with overlaps = 628
 Number of Nodes with overlaps = 97
 Number of Nodes with overlaps = 33
 Number of Nodes with overlaps = 13
 Number of Nodes with overlaps = 6
 Number of Nodes with overlaps = 4
 Number of Nodes with overlaps = 1
 Number of Nodes with overlaps = 0
INFO: [Route 35-416] Intermediate Timing Summary | WNS=-0.104 | TNS=-0.203 | WHS=N/A    | THS=N/A    |

Phase 4.1 Global Iteration 0 | Checksum: 18f038428

Time (s): cpu = 00:00:28 ; elapsed = 00:00:23 . Memory (MB): peak = 1935.773 ; gain = 53.598

Phase 4.2 Global Iteration 1
 Number of Nodes with overlaps = 54
 Number of Nodes with overlaps = 19
 Number of Nodes with overlaps = 6
 Number of Nodes with overlaps = 2
 Number of Nodes with overlaps = 1
 Number of Nodes with overlaps = 0
INFO: [Route 35-416] Intermediate Timing Summary | WNS=-0.291 | TNS=-0.730 | WHS=N/A    | THS=N/A    |

Phase 4.2 Global Iteration 1 | Checksum: 267c0f8f3

Time (s): cpu = 00:00:29 ; elapsed = 00:00:24 . Memory (MB): peak = 1935.773 ; gain = 53.598
Phase 4 Rip-up And Reroute | Checksum: 267c0f8f3

Time (s): cpu = 00:00:29 ; elapsed = 00:00:24 . Memory (MB): peak = 1935.773 ; gain = 53.598

Phase 5 Delay and Skew Optimization

Phase 5.1 Delay CleanUp

Phase 5.1.1 Update Timing
Phase 5.1.1 Update Timing | Checksum: 25eaadd95

Time (s): cpu = 00:00:30 ; elapsed = 00:00:24 . Memory (MB): peak = 1935.773 ; gain = 53.598
INFO: [Route 35-416] Intermediate Timing Summary | WNS=0.011  | TNS=0.000  | WHS=N/A    | THS=N/A    |

Phase 5.1 Delay CleanUp | Checksum: 25eaadd95

Time (s): cpu = 00:00:30 ; elapsed = 00:00:24 . Memory (MB): peak = 1935.773 ; gain = 53.598

Phase 5.2 Clock Skew Optimization
Phase 5.2 Clock Skew Optimization | Checksum: 25eaadd95

Time (s): cpu = 00:00:30 ; elapsed = 00:00:24 . Memory (MB): peak = 1935.773 ; gain = 53.598
Phase 5 Delay and Skew Optimization | Checksum: 25eaadd95

Time (s): cpu = 00:00:30 ; elapsed = 00:00:24 . Memory (MB): peak = 1935.773 ; gain = 53.598

Phase 6 Post Hold Fix

Phase 6.1 Hold Fix Iter

Phase 6.1.1 Update Timing
Phase 6.1.1 Update Timing | Checksum: 2161057fb

Time (s): cpu = 00:00:31 ; elapsed = 00:00:25 . Memory (MB): peak = 1935.773 ; gain = 53.598
INFO: [Route 35-416] Intermediate Timing Summary | WNS=0.011  | TNS=0.000  | WHS=0.021  | THS=0.000  |

Phase 6.1 Hold Fix Iter | Checksum: 22525ed89

Time (s): cpu = 00:00:31 ; elapsed = 00:00:25 . Memory (MB): peak = 1935.773 ; gain = 53.598
Phase 6 Post Hold Fix | Checksum: 22525ed89

Time (s): cpu = 00:00:31 ; elapsed = 00:00:25 . Memory (MB): peak = 1935.773 ; gain = 53.598

Phase 7 Route finalize

Router Utilization Summary
  Global Vertical Routing Utilization    = 3.13781 %
  Global Horizontal Routing Utilization  = 4.49747 %
  Routable Net Status*
  *Does not include unroutable nets such as driverless and loadless.
  Run report_route_status for detailed report.
  Number of Failed Nets               = 0
    (Failed Nets is the sum of unrouted and partially routed nets)
  Number of Unrouted Nets             = 0
  Number of Partially Routed Nets     = 0
  Number of Node Overlaps             = 0

Phase 7 Route finalize | Checksum: 24536b89a

Time (s): cpu = 00:00:31 ; elapsed = 00:00:25 . Memory (MB): peak = 1935.773 ; gain = 53.598

Phase 8 Verifying routed nets

 Verification completed successfully
Phase 8 Verifying routed nets | Checksum: 24536b89a

Time (s): cpu = 00:00:31 ; elapsed = 00:00:25 . Memory (MB): peak = 1935.773 ; gain = 53.598

Phase 9 Depositing Routes
Phase 9 Depositing Routes | Checksum: 16e0920b1

Time (s): cpu = 00:00:32 ; elapsed = 00:00:26 . Memory (MB): peak = 1935.773 ; gain = 53.598

Phase 10 Post Router Timing
INFO: [Route 35-57] Estimated Timing Summary | WNS=0.011  | TNS=0.000  | WHS=0.021  | THS=0.000  |

INFO: [Route 35-327] The final timing numbers are based on the router estimated timing analysis. For a complete and accurate timing signoff, please run report_timing_summary.
Phase 10 Post Router Timing | Checksum: 16e0920b1

Time (s): cpu = 00:00:32 ; elapsed = 00:00:26 . Memory (MB): peak = 1935.773 ; gain = 53.598
INFO: [Route 35-16] Router Completed Successfully

Time (s): cpu = 00:00:32 ; elapsed = 00:00:26 . Memory (MB): peak = 1935.773 ; gain = 53.598

Routing Is Done.
INFO: [Common 17-83] Releasing license: Implementation
155 Infos, 24 Warnings, 0 Critical Warnings and 0 Errors encountered.
route_design completed successfully
route_design: Time (s): cpu = 00:00:37 ; elapsed = 00:00:29 . Memory (MB): peak = 1935.773 ; gain = 53.598
INFO: [Timing 38-480] Writing timing data to binary archive.
Writing placer database...
Writing XDEF routing.
Writing XDEF routing logical nets.
Writing XDEF routing special nets.
Write XDEF Complete: Time (s): cpu = 00:00:03 ; elapsed = 00:00:01 . Memory (MB): peak = 1935.773 ; gain = 0.000
INFO: [Common 17-1381] The checkpoint 'V:/PL/Soc_Tracking.runs/impl_1/Soc_Tracking_wrapper_routed.dcp' has been generated.
INFO: [runtcl-4] Executing : report_drc -file Soc_Tracking_wrapper_drc_routed.rpt -pb Soc_Tracking_wrapper_drc_routed.pb -rpx Soc_Tracking_wrapper_drc_routed.rpx
Command: report_drc -file Soc_Tracking_wrapper_drc_routed.rpt -pb Soc_Tracking_wrapper_drc_routed.pb -rpx Soc_Tracking_wrapper_drc_routed.rpx
INFO: [IP_Flow 19-1839] IP Catalog is up to date.
INFO: [DRC 23-27] Running DRC with 2 threads
INFO: [Coretcl 2-168] The results of DRC are in file V:/PL/Soc_Tracking.runs/impl_1/Soc_Tracking_wrapper_drc_routed.rpt.
report_drc completed successfully
INFO: [runtcl-4] Executing : report_methodology -file Soc_Tracking_wrapper_methodology_drc_routed.rpt -pb Soc_Tracking_wrapper_methodology_drc_routed.pb -rpx Soc_Tracking_wrapper_methodology_drc_routed.rpx
Command: report_methodology -file Soc_Tracking_wrapper_methodology_drc_routed.rpt -pb Soc_Tracking_wrapper_methodology_drc_routed.pb -rpx Soc_Tracking_wrapper_methodology_drc_routed.rpx
INFO: [Timing 38-35] Done setting XDC timing constraints.
INFO: [DRC 23-133] Running Methodology with 2 threads
INFO: [Coretcl 2-1520] The results of Report Methodology are in file V:/PL/Soc_Tracking.runs/impl_1/Soc_Tracking_wrapper_methodology_drc_routed.rpt.
report_methodology completed successfully
INFO: [runtcl-4] Executing : report_power -file Soc_Tracking_wrapper_power_routed.rpt -pb Soc_Tracking_wrapper_power_summary_routed.pb -rpx Soc_Tracking_wrapper_power_routed.rpx
Command: report_power -file Soc_Tracking_wrapper_power_routed.rpt -pb Soc_Tracking_wrapper_power_summary_routed.pb -rpx Soc_Tracking_wrapper_power_routed.rpx
INFO: [Timing 38-35] Done setting XDC timing constraints.
Running Vector-less Activity Propagation...

Finished Running Vector-less Activity Propagation
167 Infos, 24 Warnings, 0 Critical Warnings and 0 Errors encountered.
report_power completed successfully
INFO: [runtcl-4] Executing : report_route_status -file Soc_Tracking_wrapper_route_status.rpt -pb Soc_Tracking_wrapper_route_status.pb
INFO: [runtcl-4] Executing : report_timing_summary -max_paths 10 -file Soc_Tracking_wrapper_timing_summary_routed.rpt -pb Soc_Tracking_wrapper_timing_summary_routed.pb -rpx Soc_Tracking_wrapper_timing_summary_routed.rpx -warn_on_violation 
INFO: [Timing 38-91] UpdateTimingParams: Speed grade: -1, Delay Type: min_max.
INFO: [Timing 38-191] Multithreading enabled for timing update using a maximum of 2 CPUs
INFO: [runtcl-4] Executing : report_incremental_reuse -file Soc_Tracking_wrapper_incremental_reuse_routed.rpt
INFO: [Vivado_Tcl 4-1062] Incremental flow is disabled. No incremental reuse Info to report.
INFO: [runtcl-4] Executing : report_clock_utilization -file Soc_Tracking_wrapper_clock_utilization_routed.rpt
INFO: [runtcl-4] Executing : report_bus_skew -warn_on_violation -file Soc_Tracking_wrapper_bus_skew_routed.rpt -pb Soc_Tracking_wrapper_bus_skew_routed.pb -rpx Soc_Tracking_wrapper_bus_skew_routed.rpx
INFO: [Timing 38-91] UpdateTimingParams: Speed grade: -1, Delay Type: min_max.
INFO: [Timing 38-191] Multithreading enabled for timing update using a maximum of 2 CPUs
Command: write_bitstream -force Soc_Tracking_wrapper.bit
Attempting to get a license for feature 'Implementation' and/or device 'xc7z010'
INFO: [Common 17-349] Got license for feature 'Implementation' and/or device 'xc7z010'
Running DRC as a precondition to command write_bitstream
INFO: [IP_Flow 19-1839] IP Catalog is up to date.
INFO: [DRC 23-27] Running DRC with 2 threads
WARNING: [DRC CHECK-3] Report rule limit reached: REQP-1839 rule limit reached: 20 violations have been found.
WARNING: [DRC PDRC-63] SLICEM_5lutO5_A5: Dangling output pin O5 on site SLICE_X38Y1:A5LUT. For this programming the O5 output pin should have a signal.
WARNING: [DRC REQP-1839] RAMB36 async control check: The RAMB36E1 Soc_Tracking_i/DMA24bUnit_mm2s_0/U0/gmem_m_axi_U/bus_read/fifo_rdata/mem_reg_0 has an input control pin Soc_Tracking_i/DMA24bUnit_mm2s_0/U0/gmem_m_axi_U/bus_read/fifo_rdata/mem_reg_0/WEA[0] (net: Soc_Tracking_i/DMA24bUnit_mm2s_0/U0/gmem_m_axi_U/bus_read/fifo_rdata/m_axi_gmem_RVALID) which is driven by a register (Soc_Tracking_i/axi_mem_intercon/s00_couplers/auto_ds/inst/gen_downsizer.gen_cascaded_downsizer.first_downsizer_inst/USE_READ.read_addr_inst/cmd_queue/inst/fifo_gen_inst/inst_fifo_gen/gconvfifo.rf/grf.rf/gntv_or_sync_fifo.gl0.rd/gr1.gr1_int.rfwft/empty_fwft_i_reg) that has an active asychronous set or reset. This may cause corruption of the memory contents and/or read values when the set/reset is asserted and is not analyzed by the default static timing analysis. It is suggested to eliminate the use of a set/reset to registers driving this RAMB pin or else use a synchronous reset in which the assertion of the reset is timed by default.
WARNING: [DRC REQP-1839] RAMB36 async control check: The RAMB36E1 Soc_Tracking_i/DMA24bUnit_mm2s_0/U0/gmem_m_axi_U/bus_read/fifo_rdata/mem_reg_0 has an input control pin Soc_Tracking_i/DMA24bUnit_mm2s_0/U0/gmem_m_axi_U/bus_read/fifo_rdata/mem_reg_0/WEA[0] (net: Soc_Tracking_i/DMA24bUnit_mm2s_0/U0/gmem_m_axi_U/bus_read/fifo_rdata/m_axi_gmem_RVALID) which is driven by a register (Soc_Tracking_i/axi_mem_intercon/s00_couplers/auto_ds/inst/gen_downsizer.gen_cascaded_downsizer.gen_axi3_conv.axi3_conv_inst/gen_axi4_axi3.axi3_conv_inst/USE_READ.USE_SPLIT_R.read_addr_inst/USE_R_CHANNEL.cmd_queue/inst/fifo_gen_inst/inst_fifo_gen/gconvfifo.rf/grf.rf/gntv_or_sync_fifo.gl0.rd/gr1.gr1_int.rfwft/empty_fwft_i_reg) that has an active asychronous set or reset. This may cause corruption of the memory contents and/or read values when the set/reset is asserted and is not analyzed by the default static timing analysis. It is suggested to eliminate the use of a set/reset to registers driving this RAMB pin or else use a synchronous reset in which the assertion of the reset is timed by default.
WARNING: [DRC REQP-1839] RAMB36 async control check: The RAMB36E1 Soc_Tracking_i/DMA24bUnit_mm2s_0/U0/gmem_m_axi_U/bus_read/fifo_rdata/mem_reg_0 has an input control pin Soc_Tracking_i/DMA24bUnit_mm2s_0/U0/gmem_m_axi_U/bus_read/fifo_rdata/mem_reg_0/WEA[1] (net: Soc_Tracking_i/DMA24bUnit_mm2s_0/U0/gmem_m_axi_U/bus_read/fifo_rdata/m_axi_gmem_RVALID) which is driven by a register (Soc_Tracking_i/axi_mem_intercon/s00_couplers/auto_ds/inst/gen_downsizer.gen_cascaded_downsizer.first_downsizer_inst/USE_READ.read_addr_inst/cmd_queue/inst/fifo_gen_inst/inst_fifo_gen/gconvfifo.rf/grf.rf/gntv_or_sync_fifo.gl0.rd/gr1.gr1_int.rfwft/empty_fwft_i_reg) that has an active asychronous set or reset. This may cause corruption of the memory contents and/or read values when the set/reset is asserted and is not analyzed by the default static timing analysis. It is suggested to eliminate the use of a set/reset to registers driving this RAMB pin or else use a synchronous reset in which the assertion of the reset is timed by default.
WARNING: [DRC REQP-1839] RAMB36 async control check: The RAMB36E1 Soc_Tracking_i/DMA24bUnit_mm2s_0/U0/gmem_m_axi_U/bus_read/fifo_rdata/mem_reg_0 has an input control pin Soc_Tracking_i/DMA24bUnit_mm2s_0/U0/gmem_m_axi_U/bus_read/fifo_rdata/mem_reg_0/WEA[1] (net: Soc_Tracking_i/DMA24bUnit_mm2s_0/U0/gmem_m_axi_U/bus_read/fifo_rdata/m_axi_gmem_RVALID) which is driven by a register (Soc_Tracking_i/axi_mem_intercon/s00_couplers/auto_ds/inst/gen_downsizer.gen_cascaded_downsizer.gen_axi3_conv.axi3_conv_inst/gen_axi4_axi3.axi3_conv_inst/USE_READ.USE_SPLIT_R.read_addr_inst/USE_R_CHANNEL.cmd_queue/inst/fifo_gen_inst/inst_fifo_gen/gconvfifo.rf/grf.rf/gntv_or_sync_fifo.gl0.rd/gr1.gr1_int.rfwft/empty_fwft_i_reg) that has an active asychronous set or reset. This may cause corruption of the memory contents and/or read values when the set/reset is asserted and is not analyzed by the default static timing analysis. It is suggested to eliminate the use of a set/reset to registers driving this RAMB pin or else use a synchronous reset in which the assertion of the reset is timed by default.
WARNING: [DRC REQP-1839] RAMB36 async control check: The RAMB36E1 Soc_Tracking_i/DMA24bUnit_mm2s_0/U0/gmem_m_axi_U/bus_read/fifo_rdata/mem_reg_0 has an input control pin Soc_Tracking_i/DMA24bUnit_mm2s_0/U0/gmem_m_axi_U/bus_read/fifo_rdata/mem_reg_0/WEA[2] (net: Soc_Tracking_i/DMA24bUnit_mm2s_0/U0/gmem_m_axi_U/bus_read/fifo_rdata/m_axi_gmem_RVALID) which is driven by a register (Soc_Tracking_i/axi_mem_intercon/s00_couplers/auto_ds/inst/gen_downsizer.gen_cascaded_downsizer.first_downsizer_inst/USE_READ.read_addr_inst/cmd_queue/inst/fifo_gen_inst/inst_fifo_gen/gconvfifo.rf/grf.rf/gntv_or_sync_fifo.gl0.rd/gr1.gr1_int.rfwft/empty_fwft_i_reg) that has an active asychronous set or reset. This may cause corruption of the memory contents and/or read values when the set/reset is asserted and is not analyzed by the default static timing analysis. It is suggested to eliminate the use of a set/reset to registers driving this RAMB pin or else use a synchronous reset in which the assertion of the reset is timed by default.
WARNING: [DRC REQP-1839] RAMB36 async control check: The RAMB36E1 Soc_Tracking_i/DMA24bUnit_mm2s_0/U0/gmem_m_axi_U/bus_read/fifo_rdata/mem_reg_0 has an input control pin Soc_Tracking_i/DMA24bUnit_mm2s_0/U0/gmem_m_axi_U/bus_read/fifo_rdata/mem_reg_0/WEA[2] (net: Soc_Tracking_i/DMA24bUnit_mm2s_0/U0/gmem_m_axi_U/bus_read/fifo_rdata/m_axi_gmem_RVALID) which is driven by a register (Soc_Tracking_i/axi_mem_intercon/s00_couplers/auto_ds/inst/gen_downsizer.gen_cascaded_downsizer.gen_axi3_conv.axi3_conv_inst/gen_axi4_axi3.axi3_conv_inst/USE_READ.USE_SPLIT_R.read_addr_inst/USE_R_CHANNEL.cmd_queue/inst/fifo_gen_inst/inst_fifo_gen/gconvfifo.rf/grf.rf/gntv_or_sync_fifo.gl0.rd/gr1.gr1_int.rfwft/empty_fwft_i_reg) that has an active asychronous set or reset. This may cause corruption of the memory contents and/or read values when the set/reset is asserted and is not analyzed by the default static timing analysis. It is suggested to eliminate the use of a set/reset to registers driving this RAMB pin or else use a synchronous reset in which the assertion of the reset is timed by default.
WARNING: [DRC REQP-1839] RAMB36 async control check: The RAMB36E1 Soc_Tracking_i/DMA24bUnit_mm2s_0/U0/gmem_m_axi_U/bus_read/fifo_rdata/mem_reg_0 has an input control pin Soc_Tracking_i/DMA24bUnit_mm2s_0/U0/gmem_m_axi_U/bus_read/fifo_rdata/mem_reg_0/WEA[3] (net: Soc_Tracking_i/DMA24bUnit_mm2s_0/U0/gmem_m_axi_U/bus_read/fifo_rdata/m_axi_gmem_RVALID) which is driven by a register (Soc_Tracking_i/axi_mem_intercon/s00_couplers/auto_ds/inst/gen_downsizer.gen_cascaded_downsizer.first_downsizer_inst/USE_READ.read_addr_inst/cmd_queue/inst/fifo_gen_inst/inst_fifo_gen/gconvfifo.rf/grf.rf/gntv_or_sync_fifo.gl0.rd/gr1.gr1_int.rfwft/empty_fwft_i_reg) that has an active asychronous set or reset. This may cause corruption of the memory contents and/or read values when the set/reset is asserted and is not analyzed by the default static timing analysis. It is suggested to eliminate the use of a set/reset to registers driving this RAMB pin or else use a synchronous reset in which the assertion of the reset is timed by default.
WARNING: [DRC REQP-1839] RAMB36 async control check: The RAMB36E1 Soc_Tracking_i/DMA24bUnit_mm2s_0/U0/gmem_m_axi_U/bus_read/fifo_rdata/mem_reg_0 has an input control pin Soc_Tracking_i/DMA24bUnit_mm2s_0/U0/gmem_m_axi_U/bus_read/fifo_rdata/mem_reg_0/WEA[3] (net: Soc_Tracking_i/DMA24bUnit_mm2s_0/U0/gmem_m_axi_U/bus_read/fifo_rdata/m_axi_gmem_RVALID) which is driven by a register (Soc_Tracking_i/axi_mem_intercon/s00_couplers/auto_ds/inst/gen_downsizer.gen_cascaded_downsizer.gen_axi3_conv.axi3_conv_inst/gen_axi4_axi3.axi3_conv_inst/USE_READ.USE_SPLIT_R.read_addr_inst/USE_R_CHANNEL.cmd_queue/inst/fifo_gen_inst/inst_fifo_gen/gconvfifo.rf/grf.rf/gntv_or_sync_fifo.gl0.rd/gr1.gr1_int.rfwft/empty_fwft_i_reg) that has an active asychronous set or reset. This may cause corruption of the memory contents and/or read values when the set/reset is asserted and is not analyzed by the default static timing analysis. It is suggested to eliminate the use of a set/reset to registers driving this RAMB pin or else use a synchronous reset in which the assertion of the reset is timed by default.
WARNING: [DRC REQP-1839] RAMB36 async control check: The RAMB36E1 Soc_Tracking_i/DMA24bUnit_mm2s_0/U0/gmem_m_axi_U/bus_read/fifo_rdata/mem_reg_1 has an input control pin Soc_Tracking_i/DMA24bUnit_mm2s_0/U0/gmem_m_axi_U/bus_read/fifo_rdata/mem_reg_1/WEA[0] (net: Soc_Tracking_i/DMA24bUnit_mm2s_0/U0/gmem_m_axi_U/bus_read/fifo_rdata/m_axi_gmem_RVALID) which is driven by a register (Soc_Tracking_i/axi_mem_intercon/s00_couplers/auto_ds/inst/gen_downsizer.gen_cascaded_downsizer.first_downsizer_inst/USE_READ.read_addr_inst/cmd_queue/inst/fifo_gen_inst/inst_fifo_gen/gconvfifo.rf/grf.rf/gntv_or_sync_fifo.gl0.rd/gr1.gr1_int.rfwft/empty_fwft_i_reg) that has an active asychronous set or reset. This may cause corruption of the memory contents and/or read values when the set/reset is asserted and is not analyzed by the default static timing analysis. It is suggested to eliminate the use of a set/reset to registers driving this RAMB pin or else use a synchronous reset in which the assertion of the reset is timed by default.
WARNING: [DRC REQP-1839] RAMB36 async control check: The RAMB36E1 Soc_Tracking_i/DMA24bUnit_mm2s_0/U0/gmem_m_axi_U/bus_read/fifo_rdata/mem_reg_1 has an input control pin Soc_Tracking_i/DMA24bUnit_mm2s_0/U0/gmem_m_axi_U/bus_read/fifo_rdata/mem_reg_1/WEA[0] (net: Soc_Tracking_i/DMA24bUnit_mm2s_0/U0/gmem_m_axi_U/bus_read/fifo_rdata/m_axi_gmem_RVALID) which is driven by a register (Soc_Tracking_i/axi_mem_intercon/s00_couplers/auto_ds/inst/gen_downsizer.gen_cascaded_downsizer.gen_axi3_conv.axi3_conv_inst/gen_axi4_axi3.axi3_conv_inst/USE_READ.USE_SPLIT_R.read_addr_inst/USE_R_CHANNEL.cmd_queue/inst/fifo_gen_inst/inst_fifo_gen/gconvfifo.rf/grf.rf/gntv_or_sync_fifo.gl0.rd/gr1.gr1_int.rfwft/empty_fwft_i_reg) that has an active asychronous set or reset. This may cause corruption of the memory contents and/or read values when the set/reset is asserted and is not analyzed by the default static timing analysis. It is suggested to eliminate the use of a set/reset to registers driving this RAMB pin or else use a synchronous reset in which the assertion of the reset is timed by default.
WARNING: [DRC REQP-1839] RAMB36 async control check: The RAMB36E1 Soc_Tracking_i/DMA24bUnit_mm2s_0/U0/gmem_m_axi_U/bus_read/fifo_rdata/mem_reg_1 has an input control pin Soc_Tracking_i/DMA24bUnit_mm2s_0/U0/gmem_m_axi_U/bus_read/fifo_rdata/mem_reg_1/WEA[1] (net: Soc_Tracking_i/DMA24bUnit_mm2s_0/U0/gmem_m_axi_U/bus_read/fifo_rdata/m_axi_gmem_RVALID) which is driven by a register (Soc_Tracking_i/axi_mem_intercon/s00_couplers/auto_ds/inst/gen_downsizer.gen_cascaded_downsizer.first_downsizer_inst/USE_READ.read_addr_inst/cmd_queue/inst/fifo_gen_inst/inst_fifo_gen/gconvfifo.rf/grf.rf/gntv_or_sync_fifo.gl0.rd/gr1.gr1_int.rfwft/empty_fwft_i_reg) that has an active asychronous set or reset. This may cause corruption of the memory contents and/or read values when the set/reset is asserted and is not analyzed by the default static timing analysis. It is suggested to eliminate the use of a set/reset to registers driving this RAMB pin or else use a synchronous reset in which the assertion of the reset is timed by default.
WARNING: [DRC REQP-1839] RAMB36 async control check: The RAMB36E1 Soc_Tracking_i/DMA24bUnit_mm2s_0/U0/gmem_m_axi_U/bus_read/fifo_rdata/mem_reg_1 has an input control pin Soc_Tracking_i/DMA24bUnit_mm2s_0/U0/gmem_m_axi_U/bus_read/fifo_rdata/mem_reg_1/WEA[1] (net: Soc_Tracking_i/DMA24bUnit_mm2s_0/U0/gmem_m_axi_U/bus_read/fifo_rdata/m_axi_gmem_RVALID) which is driven by a register (Soc_Tracking_i/axi_mem_intercon/s00_couplers/auto_ds/inst/gen_downsizer.gen_cascaded_downsizer.gen_axi3_conv.axi3_conv_inst/gen_axi4_axi3.axi3_conv_inst/USE_READ.USE_SPLIT_R.read_addr_inst/USE_R_CHANNEL.cmd_queue/inst/fifo_gen_inst/inst_fifo_gen/gconvfifo.rf/grf.rf/gntv_or_sync_fifo.gl0.rd/gr1.gr1_int.rfwft/empty_fwft_i_reg) that has an active asychronous set or reset. This may cause corruption of the memory contents and/or read values when the set/reset is asserted and is not analyzed by the default static timing analysis. It is suggested to eliminate the use of a set/reset to registers driving this RAMB pin or else use a synchronous reset in which the assertion of the reset is timed by default.
WARNING: [DRC REQP-1839] RAMB36 async control check: The RAMB36E1 Soc_Tracking_i/DMA24bUnit_mm2s_0/U0/gmem_m_axi_U/bus_read/fifo_rdata/mem_reg_1 has an input control pin Soc_Tracking_i/DMA24bUnit_mm2s_0/U0/gmem_m_axi_U/bus_read/fifo_rdata/mem_reg_1/WEA[2] (net: Soc_Tracking_i/DMA24bUnit_mm2s_0/U0/gmem_m_axi_U/bus_read/fifo_rdata/m_axi_gmem_RVALID) which is driven by a register (Soc_Tracking_i/axi_mem_intercon/s00_couplers/auto_ds/inst/gen_downsizer.gen_cascaded_downsizer.first_downsizer_inst/USE_READ.read_addr_inst/cmd_queue/inst/fifo_gen_inst/inst_fifo_gen/gconvfifo.rf/grf.rf/gntv_or_sync_fifo.gl0.rd/gr1.gr1_int.rfwft/empty_fwft_i_reg) that has an active asychronous set or reset. This may cause corruption of the memory contents and/or read values when the set/reset is asserted and is not analyzed by the default static timing analysis. It is suggested to eliminate the use of a set/reset to registers driving this RAMB pin or else use a synchronous reset in which the assertion of the reset is timed by default.
WARNING: [DRC REQP-1839] RAMB36 async control check: The RAMB36E1 Soc_Tracking_i/DMA24bUnit_mm2s_0/U0/gmem_m_axi_U/bus_read/fifo_rdata/mem_reg_1 has an input control pin Soc_Tracking_i/DMA24bUnit_mm2s_0/U0/gmem_m_axi_U/bus_read/fifo_rdata/mem_reg_1/WEA[2] (net: Soc_Tracking_i/DMA24bUnit_mm2s_0/U0/gmem_m_axi_U/bus_read/fifo_rdata/m_axi_gmem_RVALID) which is driven by a register (Soc_Tracking_i/axi_mem_intercon/s00_couplers/auto_ds/inst/gen_downsizer.gen_cascaded_downsizer.gen_axi3_conv.axi3_conv_inst/gen_axi4_axi3.axi3_conv_inst/USE_READ.USE_SPLIT_R.read_addr_inst/USE_R_CHANNEL.cmd_queue/inst/fifo_gen_inst/inst_fifo_gen/gconvfifo.rf/grf.rf/gntv_or_sync_fifo.gl0.rd/gr1.gr1_int.rfwft/empty_fwft_i_reg) that has an active asychronous set or reset. This may cause corruption of the memory contents and/or read values when the set/reset is asserted and is not analyzed by the default static timing analysis. It is suggested to eliminate the use of a set/reset to registers driving this RAMB pin or else use a synchronous reset in which the assertion of the reset is timed by default.
WARNING: [DRC REQP-1839] RAMB36 async control check: The RAMB36E1 Soc_Tracking_i/DMA24bUnit_mm2s_0/U0/gmem_m_axi_U/bus_read/fifo_rdata/mem_reg_1 has an input control pin Soc_Tracking_i/DMA24bUnit_mm2s_0/U0/gmem_m_axi_U/bus_read/fifo_rdata/mem_reg_1/WEA[3] (net: Soc_Tracking_i/DMA24bUnit_mm2s_0/U0/gmem_m_axi_U/bus_read/fifo_rdata/m_axi_gmem_RVALID) which is driven by a register (Soc_Tracking_i/axi_mem_intercon/s00_couplers/auto_ds/inst/gen_downsizer.gen_cascaded_downsizer.first_downsizer_inst/USE_READ.read_addr_inst/cmd_queue/inst/fifo_gen_inst/inst_fifo_gen/gconvfifo.rf/grf.rf/gntv_or_sync_fifo.gl0.rd/gr1.gr1_int.rfwft/empty_fwft_i_reg) that has an active asychronous set or reset. This may cause corruption of the memory contents and/or read values when the set/reset is asserted and is not analyzed by the default static timing analysis. It is suggested to eliminate the use of a set/reset to registers driving this RAMB pin or else use a synchronous reset in which the assertion of the reset is timed by default.
WARNING: [DRC REQP-1839] RAMB36 async control check: The RAMB36E1 Soc_Tracking_i/DMA24bUnit_mm2s_0/U0/gmem_m_axi_U/bus_read/fifo_rdata/mem_reg_1 has an input control pin Soc_Tracking_i/DMA24bUnit_mm2s_0/U0/gmem_m_axi_U/bus_read/fifo_rdata/mem_reg_1/WEA[3] (net: Soc_Tracking_i/DMA24bUnit_mm2s_0/U0/gmem_m_axi_U/bus_read/fifo_rdata/m_axi_gmem_RVALID) which is driven by a register (Soc_Tracking_i/axi_mem_intercon/s00_couplers/auto_ds/inst/gen_downsizer.gen_cascaded_downsizer.gen_axi3_conv.axi3_conv_inst/gen_axi4_axi3.axi3_conv_inst/USE_READ.USE_SPLIT_R.read_addr_inst/USE_R_CHANNEL.cmd_queue/inst/fifo_gen_inst/inst_fifo_gen/gconvfifo.rf/grf.rf/gntv_or_sync_fifo.gl0.rd/gr1.gr1_int.rfwft/empty_fwft_i_reg) that has an active asychronous set or reset. This may cause corruption of the memory contents and/or read values when the set/reset is asserted and is not analyzed by the default static timing analysis. It is suggested to eliminate the use of a set/reset to registers driving this RAMB pin or else use a synchronous reset in which the assertion of the reset is timed by default.
WARNING: [DRC REQP-1839] RAMB36 async control check: The RAMB36E1 Soc_Tracking_i/DMA24bUnit_mm2s_0/U0/gmem_m_axi_U/bus_read/fifo_rdata/mem_reg_2 has an input control pin Soc_Tracking_i/DMA24bUnit_mm2s_0/U0/gmem_m_axi_U/bus_read/fifo_rdata/mem_reg_2/WEA[2] (net: Soc_Tracking_i/DMA24bUnit_mm2s_0/U0/gmem_m_axi_U/bus_read/fifo_rdata/m_axi_gmem_RVALID) which is driven by a register (Soc_Tracking_i/axi_mem_intercon/s00_couplers/auto_ds/inst/gen_downsizer.gen_cascaded_downsizer.first_downsizer_inst/USE_READ.read_addr_inst/cmd_queue/inst/fifo_gen_inst/inst_fifo_gen/gconvfifo.rf/grf.rf/gntv_or_sync_fifo.gl0.rd/gr1.gr1_int.rfwft/empty_fwft_i_reg) that has an active asychronous set or reset. This may cause corruption of the memory contents and/or read values when the set/reset is asserted and is not analyzed by the default static timing analysis. It is suggested to eliminate the use of a set/reset to registers driving this RAMB pin or else use a synchronous reset in which the assertion of the reset is timed by default.
WARNING: [DRC REQP-1839] RAMB36 async control check: The RAMB36E1 Soc_Tracking_i/DMA24bUnit_mm2s_0/U0/gmem_m_axi_U/bus_read/fifo_rdata/mem_reg_2 has an input control pin Soc_Tracking_i/DMA24bUnit_mm2s_0/U0/gmem_m_axi_U/bus_read/fifo_rdata/mem_reg_2/WEA[2] (net: Soc_Tracking_i/DMA24bUnit_mm2s_0/U0/gmem_m_axi_U/bus_read/fifo_rdata/m_axi_gmem_RVALID) which is driven by a register (Soc_Tracking_i/axi_mem_intercon/s00_couplers/auto_ds/inst/gen_downsizer.gen_cascaded_downsizer.gen_axi3_conv.axi3_conv_inst/gen_axi4_axi3.axi3_conv_inst/USE_READ.USE_SPLIT_R.read_addr_inst/USE_R_CHANNEL.cmd_queue/inst/fifo_gen_inst/inst_fifo_gen/gconvfifo.rf/grf.rf/gntv_or_sync_fifo.gl0.rd/gr1.gr1_int.rfwft/empty_fwft_i_reg) that has an active asychronous set or reset. This may cause corruption of the memory contents and/or read values when the set/reset is asserted and is not analyzed by the default static timing analysis. It is suggested to eliminate the use of a set/reset to registers driving this RAMB pin or else use a synchronous reset in which the assertion of the reset is timed by default.
WARNING: [DRC REQP-1839] RAMB36 async control check: The RAMB36E1 Soc_Tracking_i/DMA24bUnit_mm2s_0/U0/gmem_m_axi_U/bus_read/fifo_rdata/mem_reg_2 has an input control pin Soc_Tracking_i/DMA24bUnit_mm2s_0/U0/gmem_m_axi_U/bus_read/fifo_rdata/mem_reg_2/WEA[3] (net: Soc_Tracking_i/DMA24bUnit_mm2s_0/U0/gmem_m_axi_U/bus_read/fifo_rdata/m_axi_gmem_RVALID) which is driven by a register (Soc_Tracking_i/axi_mem_intercon/s00_couplers/auto_ds/inst/gen_downsizer.gen_cascaded_downsizer.first_downsizer_inst/USE_READ.read_addr_inst/cmd_queue/inst/fifo_gen_inst/inst_fifo_gen/gconvfifo.rf/grf.rf/gntv_or_sync_fifo.gl0.rd/gr1.gr1_int.rfwft/empty_fwft_i_reg) that has an active asychronous set or reset. This may cause corruption of the memory contents and/or read values when the set/reset is asserted and is not analyzed by the default static timing analysis. It is suggested to eliminate the use of a set/reset to registers driving this RAMB pin or else use a synchronous reset in which the assertion of the reset is timed by default.
WARNING: [DRC REQP-1839] RAMB36 async control check: The RAMB36E1 Soc_Tracking_i/DMA24bUnit_mm2s_0/U0/gmem_m_axi_U/bus_read/fifo_rdata/mem_reg_2 has an input control pin Soc_Tracking_i/DMA24bUnit_mm2s_0/U0/gmem_m_axi_U/bus_read/fifo_rdata/mem_reg_2/WEA[3] (net: Soc_Tracking_i/DMA24bUnit_mm2s_0/U0/gmem_m_axi_U/bus_read/fifo_rdata/m_axi_gmem_RVALID) which is driven by a register (Soc_Tracking_i/axi_mem_intercon/s00_couplers/auto_ds/inst/gen_downsizer.gen_cascaded_downsizer.gen_axi3_conv.axi3_conv_inst/gen_axi4_axi3.axi3_conv_inst/USE_READ.USE_SPLIT_R.read_addr_inst/USE_R_CHANNEL.cmd_queue/inst/fifo_gen_inst/inst_fifo_gen/gconvfifo.rf/grf.rf/gntv_or_sync_fifo.gl0.rd/gr1.gr1_int.rfwft/empty_fwft_i_reg) that has an active asychronous set or reset. This may cause corruption of the memory contents and/or read values when the set/reset is asserted and is not analyzed by the default static timing analysis. It is suggested to eliminate the use of a set/reset to registers driving this RAMB pin or else use a synchronous reset in which the assertion of the reset is timed by default.
WARNING: [DRC RTSTAT-10] No routable loads: 80 net(s) have no routable loads. The problem bus(es) and/or net(s) are Soc_Tracking_i/axi_mem_intercon/s00_couplers/auto_ds/inst/gen_downsizer.gen_cascaded_downsizer.first_downsizer_inst/USE_READ.read_addr_inst/cmd_queue/inst/fifo_gen_inst/inst_fifo_gen/gconvfifo.rf/grf.rf/gntv_or_sync_fifo.gl0.rd/gr1.gr1_int.rfwft/aempty_fwft_i, Soc_Tracking_i/axi_mem_intercon/s00_couplers/auto_ds/inst/gen_downsizer.gen_cascaded_downsizer.first_downsizer_inst/USE_WRITE.write_addr_inst/USE_B_CHANNEL.cmd_b_queue/inst/fifo_gen_inst/inst_fifo_gen/gconvfifo.rf/grf.rf/gntv_or_sync_fifo.gl0.rd/gr1.gr1_int.rfwft/aempty_fwft_i, Soc_Tracking_i/axi_mem_intercon/s00_couplers/auto_ds/inst/gen_downsizer.gen_cascaded_downsizer.gen_axi3_conv.axi3_conv_inst/gen_axi4_axi3.axi3_conv_inst/USE_READ.USE_SPLIT_R.read_addr_inst/USE_R_CHANNEL.cmd_queue/inst/fifo_gen_inst/inst_fifo_gen/gconvfifo.rf/grf.rf/gntv_or_sync_fifo.gl0.rd/gr1.gr1_int.rfwft/aempty_fwft_i, Soc_Tracking_i/axi_mem_intercon/s00_couplers/auto_pc/inst/gen_axi4_axi3.axi3_conv_inst/USE_WRITE.write_addr_inst/USE_BURSTS.cmd_queue/inst/fifo_gen_inst/inst_fifo_gen/gconvfifo.rf/grf.rf/gntv_or_sync_fifo.gl0.rd/gr1.gr1_int.rfwft/aempty_fwft_i, Soc_Tracking_i/axi_mem_intercon/s00_couplers/auto_ds/inst/gen_downsizer.gen_cascaded_downsizer.gen_axi3_conv.axi3_conv_inst/gen_axi4_axi3.axi3_conv_inst/USE_WRITE.write_addr_inst/USE_B_CHANNEL.cmd_b_queue/inst/fifo_gen_inst/inst_fifo_gen/gconvfifo.rf/grf.rf/gntv_or_sync_fifo.gl0.rd/gr1.gr1_int.rfwft/aempty_fwft_i, Soc_Tracking_i/axi_mem_intercon/s00_couplers/auto_ds/inst/gen_downsizer.gen_cascaded_downsizer.first_downsizer_inst/USE_WRITE.write_addr_inst/cmd_queue/inst/fifo_gen_inst/inst_fifo_gen/gconvfifo.rf/grf.rf/gntv_or_sync_fifo.gl0.rd/gr1.gr1_int.rfwft/aempty_fwft_i, Soc_Tracking_i/axi_mem_intercon/s00_couplers/auto_ds/inst/gen_downsizer.gen_cascaded_downsizer.gen_axi3_conv.axi3_conv_inst/gen_axi4_axi3.axi3_conv_inst/USE_WRITE.write_addr_inst/USE_BURSTS.cmd_queue/inst/fifo_gen_inst/inst_fifo_gen/gconvfifo.rf/grf.rf/gntv_or_sync_fifo.gl0.rd/gr1.gr1_int.rfwft/aempty_fwft_i, Soc_Tracking_i/axi_mem_intercon/s00_couplers/auto_pc/inst/gen_axi4_axi3.axi3_conv_inst/USE_WRITE.write_addr_inst/USE_BURSTS.cmd_queue/inst/fifo_gen_inst/inst_fifo_gen/gconvfifo.rf/grf.rf/gntv_or_sync_fifo.gl0.rd/gr1.gr1_int.rfwft/empty_fwft_i, Soc_Tracking_i/axi_mem_intercon/s00_couplers/auto_ds/inst/gen_downsizer.gen_cascaded_downsizer.gen_axi3_conv.axi3_conv_inst/gen_axi4_axi3.axi3_conv_inst/USE_WRITE.write_addr_inst/USE_BURSTS.cmd_queue/inst/fifo_gen_inst/inst_fifo_gen/gconvfifo.rf/grf.rf/gntv_or_sync_fifo.gl0.rd/gr1.gr1_int.rfwft/empty_fwft_i, Soc_Tracking_i/axi_mem_intercon/s00_couplers/auto_ds/inst/gen_downsizer.gen_cascaded_downsizer.first_downsizer_inst/USE_WRITE.write_addr_inst/cmd_queue/inst/fifo_gen_inst/inst_fifo_gen/gconvfifo.rf/grf.rf/gntv_or_sync_fifo.gl0.rd/gr1.gr1_int.rfwft/empty_fwft_i, Soc_Tracking_i/axi_mem_intercon/s00_couplers/auto_ds/inst/gen_downsizer.gen_cascaded_downsizer.first_downsizer_inst/USE_WRITE.write_addr_inst/USE_B_CHANNEL.cmd_b_queue/inst/fifo_gen_inst/inst_fifo_gen/gconvfifo.rf/grf.rf/gntv_or_sync_fifo.gl0.wr/gwss.wsts/ram_afull_fb, Soc_Tracking_i/axi_mem_intercon/s00_couplers/auto_ds/inst/gen_downsizer.gen_cascaded_downsizer.gen_axi3_conv.axi3_conv_inst/gen_axi4_axi3.axi3_conv_inst/USE_WRITE.write_addr_inst/USE_BURSTS.cmd_queue/inst/fifo_gen_inst/inst_fifo_gen/gconvfifo.rf/grf.rf/gntv_or_sync_fifo.gl0.wr/gwss.wsts/ram_afull_fb, Soc_Tracking_i/axi_mem_intercon/s00_couplers/auto_ds/inst/gen_downsizer.gen_cascaded_downsizer.gen_axi3_conv.axi3_conv_inst/gen_axi4_axi3.axi3_conv_inst/USE_READ.USE_SPLIT_R.read_addr_inst/USE_R_CHANNEL.cmd_queue/inst/fifo_gen_inst/inst_fifo_gen/gconvfifo.rf/grf.rf/gntv_or_sync_fifo.gl0.wr/gwss.wsts/ram_afull_fb, Soc_Tracking_i/axi_mem_intercon/s00_couplers/auto_pc/inst/gen_axi4_axi3.axi3_conv_inst/USE_WRITE.write_addr_inst/USE_BURSTS.cmd_queue/inst/fifo_gen_inst/inst_fifo_gen/gconvfifo.rf/grf.rf/gntv_or_sync_fifo.gl0.wr/gwss.wsts/ram_afull_fb, Soc_Tracking_i/axi_mem_intercon/s00_couplers/auto_ds/inst/gen_downsizer.gen_cascaded_downsizer.gen_axi3_conv.axi3_conv_inst/gen_axi4_axi3.axi3_conv_inst/USE_WRITE.write_addr_inst/USE_B_CHANNEL.cmd_b_queue/inst/fifo_gen_inst/inst_fifo_gen/gconvfifo.rf/grf.rf/gntv_or_sync_fifo.gl0.wr/gwss.wsts/ram_afull_fb... and (the first 15 of 52 listed).
INFO: [Vivado 12-3199] DRC finished with 0 Errors, 23 Warnings
INFO: [Vivado 12-3200] Please refer to the DRC report (report_drc) for more information.
INFO: [Designutils 20-2272] Running write_bitstream with 2 threads.
Loading data files...
Loading site data...
Loading route data...
Processing options...
Creating bitmap...
Creating bitstream...
Writing bitstream ./Soc_Tracking_wrapper.bit...
INFO: [Vivado 12-1842] Bitgen Completed Successfully.
INFO: [Project 1-120] WebTalk data collection is mandatory when using a WebPACK part without a full Vivado license. To see the specific WebTalk data collected for your design, open the usage_statistics_webtalk.html or usage_statistics_webtalk.xml file in the implementation directory.
INFO: [Common 17-83] Releasing license: Implementation
12 Infos, 23 Warnings, 0 Critical Warnings and 0 Errors encountered.
write_bitstream completed successfully
write_bitstream: Time (s): cpu = 00:00:21 ; elapsed = 00:00:20 . Memory (MB): peak = 2405.633 ; gain = 461.887
INFO: [Common 17-206] Exiting Vivado at Mon Oct  5 12:04:28 2026...
