Copyright 1986-2020 Xilinx, Inc. All Rights Reserved.
-----------------------------------------------------------------------------------------------------------------------------------------------------------------------------------------------------------------------------------
| Tool Version : Vivado v.2020.2 (win64) Build 3064766 Wed Nov 18 09:12:45 MST 2020
| Date         : Mon Oct  5 12:04:06 2026
| Host         : PC-Elvire running 64-bit major release  (build 9200)
| Command      : report_timing_summary -max_paths 10 -file Soc_Tracking_wrapper_timing_summary_routed.rpt -pb Soc_Tracking_wrapper_timing_summary_routed.pb -rpx Soc_Tracking_wrapper_timing_summary_routed.rpx -warn_on_violation
| Design       : Soc_Tracking_wrapper
| Device       : 7z010-clg400
| Speed File   : -1  PRODUCTION 1.12 2019-11-22
-----------------------------------------------------------------------------------------------------------------------------------------------------------------------------------------------------------------------------------

Timing Summary Report

------------------------------------------------------------------------------------------------
| Timer Settings
| --------------
------------------------------------------------------------------------------------------------

  Enable Multi Corner Analysis               :  Yes
  Enable Pessimism Removal                   :  Yes
  Pessimism Removal Resolution               :  Nearest Common Node
  Enable Input Delay Default Clock           :  No
  Enable Preset / Clear Arcs                 :  No
  Disable Flight Delays                      :  No
  Ignore I/O Paths                           :  No
  Timing Early Launch at Borrowing Latches   :  No
  Borrow Time for Max Delay Exceptions       :  Yes
  Merge Timing Exceptions                    :  Yes

  Corner  Analyze    Analyze    
  Name    Max Paths  Min Paths  
  ------  ---------  ---------  
  Slow    Yes        Yes        
  Fast    Yes        Yes        



check_timing report

Table of Contents
-----------------
1. checking no_clock (128)
2. checking constant_clock (0)
3. checking pulse_width_clock (0)
4. checking unconstrained_internal_endpoints (128)
5. checking no_input_delay (0)
6. checking no_output_delay (14)
7. checking multiple_clock (0)
8. checking generated_clocks (0)
9. checking loops (0)
10. checking partial_input_delay (0)
11. checking partial_output_delay (0)
12. checking latch_loops (0)

1. checking no_clock (128)
--------------------------
 There are 72 register/latch pins with no clock driven by root clock pin: Soc_Tracking_i/AXI4S_fifo_buf_sw_G/U0/last_read_enable_3_reg/Q (HIGH)

 There are 56 register/latch pins with no clock driven by root clock pin: Soc_Tracking_i/AXI4S_fifo_buf_sw_H/U0/last_read_enable_3_reg/Q (HIGH)


2. checking constant_clock (0)
------------------------------
 There are 0 register/latch pins with constant_clock.


3. checking pulse_width_clock (0)
---------------------------------
 There are 0 register/latch pins which need pulse_width check


4. checking unconstrained_internal_endpoints (128)
--------------------------------------------------
 There are 128 pins that are not constrained for maximum delay. (HIGH)

 There are 0 pins that are not constrained for maximum delay due to constant clock.


5. checking no_input_delay (0)
------------------------------
 There are 0 input ports with no input delay specified.

 There are 0 input ports with no input delay but user has a false path constraint.


6. checking no_output_delay (14)
--------------------------------
 There are 14 ports with no output delay specified. (HIGH)

 There are 0 ports with no output delay but user has a false path constraint

 There are 0 ports with no output delay but with a timing clock defined on it or propagating through it


7. checking multiple_clock (0)
------------------------------
 There are 0 register/latch pins with multiple clocks.


8. checking generated_clocks (0)
--------------------------------
 There are 0 generated clocks that are not connected to a clock source.


9. checking loops (0)
---------------------
 There are 0 combinational loops in the design.


10. checking partial_input_delay (0)
------------------------------------
 There are 0 input ports with partial input delay specified.


11. checking partial_output_delay (0)
-------------------------------------
 There are 0 ports with partial output delay specified.


12. checking latch_loops (0)
----------------------------
 There are 0 combinational latch loops in the design through latch input



------------------------------------------------------------------------------------------------
| Design Timing Summary
| ---------------------
------------------------------------------------------------------------------------------------

    WNS(ns)      TNS(ns)  TNS Failing Endpoints  TNS Total Endpoints      WHS(ns)      THS(ns)  THS Failing Endpoints  THS Total Endpoints     WPWS(ns)     TPWS(ns)  TPWS Failing Endpoints  TPWS Total Endpoints  
    -------      -------  ---------------------  -------------------      -------      -------  ---------------------  -------------------     --------     --------  ----------------------  --------------------  
      0.040        0.000                      0                12507        0.024        0.000                      0                12507        3.750        0.000                       0                  5113  


All user specified timing constraints are met.


------------------------------------------------------------------------------------------------
| Clock Summary
| -------------
------------------------------------------------------------------------------------------------

Clock       Waveform(ns)       Period(ns)      Frequency(MHz)
-----       ------------       ----------      --------------
clk_fpga_0  {0.000 5.000}      10.000          100.000         
clk_fpga_1  {0.000 20.000}     40.000          25.000          


------------------------------------------------------------------------------------------------
| Intra Clock Table
| -----------------
------------------------------------------------------------------------------------------------

Clock             WNS(ns)      TNS(ns)  TNS Failing Endpoints  TNS Total Endpoints      WHS(ns)      THS(ns)  THS Failing Endpoints  THS Total Endpoints     WPWS(ns)     TPWS(ns)  TPWS Failing Endpoints  TPWS Total Endpoints  
-----             -------      -------  ---------------------  -------------------      -------      -------  ---------------------  -------------------     --------     --------  ----------------------  --------------------  
clk_fpga_0          0.040        0.000                      0                12196        0.024        0.000                      0                12196        3.750        0.000                       0                  5075  
clk_fpga_1         32.535        0.000                      0                   55        0.166        0.000                      0                   55       19.500        0.000                       0                    38  


------------------------------------------------------------------------------------------------
| Inter Clock Table
| -----------------
------------------------------------------------------------------------------------------------

From Clock    To Clock          WNS(ns)      TNS(ns)  TNS Failing Endpoints  TNS Total Endpoints      WHS(ns)      THS(ns)  THS Failing Endpoints  THS Total Endpoints  
----------    --------          -------      -------  ---------------------  -------------------      -------      -------  ---------------------  -------------------  
clk_fpga_1    clk_fpga_0          1.344        0.000                      0                  355        0.221        0.000                      0                  355  
clk_fpga_0    clk_fpga_1          2.358        0.000                      0                   54        0.120        0.000                      0                   54  


------------------------------------------------------------------------------------------------
| Other Path Groups Table
| -----------------------
------------------------------------------------------------------------------------------------

Path Group         From Clock         To Clock               WNS(ns)      TNS(ns)  TNS Failing Endpoints  TNS Total Endpoints      WHS(ns)      THS(ns)  THS Failing Endpoints  THS Total Endpoints  
----------         ----------         --------               -------      -------  ---------------------  -------------------      -------      -------  ---------------------  -------------------  
**async_default**  clk_fpga_0         clk_fpga_0               6.568        0.000                      0                  233        0.421        0.000                      0                  233  
**async_default**  clk_fpga_0         clk_fpga_1               5.979        0.000                      0                    1        0.203        0.000                      0                    1  


------------------------------------------------------------------------------------------------
| Timing Details
| --------------
------------------------------------------------------------------------------------------------


---------------------------------------------------------------------------------------------------
From Clock:  clk_fpga_0
  To Clock:  clk_fpga_0

Setup :            0  Failing Endpoints,  Worst Slack        0.040ns,  Total Violation        0.000ns
Hold  :            0  Failing Endpoints,  Worst Slack        0.024ns,  Total Violation        0.000ns
PW    :            0  Failing Endpoints,  Worst Slack        3.750ns,  Total Violation        0.000ns
---------------------------------------------------------------------------------------------------


Max Delay Paths
--------------------------------------------------------------------------------------
Slack (MET) :             0.040ns  (required time - arrival time)
  Source:                 Soc_Tracking_i/DMA24bUnit_mm2s_0/U0/regslice_both_STR_video_out_V_data_V_U/B_V_data_1_sel_rd_reg/C
                            (rising edge-triggered cell FDRE clocked by clk_fpga_0  {rise@0.000ns fall@5.000ns period=10.000ns})
  Destination:            Soc_Tracking_i/AXI4S_fifo_buf_sw_G/U0/g_fifo_640.fifo_1/U0/inst_fifo_gen/gconvfifo.rf/gbi.bi/v7_bi_fifo.fblk/gextw[1].gnll_fifo.inst_extd/gonep.inst_prim/gf18e1_inst.sngfifo18e1/DI[2]
                            (rising edge-triggered cell FIFO18E1 clocked by clk_fpga_0  {rise@0.000ns fall@5.000ns period=10.000ns})
  Path Group:             clk_fpga_0
  Path Type:              Setup (Max at Slow Process Corner)
  Requirement:            10.000ns  (clk_fpga_0 rise@10.000ns - clk_fpga_0 rise@0.000ns)
  Data Path Delay:        8.848ns  (logic 3.776ns (42.677%)  route 5.072ns (57.323%))
  Logic Levels:           11  (CARRY4=4 LUT2=1 LUT3=3 LUT4=1 LUT5=1 LUT6=1)
  Clock Path Skew:        -0.014ns (DCD - SCD + CPR)
    Destination Clock Delay (DCD):    2.729ns = ( 12.729 - 10.000 ) 
    Source Clock Delay      (SCD):    2.973ns
    Clock Pessimism Removal (CPR):    0.230ns
  Clock Uncertainty:      0.154ns  ((TSJ^2 + TIJ^2)^1/2 + DJ) / 2 + PE
    Total System Jitter     (TSJ):    0.071ns
    Total Input Jitter      (TIJ):    0.300ns
    Discrete Jitter          (DJ):    0.000ns
    Phase Error              (PE):    0.000ns

    Location             Delay type                Incr(ns)  Path(ns)    Netlist Resource(s)
  -------------------------------------------------------------------    -------------------
                         (clock clk_fpga_0 rise edge)
                                                      0.000     0.000 r  
    PS7_X0Y0             PS7                          0.000     0.000 r  Soc_Tracking_i/processing_system7_0/inst/PS7_i/FCLKCLK[0]
                         net (fo=1, routed)           1.207     1.207    Soc_Tracking_i/processing_system7_0/inst/FCLK_CLK_unbuffered[0]
    BUFGCTRL_X0Y0        BUFG (Prop_bufg_I_O)         0.101     1.308 r  Soc_Tracking_i/processing_system7_0/inst/buffer_fclk_clk_0.FCLK_CLK_0_BUFG/O
                         net (fo=5076, routed)        1.665     2.973    Soc_Tracking_i/DMA24bUnit_mm2s_0/U0/regslice_both_STR_video_out_V_data_V_U/ap_clk
    SLICE_X15Y18         FDRE                                         r  Soc_Tracking_i/DMA24bUnit_mm2s_0/U0/regslice_both_STR_video_out_V_data_V_U/B_V_data_1_sel_rd_reg/C
  -------------------------------------------------------------------    -------------------
    SLICE_X15Y18         FDRE (Prop_fdre_C_Q)         0.456     3.429 r  Soc_Tracking_i/DMA24bUnit_mm2s_0/U0/regslice_both_STR_video_out_V_data_V_U/B_V_data_1_sel_rd_reg/Q
                         net (fo=25, routed)          0.734     4.163    Soc_Tracking_i/DMA24bUnit_mm2s_0/U0/regslice_both_STR_video_out_V_data_V_U/B_V_data_1_sel
    SLICE_X10Y19         LUT3 (Prop_lut3_I2_O)        0.124     4.287 r  Soc_Tracking_i/DMA24bUnit_mm2s_0/U0/regslice_both_STR_video_out_V_data_V_U/STR_video_out_TDATA[9]_INST_0/O
                         net (fo=1, routed)           0.670     4.957    Soc_Tracking_i/Input_selector_AXI4L_0/U0/s01_axis_tdata[9]
    SLICE_X10Y19         LUT3 (Prop_lut3_I2_O)        0.152     5.109 r  Soc_Tracking_i/Input_selector_AXI4L_0/U0/m00_axis_tdata[9]_INST_0/O
                         net (fo=4, routed)           0.633     5.742    Soc_Tracking_i/AXI4_Stream_RGB_to_g_0/U0/s00_axis_tdata[9]
    SLICE_X8Y19          LUT2 (Prop_lut2_I1_O)        0.348     6.090 r  Soc_Tracking_i/AXI4_Stream_RGB_to_g_0/U0/m00_axis_tdata[2]_INST_0_i_17/O
                         net (fo=1, routed)           0.000     6.090    Soc_Tracking_i/AXI4_Stream_RGB_to_g_0/U0/m00_axis_tdata[2]_INST_0_i_17_n_0
    SLICE_X8Y19          CARRY4 (Prop_carry4_S[1]_CO[3])
                                                      0.533     6.623 r  Soc_Tracking_i/AXI4_Stream_RGB_to_g_0/U0/m00_axis_tdata[2]_INST_0_i_6/CO[3]
                         net (fo=1, routed)           0.000     6.623    Soc_Tracking_i/AXI4_Stream_RGB_to_g_0/U0/m00_axis_tdata[2]_INST_0_i_6_n_0
    SLICE_X8Y20          CARRY4 (Prop_carry4_CI_O[1])
                                                      0.323     6.946 r  Soc_Tracking_i/AXI4_Stream_RGB_to_g_0/U0/m00_axis_tdata[7]_INST_0_i_6/O[1]
                         net (fo=2, routed)           0.542     7.488    Soc_Tracking_i/AXI4_Stream_RGB_to_g_0/U0/data2[4]
    SLICE_X7Y20          CARRY4 (Prop_carry4_DI[1]_CO[3])
                                                      0.689     8.177 r  Soc_Tracking_i/AXI4_Stream_RGB_to_g_0/U0/m00_axis_tdata[7]_INST_0_i_2/CO[3]
                         net (fo=1, routed)           0.000     8.177    Soc_Tracking_i/AXI4_Stream_RGB_to_g_0/U0/m00_axis_tdata[7]_INST_0_i_2_n_0
    SLICE_X7Y21          CARRY4 (Prop_carry4_CI_O[0])
                                                      0.222     8.399 r  Soc_Tracking_i/AXI4_Stream_RGB_to_g_0/U0/m00_axis_tdata[7]_INST_0_i_3/O[0]
                         net (fo=5, routed)           0.838     9.237    Soc_Tracking_i/AXI4_Stream_RGB_to_g_0/grey1[8]
    SLICE_X9Y20          LUT4 (Prop_lut4_I1_O)        0.329     9.566 r  Soc_Tracking_i/AXI4_Stream_RGB_to_g_0/m00_axis_tdata[6]_INST_0_i_1/O
                         net (fo=2, routed)           0.311     9.877    Soc_Tracking_i/AXI4_Stream_RGB_to_g_0/m00_axis_tdata[6]_INST_0_i_1_n_0
    SLICE_X9Y20          LUT6 (Prop_lut6_I2_O)        0.327    10.204 r  Soc_Tracking_i/AXI4_Stream_RGB_to_g_0/m00_axis_tdata[3]_INST_0_i_1/O
                         net (fo=4, routed)           0.361    10.565    Soc_Tracking_i/AXI4_Stream_RGB_to_g_0/m00_axis_tdata[3]_INST_0_i_1_n_0
    SLICE_X10Y20         LUT5 (Prop_lut5_I0_O)        0.124    10.689 f  Soc_Tracking_i/AXI4_Stream_RGB_to_g_0/m00_axis_tdata[2]_INST_0_i_3/O
                         net (fo=1, routed)           0.663    11.352    Soc_Tracking_i/AXI4_Stream_RGB_to_g_0/m00_axis_tdata[2]_INST_0_i_3_n_0
    SLICE_X9Y20          LUT3 (Prop_lut3_I1_O)        0.149    11.501 r  Soc_Tracking_i/AXI4_Stream_RGB_to_g_0/m00_axis_tdata[2]_INST_0/O
                         net (fo=1, routed)           0.319    11.821    Soc_Tracking_i/AXI4S_fifo_buf_sw_G/U0/g_fifo_640.fifo_1/U0/inst_fifo_gen/gconvfifo.rf/gbi.bi/v7_bi_fifo.fblk/gextw[1].gnll_fifo.inst_extd/gonep.inst_prim/din[2]
    RAMB18_X0Y8          FIFO18E1                                     r  Soc_Tracking_i/AXI4S_fifo_buf_sw_G/U0/g_fifo_640.fifo_1/U0/inst_fifo_gen/gconvfifo.rf/gbi.bi/v7_bi_fifo.fblk/gextw[1].gnll_fifo.inst_extd/gonep.inst_prim/gf18e1_inst.sngfifo18e1/DI[2]
  -------------------------------------------------------------------    -------------------

                         (clock clk_fpga_0 rise edge)
                                                     10.000    10.000 r  
    PS7_X0Y0             PS7                          0.000    10.000 r  Soc_Tracking_i/processing_system7_0/inst/PS7_i/FCLKCLK[0]
                         net (fo=1, routed)           1.101    11.101    Soc_Tracking_i/processing_system7_0/inst/FCLK_CLK_unbuffered[0]
    BUFGCTRL_X0Y0        BUFG (Prop_bufg_I_O)         0.091    11.192 r  Soc_Tracking_i/processing_system7_0/inst/buffer_fclk_clk_0.FCLK_CLK_0_BUFG/O
                         net (fo=5076, routed)        1.537    12.729    Soc_Tracking_i/AXI4S_fifo_buf_sw_G/U0/g_fifo_640.fifo_1/U0/inst_fifo_gen/gconvfifo.rf/gbi.bi/v7_bi_fifo.fblk/gextw[1].gnll_fifo.inst_extd/gonep.inst_prim/clk
    RAMB18_X0Y8          FIFO18E1                                     r  Soc_Tracking_i/AXI4S_fifo_buf_sw_G/U0/g_fifo_640.fifo_1/U0/inst_fifo_gen/gconvfifo.rf/gbi.bi/v7_bi_fifo.fblk/gextw[1].gnll_fifo.inst_extd/gonep.inst_prim/gf18e1_inst.sngfifo18e1/WRCLK
                         clock pessimism              0.230    12.959    
                         clock uncertainty           -0.154    12.805    
    RAMB18_X0Y8          FIFO18E1 (Setup_fifo18e1_WRCLK_DI[2])
                                                     -0.945    11.860    Soc_Tracking_i/AXI4S_fifo_buf_sw_G/U0/g_fifo_640.fifo_1/U0/inst_fifo_gen/gconvfifo.rf/gbi.bi/v7_bi_fifo.fblk/gextw[1].gnll_fifo.inst_extd/gonep.inst_prim/gf18e1_inst.sngfifo18e1
  -------------------------------------------------------------------
                         required time                         11.860    
                         arrival time                         -11.821    
  -------------------------------------------------------------------
                         slack                                  0.040    

Slack (MET) :             0.048ns  (required time - arrival time)
  Source:                 Soc_Tracking_i/DMA24bUnit_mm2s_0/U0/regslice_both_STR_video_out_V_data_V_U/B_V_data_1_sel_rd_reg/C
                            (rising edge-triggered cell FDRE clocked by clk_fpga_0  {rise@0.000ns fall@5.000ns period=10.000ns})
  Destination:            Soc_Tracking_i/AXI4S_fifo_buf_sw_G/U0/g_fifo_640.fifo_1/U0/inst_fifo_gen/gconvfifo.rf/gbi.bi/v7_bi_fifo.fblk/gextw[1].gnll_fifo.inst_extd/gonep.inst_prim/gf18e1_inst.sngfifo18e1/DI[1]
                            (rising edge-triggered cell FIFO18E1 clocked by clk_fpga_0  {rise@0.000ns fall@5.000ns period=10.000ns})
  Path Group:             clk_fpga_0
  Path Type:              Setup (Max at Slow Process Corner)
  Requirement:            10.000ns  (clk_fpga_0 rise@10.000ns - clk_fpga_0 rise@0.000ns)
  Data Path Delay:        8.817ns  (logic 3.746ns (42.488%)  route 5.071ns (57.512%))
  Logic Levels:           11  (CARRY4=4 LUT2=1 LUT3=3 LUT4=1 LUT6=2)
  Clock Path Skew:        -0.014ns (DCD - SCD + CPR)
    Destination Clock Delay (DCD):    2.729ns = ( 12.729 - 10.000 ) 
    Source Clock Delay      (SCD):    2.973ns
    Clock Pessimism Removal (CPR):    0.230ns
  Clock Uncertainty:      0.154ns  ((TSJ^2 + TIJ^2)^1/2 + DJ) / 2 + PE
    Total System Jitter     (TSJ):    0.071ns
    Total Input Jitter      (TIJ):    0.300ns
    Discrete Jitter          (DJ):    0.000ns
    Phase Error              (PE):    0.000ns

    Location             Delay type                Incr(ns)  Path(ns)    Netlist Resource(s)
  -------------------------------------------------------------------    -------------------
                         (clock clk_fpga_0 rise edge)
                                                      0.000     0.000 r  
    PS7_X0Y0             PS7                          0.000     0.000 r  Soc_Tracking_i/processing_system7_0/inst/PS7_i/FCLKCLK[0]
                         net (fo=1, routed)           1.207     1.207    Soc_Tracking_i/processing_system7_0/inst/FCLK_CLK_unbuffered[0]
    BUFGCTRL_X0Y0        BUFG (Prop_bufg_I_O)         0.101     1.308 r  Soc_Tracking_i/processing_system7_0/inst/buffer_fclk_clk_0.FCLK_CLK_0_BUFG/O
                         net (fo=5076, routed)        1.665     2.973    Soc_Tracking_i/DMA24bUnit_mm2s_0/U0/regslice_both_STR_video_out_V_data_V_U/ap_clk
    SLICE_X15Y18         FDRE                                         r  Soc_Tracking_i/DMA24bUnit_mm2s_0/U0/regslice_both_STR_video_out_V_data_V_U/B_V_data_1_sel_rd_reg/C
  -------------------------------------------------------------------    -------------------
    SLICE_X15Y18         FDRE (Prop_fdre_C_Q)         0.456     3.429 r  Soc_Tracking_i/DMA24bUnit_mm2s_0/U0/regslice_both_STR_video_out_V_data_V_U/B_V_data_1_sel_rd_reg/Q
                         net (fo=25, routed)          0.734     4.163    Soc_Tracking_i/DMA24bUnit_mm2s_0/U0/regslice_both_STR_video_out_V_data_V_U/B_V_data_1_sel
    SLICE_X10Y19         LUT3 (Prop_lut3_I2_O)        0.124     4.287 r  Soc_Tracking_i/DMA24bUnit_mm2s_0/U0/regslice_both_STR_video_out_V_data_V_U/STR_video_out_TDATA[9]_INST_0/O
                         net (fo=1, routed)           0.670     4.957    Soc_Tracking_i/Input_selector_AXI4L_0/U0/s01_axis_tdata[9]
    SLICE_X10Y19         LUT3 (Prop_lut3_I2_O)        0.152     5.109 r  Soc_Tracking_i/Input_selector_AXI4L_0/U0/m00_axis_tdata[9]_INST_0/O
                         net (fo=4, routed)           0.633     5.742    Soc_Tracking_i/AXI4_Stream_RGB_to_g_0/U0/s00_axis_tdata[9]
    SLICE_X8Y19          LUT2 (Prop_lut2_I1_O)        0.348     6.090 r  Soc_Tracking_i/AXI4_Stream_RGB_to_g_0/U0/m00_axis_tdata[2]_INST_0_i_17/O
                         net (fo=1, routed)           0.000     6.090    Soc_Tracking_i/AXI4_Stream_RGB_to_g_0/U0/m00_axis_tdata[2]_INST_0_i_17_n_0
    SLICE_X8Y19          CARRY4 (Prop_carry4_S[1]_CO[3])
                                                      0.533     6.623 r  Soc_Tracking_i/AXI4_Stream_RGB_to_g_0/U0/m00_axis_tdata[2]_INST_0_i_6/CO[3]
                         net (fo=1, routed)           0.000     6.623    Soc_Tracking_i/AXI4_Stream_RGB_to_g_0/U0/m00_axis_tdata[2]_INST_0_i_6_n_0
    SLICE_X8Y20          CARRY4 (Prop_carry4_CI_O[1])
                                                      0.323     6.946 r  Soc_Tracking_i/AXI4_Stream_RGB_to_g_0/U0/m00_axis_tdata[7]_INST_0_i_6/O[1]
                         net (fo=2, routed)           0.542     7.488    Soc_Tracking_i/AXI4_Stream_RGB_to_g_0/U0/data2[4]
    SLICE_X7Y20          CARRY4 (Prop_carry4_DI[1]_CO[3])
                                                      0.689     8.177 r  Soc_Tracking_i/AXI4_Stream_RGB_to_g_0/U0/m00_axis_tdata[7]_INST_0_i_2/CO[3]
                         net (fo=1, routed)           0.000     8.177    Soc_Tracking_i/AXI4_Stream_RGB_to_g_0/U0/m00_axis_tdata[7]_INST_0_i_2_n_0
    SLICE_X7Y21          CARRY4 (Prop_carry4_CI_O[0])
                                                      0.222     8.399 r  Soc_Tracking_i/AXI4_Stream_RGB_to_g_0/U0/m00_axis_tdata[7]_INST_0_i_3/O[0]
                         net (fo=5, routed)           0.838     9.237    Soc_Tracking_i/AXI4_Stream_RGB_to_g_0/grey1[8]
    SLICE_X9Y20          LUT4 (Prop_lut4_I1_O)        0.329     9.566 r  Soc_Tracking_i/AXI4_Stream_RGB_to_g_0/m00_axis_tdata[6]_INST_0_i_1/O
                         net (fo=2, routed)           0.311     9.877    Soc_Tracking_i/AXI4_Stream_RGB_to_g_0/m00_axis_tdata[6]_INST_0_i_1_n_0
    SLICE_X9Y20          LUT6 (Prop_lut6_I2_O)        0.327    10.204 r  Soc_Tracking_i/AXI4_Stream_RGB_to_g_0/m00_axis_tdata[3]_INST_0_i_1/O
                         net (fo=4, routed)           0.448    10.652    Soc_Tracking_i/AXI4_Stream_RGB_to_g_0/m00_axis_tdata[3]_INST_0_i_1_n_0
    SLICE_X9Y19          LUT6 (Prop_lut6_I1_O)        0.124    10.776 r  Soc_Tracking_i/AXI4_Stream_RGB_to_g_0/m00_axis_tdata[1]_INST_0_i_1/O
                         net (fo=2, routed)           0.581    11.357    Soc_Tracking_i/AXI4_Stream_RGB_to_g_0/m00_axis_tdata[1]_INST_0_i_1_n_0
    SLICE_X6Y19          LUT3 (Prop_lut3_I0_O)        0.119    11.476 r  Soc_Tracking_i/AXI4_Stream_RGB_to_g_0/m00_axis_tdata[1]_INST_0/O
                         net (fo=1, routed)           0.314    11.790    Soc_Tracking_i/AXI4S_fifo_buf_sw_G/U0/g_fifo_640.fifo_1/U0/inst_fifo_gen/gconvfifo.rf/gbi.bi/v7_bi_fifo.fblk/gextw[1].gnll_fifo.inst_extd/gonep.inst_prim/din[1]
    RAMB18_X0Y8          FIFO18E1                                     r  Soc_Tracking_i/AXI4S_fifo_buf_sw_G/U0/g_fifo_640.fifo_1/U0/inst_fifo_gen/gconvfifo.rf/gbi.bi/v7_bi_fifo.fblk/gextw[1].gnll_fifo.inst_extd/gonep.inst_prim/gf18e1_inst.sngfifo18e1/DI[1]
  -------------------------------------------------------------------    -------------------

                         (clock clk_fpga_0 rise edge)
                                                     10.000    10.000 r  
    PS7_X0Y0             PS7                          0.000    10.000 r  Soc_Tracking_i/processing_system7_0/inst/PS7_i/FCLKCLK[0]
                         net (fo=1, routed)           1.101    11.101    Soc_Tracking_i/processing_system7_0/inst/FCLK_CLK_unbuffered[0]
    BUFGCTRL_X0Y0        BUFG (Prop_bufg_I_O)         0.091    11.192 r  Soc_Tracking_i/processing_system7_0/inst/buffer_fclk_clk_0.FCLK_CLK_0_BUFG/O
                         net (fo=5076, routed)        1.537    12.729    Soc_Tracking_i/AXI4S_fifo_buf_sw_G/U0/g_fifo_640.fifo_1/U0/inst_fifo_gen/gconvfifo.rf/gbi.bi/v7_bi_fifo.fblk/gextw[1].gnll_fifo.inst_extd/gonep.inst_prim/clk
    RAMB18_X0Y8          FIFO18E1                                     r  Soc_Tracking_i/AXI4S_fifo_buf_sw_G/U0/g_fifo_640.fifo_1/U0/inst_fifo_gen/gconvfifo.rf/gbi.bi/v7_bi_fifo.fblk/gextw[1].gnll_fifo.inst_extd/gonep.inst_prim/gf18e1_inst.sngfifo18e1/WRCLK
                         clock pessimism              0.230    12.959    
                         clock uncertainty           -0.154    12.805    
    RAMB18_X0Y8          FIFO18E1 (Setup_fifo18e1_WRCLK_DI[1])
                                                     -0.968    11.837    Soc_Tracking_i/AXI4S_fifo_buf_sw_G/U0/g_fifo_640.fifo_1/U0/inst_fifo_gen/gconvfifo.rf/gbi.bi/v7_bi_fifo.fblk/gextw[1].gnll_fifo.inst_extd/gonep.inst_prim/gf18e1_inst.sngfifo18e1
  -------------------------------------------------------------------
                         required time                         11.837    
                         arrival time                         -11.790    
  -------------------------------------------------------------------
                         slack                                  0.048    

Slack (MET) :             0.087ns  (required time - arrival time)
  Source:                 Soc_Tracking_i/DMA24bUnit_mm2s_0/U0/regslice_both_STR_video_out_V_data_V_U/B_V_data_1_sel_rd_reg/C
                            (rising edge-triggered cell FDRE clocked by clk_fpga_0  {rise@0.000ns fall@5.000ns period=10.000ns})
  Destination:            Soc_Tracking_i/AXI4S_fifo_buf_sw_G/U0/g_fifo_640.fifo_1/U0/inst_fifo_gen/gconvfifo.rf/gbi.bi/v7_bi_fifo.fblk/gextw[1].gnll_fifo.inst_extd/gonep.inst_prim/gf18e1_inst.sngfifo18e1/DI[0]
                            (rising edge-triggered cell FIFO18E1 clocked by clk_fpga_0  {rise@0.000ns fall@5.000ns period=10.000ns})
  Path Group:             clk_fpga_0
  Path Type:              Setup (Max at Slow Process Corner)
  Requirement:            10.000ns  (clk_fpga_0 rise@10.000ns - clk_fpga_0 rise@0.000ns)
  Data Path Delay:        9.009ns  (logic 3.751ns (41.638%)  route 5.258ns (58.362%))
  Logic Levels:           11  (CARRY4=4 LUT2=1 LUT3=2 LUT4=1 LUT6=3)
  Clock Path Skew:        -0.014ns (DCD - SCD + CPR)
    Destination Clock Delay (DCD):    2.729ns = ( 12.729 - 10.000 ) 
    Source Clock Delay      (SCD):    2.973ns
    Clock Pessimism Removal (CPR):    0.230ns
  Clock Uncertainty:      0.154ns  ((TSJ^2 + TIJ^2)^1/2 + DJ) / 2 + PE
    Total System Jitter     (TSJ):    0.071ns
    Total Input Jitter      (TIJ):    0.300ns
    Discrete Jitter          (DJ):    0.000ns
    Phase Error              (PE):    0.000ns

    Location             Delay type                Incr(ns)  Path(ns)    Netlist Resource(s)
  -------------------------------------------------------------------    -------------------
                         (clock clk_fpga_0 rise edge)
                                                      0.000     0.000 r  
    PS7_X0Y0             PS7                          0.000     0.000 r  Soc_Tracking_i/processing_system7_0/inst/PS7_i/FCLKCLK[0]
                         net (fo=1, routed)           1.207     1.207    Soc_Tracking_i/processing_system7_0/inst/FCLK_CLK_unbuffered[0]
    BUFGCTRL_X0Y0        BUFG (Prop_bufg_I_O)         0.101     1.308 r  Soc_Tracking_i/processing_system7_0/inst/buffer_fclk_clk_0.FCLK_CLK_0_BUFG/O
                         net (fo=5076, routed)        1.665     2.973    Soc_Tracking_i/DMA24bUnit_mm2s_0/U0/regslice_both_STR_video_out_V_data_V_U/ap_clk
    SLICE_X15Y18         FDRE                                         r  Soc_Tracking_i/DMA24bUnit_mm2s_0/U0/regslice_both_STR_video_out_V_data_V_U/B_V_data_1_sel_rd_reg/C
  -------------------------------------------------------------------    -------------------
    SLICE_X15Y18         FDRE (Prop_fdre_C_Q)         0.456     3.429 r  Soc_Tracking_i/DMA24bUnit_mm2s_0/U0/regslice_both_STR_video_out_V_data_V_U/B_V_data_1_sel_rd_reg/Q
                         net (fo=25, routed)          0.734     4.163    Soc_Tracking_i/DMA24bUnit_mm2s_0/U0/regslice_both_STR_video_out_V_data_V_U/B_V_data_1_sel
    SLICE_X10Y19         LUT3 (Prop_lut3_I2_O)        0.124     4.287 r  Soc_Tracking_i/DMA24bUnit_mm2s_0/U0/regslice_both_STR_video_out_V_data_V_U/STR_video_out_TDATA[9]_INST_0/O
                         net (fo=1, routed)           0.670     4.957    Soc_Tracking_i/Input_selector_AXI4L_0/U0/s01_axis_tdata[9]
    SLICE_X10Y19         LUT3 (Prop_lut3_I2_O)        0.152     5.109 r  Soc_Tracking_i/Input_selector_AXI4L_0/U0/m00_axis_tdata[9]_INST_0/O
                         net (fo=4, routed)           0.633     5.742    Soc_Tracking_i/AXI4_Stream_RGB_to_g_0/U0/s00_axis_tdata[9]
    SLICE_X8Y19          LUT2 (Prop_lut2_I1_O)        0.348     6.090 r  Soc_Tracking_i/AXI4_Stream_RGB_to_g_0/U0/m00_axis_tdata[2]_INST_0_i_17/O
                         net (fo=1, routed)           0.000     6.090    Soc_Tracking_i/AXI4_Stream_RGB_to_g_0/U0/m00_axis_tdata[2]_INST_0_i_17_n_0
    SLICE_X8Y19          CARRY4 (Prop_carry4_S[1]_CO[3])
                                                      0.533     6.623 r  Soc_Tracking_i/AXI4_Stream_RGB_to_g_0/U0/m00_axis_tdata[2]_INST_0_i_6/CO[3]
                         net (fo=1, routed)           0.000     6.623    Soc_Tracking_i/AXI4_Stream_RGB_to_g_0/U0/m00_axis_tdata[2]_INST_0_i_6_n_0
    SLICE_X8Y20          CARRY4 (Prop_carry4_CI_O[1])
                                                      0.323     6.946 r  Soc_Tracking_i/AXI4_Stream_RGB_to_g_0/U0/m00_axis_tdata[7]_INST_0_i_6/O[1]
                         net (fo=2, routed)           0.542     7.488    Soc_Tracking_i/AXI4_Stream_RGB_to_g_0/U0/data2[4]
    SLICE_X7Y20          CARRY4 (Prop_carry4_DI[1]_CO[3])
                                                      0.689     8.177 r  Soc_Tracking_i/AXI4_Stream_RGB_to_g_0/U0/m00_axis_tdata[7]_INST_0_i_2/CO[3]
                         net (fo=1, routed)           0.000     8.177    Soc_Tracking_i/AXI4_Stream_RGB_to_g_0/U0/m00_axis_tdata[7]_INST_0_i_2_n_0
    SLICE_X7Y21          CARRY4 (Prop_carry4_CI_O[0])
                                                      0.222     8.399 r  Soc_Tracking_i/AXI4_Stream_RGB_to_g_0/U0/m00_axis_tdata[7]_INST_0_i_3/O[0]
                         net (fo=5, routed)           0.838     9.237    Soc_Tracking_i/AXI4_Stream_RGB_to_g_0/grey1[8]
    SLICE_X9Y20          LUT4 (Prop_lut4_I1_O)        0.329     9.566 r  Soc_Tracking_i/AXI4_Stream_RGB_to_g_0/m00_axis_tdata[6]_INST_0_i_1/O
                         net (fo=2, routed)           0.311     9.877    Soc_Tracking_i/AXI4_Stream_RGB_to_g_0/m00_axis_tdata[6]_INST_0_i_1_n_0
    SLICE_X9Y20          LUT6 (Prop_lut6_I2_O)        0.327    10.204 r  Soc_Tracking_i/AXI4_Stream_RGB_to_g_0/m00_axis_tdata[3]_INST_0_i_1/O
                         net (fo=4, routed)           0.448    10.652    Soc_Tracking_i/AXI4_Stream_RGB_to_g_0/m00_axis_tdata[3]_INST_0_i_1_n_0
    SLICE_X9Y19          LUT6 (Prop_lut6_I1_O)        0.124    10.776 r  Soc_Tracking_i/AXI4_Stream_RGB_to_g_0/m00_axis_tdata[1]_INST_0_i_1/O
                         net (fo=2, routed)           0.653    11.430    Soc_Tracking_i/AXI4_Stream_RGB_to_g_0/m00_axis_tdata[1]_INST_0_i_1_n_0
    SLICE_X5Y20          LUT6 (Prop_lut6_I0_O)        0.124    11.554 r  Soc_Tracking_i/AXI4_Stream_RGB_to_g_0/m00_axis_tdata[0]_INST_0/O
                         net (fo=1, routed)           0.428    11.982    Soc_Tracking_i/AXI4S_fifo_buf_sw_G/U0/g_fifo_640.fifo_1/U0/inst_fifo_gen/gconvfifo.rf/gbi.bi/v7_bi_fifo.fblk/gextw[1].gnll_fifo.inst_extd/gonep.inst_prim/din[0]
    RAMB18_X0Y8          FIFO18E1                                     r  Soc_Tracking_i/AXI4S_fifo_buf_sw_G/U0/g_fifo_640.fifo_1/U0/inst_fifo_gen/gconvfifo.rf/gbi.bi/v7_bi_fifo.fblk/gextw[1].gnll_fifo.inst_extd/gonep.inst_prim/gf18e1_inst.sngfifo18e1/DI[0]
  -------------------------------------------------------------------    -------------------

                         (clock clk_fpga_0 rise edge)
                                                     10.000    10.000 r  
    PS7_X0Y0             PS7                          0.000    10.000 r  Soc_Tracking_i/processing_system7_0/inst/PS7_i/FCLKCLK[0]
                         net (fo=1, routed)           1.101    11.101    Soc_Tracking_i/processing_system7_0/inst/FCLK_CLK_unbuffered[0]
    BUFGCTRL_X0Y0        BUFG (Prop_bufg_I_O)         0.091    11.192 r  Soc_Tracking_i/processing_system7_0/inst/buffer_fclk_clk_0.FCLK_CLK_0_BUFG/O
                         net (fo=5076, routed)        1.537    12.729    Soc_Tracking_i/AXI4S_fifo_buf_sw_G/U0/g_fifo_640.fifo_1/U0/inst_fifo_gen/gconvfifo.rf/gbi.bi/v7_bi_fifo.fblk/gextw[1].gnll_fifo.inst_extd/gonep.inst_prim/clk
    RAMB18_X0Y8          FIFO18E1                                     r  Soc_Tracking_i/AXI4S_fifo_buf_sw_G/U0/g_fifo_640.fifo_1/U0/inst_fifo_gen/gconvfifo.rf/gbi.bi/v7_bi_fifo.fblk/gextw[1].gnll_fifo.inst_extd/gonep.inst_prim/gf18e1_inst.sngfifo18e1/WRCLK
                         clock pessimism              0.230    12.959    
                         clock uncertainty           -0.154    12.805    
    RAMB18_X0Y8          FIFO18E1 (Setup_fifo18e1_WRCLK_DI[0])
                                                     -0.737    12.068    Soc_Tracking_i/AXI4S_fifo_buf_sw_G/U0/g_fifo_640.fifo_1/U0/inst_fifo_gen/gconvfifo.rf/gbi.bi/v7_bi_fifo.fblk/gextw[1].gnll_fifo.inst_extd/gonep.inst_prim/gf18e1_inst.sngfifo18e1
  -------------------------------------------------------------------
                         required time                         12.068    
                         arrival time                         -11.982    
  -------------------------------------------------------------------
                         slack                                  0.087    

Slack (MET) :             0.391ns  (required time - arrival time)
  Source:                 Soc_Tracking_i/DMA24bUnit_mm2s_0/U0/regslice_both_STR_video_out_V_data_V_U/B_V_data_1_sel_rd_reg/C
                            (rising edge-triggered cell FDRE clocked by clk_fpga_0  {rise@0.000ns fall@5.000ns period=10.000ns})
  Destination:            Soc_Tracking_i/AXI4S_fifo_buf_sw_G/U0/g_fifo_640.fifo_1/U0/inst_fifo_gen/gconvfifo.rf/gbi.bi/v7_bi_fifo.fblk/gextw[1].gnll_fifo.inst_extd/gonep.inst_prim/gf18e1_inst.sngfifo18e1/DI[3]
                            (rising edge-triggered cell FIFO18E1 clocked by clk_fpga_0  {rise@0.000ns fall@5.000ns period=10.000ns})
  Path Group:             clk_fpga_0
  Path Type:              Setup (Max at Slow Process Corner)
  Requirement:            10.000ns  (clk_fpga_0 rise@10.000ns - clk_fpga_0 rise@0.000ns)
  Data Path Delay:        8.480ns  (logic 3.653ns (43.078%)  route 4.827ns (56.922%))
  Logic Levels:           10  (CARRY4=4 LUT2=1 LUT3=3 LUT4=1 LUT6=1)
  Clock Path Skew:        -0.014ns (DCD - SCD + CPR)
    Destination Clock Delay (DCD):    2.729ns = ( 12.729 - 10.000 ) 
    Source Clock Delay      (SCD):    2.973ns
    Clock Pessimism Removal (CPR):    0.230ns
  Clock Uncertainty:      0.154ns  ((TSJ^2 + TIJ^2)^1/2 + DJ) / 2 + PE
    Total System Jitter     (TSJ):    0.071ns
    Total Input Jitter      (TIJ):    0.300ns
    Discrete Jitter          (DJ):    0.000ns
    Phase Error              (PE):    0.000ns

    Location             Delay type                Incr(ns)  Path(ns)    Netlist Resource(s)
  -------------------------------------------------------------------    -------------------
                         (clock clk_fpga_0 rise edge)
                                                      0.000     0.000 r  
    PS7_X0Y0             PS7                          0.000     0.000 r  Soc_Tracking_i/processing_system7_0/inst/PS7_i/FCLKCLK[0]
                         net (fo=1, routed)           1.207     1.207    Soc_Tracking_i/processing_system7_0/inst/FCLK_CLK_unbuffered[0]
    BUFGCTRL_X0Y0        BUFG (Prop_bufg_I_O)         0.101     1.308 r  Soc_Tracking_i/processing_system7_0/inst/buffer_fclk_clk_0.FCLK_CLK_0_BUFG/O
                         net (fo=5076, routed)        1.665     2.973    Soc_Tracking_i/DMA24bUnit_mm2s_0/U0/regslice_both_STR_video_out_V_data_V_U/ap_clk
    SLICE_X15Y18         FDRE                                         r  Soc_Tracking_i/DMA24bUnit_mm2s_0/U0/regslice_both_STR_video_out_V_data_V_U/B_V_data_1_sel_rd_reg/C
  -------------------------------------------------------------------    -------------------
    SLICE_X15Y18         FDRE (Prop_fdre_C_Q)         0.456     3.429 r  Soc_Tracking_i/DMA24bUnit_mm2s_0/U0/regslice_both_STR_video_out_V_data_V_U/B_V_data_1_sel_rd_reg/Q
                         net (fo=25, routed)          0.734     4.163    Soc_Tracking_i/DMA24bUnit_mm2s_0/U0/regslice_both_STR_video_out_V_data_V_U/B_V_data_1_sel
    SLICE_X10Y19         LUT3 (Prop_lut3_I2_O)        0.124     4.287 r  Soc_Tracking_i/DMA24bUnit_mm2s_0/U0/regslice_both_STR_video_out_V_data_V_U/STR_video_out_TDATA[9]_INST_0/O
                         net (fo=1, routed)           0.670     4.957    Soc_Tracking_i/Input_selector_AXI4L_0/U0/s01_axis_tdata[9]
    SLICE_X10Y19         LUT3 (Prop_lut3_I2_O)        0.152     5.109 r  Soc_Tracking_i/Input_selector_AXI4L_0/U0/m00_axis_tdata[9]_INST_0/O
                         net (fo=4, routed)           0.633     5.742    Soc_Tracking_i/AXI4_Stream_RGB_to_g_0/U0/s00_axis_tdata[9]
    SLICE_X8Y19          LUT2 (Prop_lut2_I1_O)        0.348     6.090 r  Soc_Tracking_i/AXI4_Stream_RGB_to_g_0/U0/m00_axis_tdata[2]_INST_0_i_17/O
                         net (fo=1, routed)           0.000     6.090    Soc_Tracking_i/AXI4_Stream_RGB_to_g_0/U0/m00_axis_tdata[2]_INST_0_i_17_n_0
    SLICE_X8Y19          CARRY4 (Prop_carry4_S[1]_CO[3])
                                                      0.533     6.623 r  Soc_Tracking_i/AXI4_Stream_RGB_to_g_0/U0/m00_axis_tdata[2]_INST_0_i_6/CO[3]
                         net (fo=1, routed)           0.000     6.623    Soc_Tracking_i/AXI4_Stream_RGB_to_g_0/U0/m00_axis_tdata[2]_INST_0_i_6_n_0
    SLICE_X8Y20          CARRY4 (Prop_carry4_CI_O[1])
                                                      0.323     6.946 r  Soc_Tracking_i/AXI4_Stream_RGB_to_g_0/U0/m00_axis_tdata[7]_INST_0_i_6/O[1]
                         net (fo=2, routed)           0.542     7.488    Soc_Tracking_i/AXI4_Stream_RGB_to_g_0/U0/data2[4]
    SLICE_X7Y20          CARRY4 (Prop_carry4_DI[1]_CO[3])
                                                      0.689     8.177 r  Soc_Tracking_i/AXI4_Stream_RGB_to_g_0/U0/m00_axis_tdata[7]_INST_0_i_2/CO[3]
                         net (fo=1, routed)           0.000     8.177    Soc_Tracking_i/AXI4_Stream_RGB_to_g_0/U0/m00_axis_tdata[7]_INST_0_i_2_n_0
    SLICE_X7Y21          CARRY4 (Prop_carry4_CI_O[0])
                                                      0.222     8.399 r  Soc_Tracking_i/AXI4_Stream_RGB_to_g_0/U0/m00_axis_tdata[7]_INST_0_i_3/O[0]
                         net (fo=5, routed)           0.838     9.237    Soc_Tracking_i/AXI4_Stream_RGB_to_g_0/grey1[8]
    SLICE_X9Y20          LUT4 (Prop_lut4_I1_O)        0.329     9.566 r  Soc_Tracking_i/AXI4_Stream_RGB_to_g_0/m00_axis_tdata[6]_INST_0_i_1/O
                         net (fo=2, routed)           0.311     9.877    Soc_Tracking_i/AXI4_Stream_RGB_to_g_0/m00_axis_tdata[6]_INST_0_i_1_n_0
    SLICE_X9Y20          LUT6 (Prop_lut6_I2_O)        0.327    10.204 r  Soc_Tracking_i/AXI4_Stream_RGB_to_g_0/m00_axis_tdata[3]_INST_0_i_1/O
                         net (fo=4, routed)           0.782    10.986    Soc_Tracking_i/AXI4_Stream_RGB_to_g_0/m00_axis_tdata[3]_INST_0_i_1_n_0
    SLICE_X6Y19          LUT3 (Prop_lut3_I0_O)        0.150    11.136 r  Soc_Tracking_i/AXI4_Stream_RGB_to_g_0/m00_axis_tdata[3]_INST_0/O
                         net (fo=1, routed)           0.317    11.453    Soc_Tracking_i/AXI4S_fifo_buf_sw_G/U0/g_fifo_640.fifo_1/U0/inst_fifo_gen/gconvfifo.rf/gbi.bi/v7_bi_fifo.fblk/gextw[1].gnll_fifo.inst_extd/gonep.inst_prim/din[3]
    RAMB18_X0Y8          FIFO18E1                                     r  Soc_Tracking_i/AXI4S_fifo_buf_sw_G/U0/g_fifo_640.fifo_1/U0/inst_fifo_gen/gconvfifo.rf/gbi.bi/v7_bi_fifo.fblk/gextw[1].gnll_fifo.inst_extd/gonep.inst_prim/gf18e1_inst.sngfifo18e1/DI[3]
  -------------------------------------------------------------------    -------------------

                         (clock clk_fpga_0 rise edge)
                                                     10.000    10.000 r  
    PS7_X0Y0             PS7                          0.000    10.000 r  Soc_Tracking_i/processing_system7_0/inst/PS7_i/FCLKCLK[0]
                         net (fo=1, routed)           1.101    11.101    Soc_Tracking_i/processing_system7_0/inst/FCLK_CLK_unbuffered[0]
    BUFGCTRL_X0Y0        BUFG (Prop_bufg_I_O)         0.091    11.192 r  Soc_Tracking_i/processing_system7_0/inst/buffer_fclk_clk_0.FCLK_CLK_0_BUFG/O
                         net (fo=5076, routed)        1.537    12.729    Soc_Tracking_i/AXI4S_fifo_buf_sw_G/U0/g_fifo_640.fifo_1/U0/inst_fifo_gen/gconvfifo.rf/gbi.bi/v7_bi_fifo.fblk/gextw[1].gnll_fifo.inst_extd/gonep.inst_prim/clk
    RAMB18_X0Y8          FIFO18E1                                     r  Soc_Tracking_i/AXI4S_fifo_buf_sw_G/U0/g_fifo_640.fifo_1/U0/inst_fifo_gen/gconvfifo.rf/gbi.bi/v7_bi_fifo.fblk/gextw[1].gnll_fifo.inst_extd/gonep.inst_prim/gf18e1_inst.sngfifo18e1/WRCLK
                         clock pessimism              0.230    12.959    
                         clock uncertainty           -0.154    12.805    
    RAMB18_X0Y8          FIFO18E1 (Setup_fifo18e1_WRCLK_DI[3])
                                                     -0.961    11.844    Soc_Tracking_i/AXI4S_fifo_buf_sw_G/U0/g_fifo_640.fifo_1/U0/inst_fifo_gen/gconvfifo.rf/gbi.bi/v7_bi_fifo.fblk/gextw[1].gnll_fifo.inst_extd/gonep.inst_prim/gf18e1_inst.sngfifo18e1
  -------------------------------------------------------------------
                         required time                         11.844    
                         arrival time                         -11.453    
  -------------------------------------------------------------------
                         slack                                  0.391    

Slack (MET) :             0.955ns  (required time - arrival time)
  Source:                 Soc_Tracking_i/DMA24bUnit_mm2s_0/U0/regslice_both_STR_video_out_V_data_V_U/B_V_data_1_sel_rd_reg/C
                            (rising edge-triggered cell FDRE clocked by clk_fpga_0  {rise@0.000ns fall@5.000ns period=10.000ns})
  Destination:            Soc_Tracking_i/AXI4S_fifo_buf_sw_G/U0/g_fifo_640.fifo_1/U0/inst_fifo_gen/gconvfifo.rf/gbi.bi/v7_bi_fifo.fblk/gextw[1].gnll_fifo.inst_extd/gonep.inst_prim/gf18e1_inst.sngfifo18e1/DI[6]
                            (rising edge-triggered cell FIFO18E1 clocked by clk_fpga_0  {rise@0.000ns fall@5.000ns period=10.000ns})
  Path Group:             clk_fpga_0
  Path Type:              Setup (Max at Slow Process Corner)
  Requirement:            10.000ns  (clk_fpga_0 rise@10.000ns - clk_fpga_0 rise@0.000ns)
  Data Path Delay:        7.932ns  (logic 3.498ns (44.099%)  route 4.434ns (55.901%))
  Logic Levels:           9  (CARRY4=4 LUT2=1 LUT3=3 LUT4=1)
  Clock Path Skew:        -0.014ns (DCD - SCD + CPR)
    Destination Clock Delay (DCD):    2.729ns = ( 12.729 - 10.000 ) 
    Source Clock Delay      (SCD):    2.973ns
    Clock Pessimism Removal (CPR):    0.230ns
  Clock Uncertainty:      0.154ns  ((TSJ^2 + TIJ^2)^1/2 + DJ) / 2 + PE
    Total System Jitter     (TSJ):    0.071ns
    Total Input Jitter      (TIJ):    0.300ns
    Discrete Jitter          (DJ):    0.000ns
    Phase Error              (PE):    0.000ns

    Location             Delay type                Incr(ns)  Path(ns)    Netlist Resource(s)
  -------------------------------------------------------------------    -------------------
                         (clock clk_fpga_0 rise edge)
                                                      0.000     0.000 r  
    PS7_X0Y0             PS7                          0.000     0.000 r  Soc_Tracking_i/processing_system7_0/inst/PS7_i/FCLKCLK[0]
                         net (fo=1, routed)           1.207     1.207    Soc_Tracking_i/processing_system7_0/inst/FCLK_CLK_unbuffered[0]
    BUFGCTRL_X0Y0        BUFG (Prop_bufg_I_O)         0.101     1.308 r  Soc_Tracking_i/processing_system7_0/inst/buffer_fclk_clk_0.FCLK_CLK_0_BUFG/O
                         net (fo=5076, routed)        1.665     2.973    Soc_Tracking_i/DMA24bUnit_mm2s_0/U0/regslice_both_STR_video_out_V_data_V_U/ap_clk
    SLICE_X15Y18         FDRE                                         r  Soc_Tracking_i/DMA24bUnit_mm2s_0/U0/regslice_both_STR_video_out_V_data_V_U/B_V_data_1_sel_rd_reg/C
  -------------------------------------------------------------------    -------------------
    SLICE_X15Y18         FDRE (Prop_fdre_C_Q)         0.456     3.429 r  Soc_Tracking_i/DMA24bUnit_mm2s_0/U0/regslice_both_STR_video_out_V_data_V_U/B_V_data_1_sel_rd_reg/Q
                         net (fo=25, routed)          0.734     4.163    Soc_Tracking_i/DMA24bUnit_mm2s_0/U0/regslice_both_STR_video_out_V_data_V_U/B_V_data_1_sel
    SLICE_X10Y19         LUT3 (Prop_lut3_I2_O)        0.124     4.287 r  Soc_Tracking_i/DMA24bUnit_mm2s_0/U0/regslice_both_STR_video_out_V_data_V_U/STR_video_out_TDATA[9]_INST_0/O
                         net (fo=1, routed)           0.670     4.957    Soc_Tracking_i/Input_selector_AXI4L_0/U0/s01_axis_tdata[9]
    SLICE_X10Y19         LUT3 (Prop_lut3_I2_O)        0.152     5.109 r  Soc_Tracking_i/Input_selector_AXI4L_0/U0/m00_axis_tdata[9]_INST_0/O
                         net (fo=4, routed)           0.633     5.742    Soc_Tracking_i/AXI4_Stream_RGB_to_g_0/U0/s00_axis_tdata[9]
    SLICE_X8Y19          LUT2 (Prop_lut2_I1_O)        0.348     6.090 r  Soc_Tracking_i/AXI4_Stream_RGB_to_g_0/U0/m00_axis_tdata[2]_INST_0_i_17/O
                         net (fo=1, routed)           0.000     6.090    Soc_Tracking_i/AXI4_Stream_RGB_to_g_0/U0/m00_axis_tdata[2]_INST_0_i_17_n_0
    SLICE_X8Y19          CARRY4 (Prop_carry4_S[1]_CO[3])
                                                      0.533     6.623 r  Soc_Tracking_i/AXI4_Stream_RGB_to_g_0/U0/m00_axis_tdata[2]_INST_0_i_6/CO[3]
                         net (fo=1, routed)           0.000     6.623    Soc_Tracking_i/AXI4_Stream_RGB_to_g_0/U0/m00_axis_tdata[2]_INST_0_i_6_n_0
    SLICE_X8Y20          CARRY4 (Prop_carry4_CI_O[1])
                                                      0.323     6.946 r  Soc_Tracking_i/AXI4_Stream_RGB_to_g_0/U0/m00_axis_tdata[7]_INST_0_i_6/O[1]
                         net (fo=2, routed)           0.542     7.488    Soc_Tracking_i/AXI4_Stream_RGB_to_g_0/U0/data2[4]
    SLICE_X7Y20          CARRY4 (Prop_carry4_DI[1]_CO[3])
                                                      0.689     8.177 r  Soc_Tracking_i/AXI4_Stream_RGB_to_g_0/U0/m00_axis_tdata[7]_INST_0_i_2/CO[3]
                         net (fo=1, routed)           0.000     8.177    Soc_Tracking_i/AXI4_Stream_RGB_to_g_0/U0/m00_axis_tdata[7]_INST_0_i_2_n_0
    SLICE_X7Y21          CARRY4 (Prop_carry4_CI_O[0])
                                                      0.222     8.399 r  Soc_Tracking_i/AXI4_Stream_RGB_to_g_0/U0/m00_axis_tdata[7]_INST_0_i_3/O[0]
                         net (fo=5, routed)           0.838     9.237    Soc_Tracking_i/AXI4_Stream_RGB_to_g_0/grey1[8]
    SLICE_X9Y20          LUT4 (Prop_lut4_I1_O)        0.329     9.566 r  Soc_Tracking_i/AXI4_Stream_RGB_to_g_0/m00_axis_tdata[6]_INST_0_i_1/O
                         net (fo=2, routed)           0.576    10.142    Soc_Tracking_i/AXI4_Stream_RGB_to_g_0/m00_axis_tdata[6]_INST_0_i_1_n_0
    SLICE_X7Y22          LUT3 (Prop_lut3_I0_O)        0.322    10.464 r  Soc_Tracking_i/AXI4_Stream_RGB_to_g_0/m00_axis_tdata[6]_INST_0/O
                         net (fo=1, routed)           0.441    10.905    Soc_Tracking_i/AXI4S_fifo_buf_sw_G/U0/g_fifo_640.fifo_1/U0/inst_fifo_gen/gconvfifo.rf/gbi.bi/v7_bi_fifo.fblk/gextw[1].gnll_fifo.inst_extd/gonep.inst_prim/din[6]
    RAMB18_X0Y8          FIFO18E1                                     r  Soc_Tracking_i/AXI4S_fifo_buf_sw_G/U0/g_fifo_640.fifo_1/U0/inst_fifo_gen/gconvfifo.rf/gbi.bi/v7_bi_fifo.fblk/gextw[1].gnll_fifo.inst_extd/gonep.inst_prim/gf18e1_inst.sngfifo18e1/DI[6]
  -------------------------------------------------------------------    -------------------

                         (clock clk_fpga_0 rise edge)
                                                     10.000    10.000 r  
    PS7_X0Y0             PS7                          0.000    10.000 r  Soc_Tracking_i/processing_system7_0/inst/PS7_i/FCLKCLK[0]
                         net (fo=1, routed)           1.101    11.101    Soc_Tracking_i/processing_system7_0/inst/FCLK_CLK_unbuffered[0]
    BUFGCTRL_X0Y0        BUFG (Prop_bufg_I_O)         0.091    11.192 r  Soc_Tracking_i/processing_system7_0/inst/buffer_fclk_clk_0.FCLK_CLK_0_BUFG/O
                         net (fo=5076, routed)        1.537    12.729    Soc_Tracking_i/AXI4S_fifo_buf_sw_G/U0/g_fifo_640.fifo_1/U0/inst_fifo_gen/gconvfifo.rf/gbi.bi/v7_bi_fifo.fblk/gextw[1].gnll_fifo.inst_extd/gonep.inst_prim/clk
    RAMB18_X0Y8          FIFO18E1                                     r  Soc_Tracking_i/AXI4S_fifo_buf_sw_G/U0/g_fifo_640.fifo_1/U0/inst_fifo_gen/gconvfifo.rf/gbi.bi/v7_bi_fifo.fblk/gextw[1].gnll_fifo.inst_extd/gonep.inst_prim/gf18e1_inst.sngfifo18e1/WRCLK
                         clock pessimism              0.230    12.959    
                         clock uncertainty           -0.154    12.805    
    RAMB18_X0Y8          FIFO18E1 (Setup_fifo18e1_WRCLK_DI[6])
                                                     -0.945    11.860    Soc_Tracking_i/AXI4S_fifo_buf_sw_G/U0/g_fifo_640.fifo_1/U0/inst_fifo_gen/gconvfifo.rf/gbi.bi/v7_bi_fifo.fblk/gextw[1].gnll_fifo.inst_extd/gonep.inst_prim/gf18e1_inst.sngfifo18e1
  -------------------------------------------------------------------
                         required time                         11.860    
                         arrival time                         -10.905    
  -------------------------------------------------------------------
                         slack                                  0.955    

Slack (MET) :             1.344ns  (required time - arrival time)
  Source:                 Soc_Tracking_i/rst_ps7_0_100M/U0/ACTIVE_LOW_PR_OUT_DFF[0].FDRE_PER_N/C
                            (rising edge-triggered cell FDRE clocked by clk_fpga_0  {rise@0.000ns fall@5.000ns period=10.000ns})
  Destination:            Soc_Tracking_i/axi_mem_intercon/s00_couplers/auto_ds/inst/gen_downsizer.gen_cascaded_downsizer.first_downsizer_inst/USE_WRITE.write_addr_inst/access_is_incr_q_reg/R
                            (rising edge-triggered cell FDRE clocked by clk_fpga_0  {rise@0.000ns fall@5.000ns period=10.000ns})
  Path Group:             clk_fpga_0
  Path Type:              Setup (Max at Slow Process Corner)
  Requirement:            10.000ns  (clk_fpga_0 rise@10.000ns - clk_fpga_0 rise@0.000ns)
  Data Path Delay:        7.963ns  (logic 0.773ns (9.708%)  route 7.190ns (90.292%))
  Logic Levels:           1  (LUT1=1)
  Clock Path Skew:        -0.015ns (DCD - SCD + CPR)
    Destination Clock Delay (DCD):    2.693ns = ( 12.693 - 10.000 ) 
    Source Clock Delay      (SCD):    2.973ns
    Clock Pessimism Removal (CPR):    0.266ns
  Clock Uncertainty:      0.154ns  ((TSJ^2 + TIJ^2)^1/2 + DJ) / 2 + PE
    Total System Jitter     (TSJ):    0.071ns
    Total Input Jitter      (TIJ):    0.300ns
    Discrete Jitter          (DJ):    0.000ns
    Phase Error              (PE):    0.000ns

    Location             Delay type                Incr(ns)  Path(ns)    Netlist Resource(s)
  -------------------------------------------------------------------    -------------------
                         (clock clk_fpga_0 rise edge)
                                                      0.000     0.000 r  
    PS7_X0Y0             PS7                          0.000     0.000 r  Soc_Tracking_i/processing_system7_0/inst/PS7_i/FCLKCLK[0]
                         net (fo=1, routed)           1.207     1.207    Soc_Tracking_i/processing_system7_0/inst/FCLK_CLK_unbuffered[0]
    BUFGCTRL_X0Y0        BUFG (Prop_bufg_I_O)         0.101     1.308 r  Soc_Tracking_i/processing_system7_0/inst/buffer_fclk_clk_0.FCLK_CLK_0_BUFG/O
                         net (fo=5076, routed)        1.665     2.973    Soc_Tracking_i/rst_ps7_0_100M/U0/slowest_sync_clk
    SLICE_X30Y17         FDRE                                         r  Soc_Tracking_i/rst_ps7_0_100M/U0/ACTIVE_LOW_PR_OUT_DFF[0].FDRE_PER_N/C
  -------------------------------------------------------------------    -------------------
    SLICE_X30Y17         FDRE (Prop_fdre_C_Q)         0.478     3.451 f  Soc_Tracking_i/rst_ps7_0_100M/U0/ACTIVE_LOW_PR_OUT_DFF[0].FDRE_PER_N/Q
                         net (fo=72, routed)          2.851     6.302    Soc_Tracking_i/axi_mem_intercon/s00_couplers/auto_ds/inst/gen_downsizer.gen_cascaded_downsizer.first_downsizer_inst/USE_WRITE.write_addr_inst/USE_B_CHANNEL.cmd_b_queue/inst/out
    SLICE_X3Y16          LUT1 (Prop_lut1_I0_O)        0.295     6.597 r  Soc_Tracking_i/axi_mem_intercon/s00_couplers/auto_ds/inst/gen_downsizer.gen_cascaded_downsizer.first_downsizer_inst/USE_WRITE.write_addr_inst/USE_B_CHANNEL.cmd_b_queue/inst/S_AXI_AREADY_I_i_1/O
                         net (fo=204, routed)         4.339    10.936    Soc_Tracking_i/axi_mem_intercon/s00_couplers/auto_ds/inst/gen_downsizer.gen_cascaded_downsizer.first_downsizer_inst/USE_WRITE.write_addr_inst/SR[0]
    SLICE_X28Y2          FDRE                                         r  Soc_Tracking_i/axi_mem_intercon/s00_couplers/auto_ds/inst/gen_downsizer.gen_cascaded_downsizer.first_downsizer_inst/USE_WRITE.write_addr_inst/access_is_incr_q_reg/R
  -------------------------------------------------------------------    -------------------

                         (clock clk_fpga_0 rise edge)
                                                     10.000    10.000 r  
    PS7_X0Y0             PS7                          0.000    10.000 r  Soc_Tracking_i/processing_system7_0/inst/PS7_i/FCLKCLK[0]
                         net (fo=1, routed)           1.101    11.101    Soc_Tracking_i/processing_system7_0/inst/FCLK_CLK_unbuffered[0]
    BUFGCTRL_X0Y0        BUFG (Prop_bufg_I_O)         0.091    11.192 r  Soc_Tracking_i/processing_system7_0/inst/buffer_fclk_clk_0.FCLK_CLK_0_BUFG/O
                         net (fo=5076, routed)        1.500    12.692    Soc_Tracking_i/axi_mem_intercon/s00_couplers/auto_ds/inst/gen_downsizer.gen_cascaded_downsizer.first_downsizer_inst/USE_WRITE.write_addr_inst/CLK
    SLICE_X28Y2          FDRE                                         r  Soc_Tracking_i/axi_mem_intercon/s00_couplers/auto_ds/inst/gen_downsizer.gen_cascaded_downsizer.first_downsizer_inst/USE_WRITE.write_addr_inst/access_is_incr_q_reg/C
                         clock pessimism              0.266    12.958    
                         clock uncertainty           -0.154    12.804    
    SLICE_X28Y2          FDRE (Setup_fdre_C_R)       -0.524    12.280    Soc_Tracking_i/axi_mem_intercon/s00_couplers/auto_ds/inst/gen_downsizer.gen_cascaded_downsizer.first_downsizer_inst/USE_WRITE.write_addr_inst/access_is_incr_q_reg
  -------------------------------------------------------------------
                         required time                         12.280    
                         arrival time                         -10.936    
  -------------------------------------------------------------------
                         slack                                  1.344    

Slack (MET) :             1.355ns  (required time - arrival time)
  Source:                 Soc_Tracking_i/DMA24bUnit_mm2s_0/U0/regslice_both_STR_video_out_V_data_V_U/B_V_data_1_sel_rd_reg/C
                            (rising edge-triggered cell FDRE clocked by clk_fpga_0  {rise@0.000ns fall@5.000ns period=10.000ns})
  Destination:            Soc_Tracking_i/AXI4S_fifo_buf_sw_G/U0/g_fifo_640.fifo_1/U0/inst_fifo_gen/gconvfifo.rf/gbi.bi/v7_bi_fifo.fblk/gextw[1].gnll_fifo.inst_extd/gonep.inst_prim/gf18e1_inst.sngfifo18e1/DI[4]
                            (rising edge-triggered cell FIFO18E1 clocked by clk_fpga_0  {rise@0.000ns fall@5.000ns period=10.000ns})
  Path Group:             clk_fpga_0
  Path Type:              Setup (Max at Slow Process Corner)
  Requirement:            10.000ns  (clk_fpga_0 rise@10.000ns - clk_fpga_0 rise@0.000ns)
  Data Path Delay:        7.741ns  (logic 3.270ns (42.245%)  route 4.471ns (57.755%))
  Logic Levels:           9  (CARRY4=4 LUT2=1 LUT3=3 LUT6=1)
  Clock Path Skew:        -0.014ns (DCD - SCD + CPR)
    Destination Clock Delay (DCD):    2.729ns = ( 12.729 - 10.000 ) 
    Source Clock Delay      (SCD):    2.973ns
    Clock Pessimism Removal (CPR):    0.230ns
  Clock Uncertainty:      0.154ns  ((TSJ^2 + TIJ^2)^1/2 + DJ) / 2 + PE
    Total System Jitter     (TSJ):    0.071ns
    Total Input Jitter      (TIJ):    0.300ns
    Discrete Jitter          (DJ):    0.000ns
    Phase Error              (PE):    0.000ns

    Location             Delay type                Incr(ns)  Path(ns)    Netlist Resource(s)
  -------------------------------------------------------------------    -------------------
                         (clock clk_fpga_0 rise edge)
                                                      0.000     0.000 r  
    PS7_X0Y0             PS7                          0.000     0.000 r  Soc_Tracking_i/processing_system7_0/inst/PS7_i/FCLKCLK[0]
                         net (fo=1, routed)           1.207     1.207    Soc_Tracking_i/processing_system7_0/inst/FCLK_CLK_unbuffered[0]
    BUFGCTRL_X0Y0        BUFG (Prop_bufg_I_O)         0.101     1.308 r  Soc_Tracking_i/processing_system7_0/inst/buffer_fclk_clk_0.FCLK_CLK_0_BUFG/O
                         net (fo=5076, routed)        1.665     2.973    Soc_Tracking_i/DMA24bUnit_mm2s_0/U0/regslice_both_STR_video_out_V_data_V_U/ap_clk
    SLICE_X15Y18         FDRE                                         r  Soc_Tracking_i/DMA24bUnit_mm2s_0/U0/regslice_both_STR_video_out_V_data_V_U/B_V_data_1_sel_rd_reg/C
  -------------------------------------------------------------------    -------------------
    SLICE_X15Y18         FDRE (Prop_fdre_C_Q)         0.456     3.429 r  Soc_Tracking_i/DMA24bUnit_mm2s_0/U0/regslice_both_STR_video_out_V_data_V_U/B_V_data_1_sel_rd_reg/Q
                         net (fo=25, routed)          0.734     4.163    Soc_Tracking_i/DMA24bUnit_mm2s_0/U0/regslice_both_STR_video_out_V_data_V_U/B_V_data_1_sel
    SLICE_X10Y19         LUT3 (Prop_lut3_I2_O)        0.124     4.287 r  Soc_Tracking_i/DMA24bUnit_mm2s_0/U0/regslice_both_STR_video_out_V_data_V_U/STR_video_out_TDATA[9]_INST_0/O
                         net (fo=1, routed)           0.670     4.957    Soc_Tracking_i/Input_selector_AXI4L_0/U0/s01_axis_tdata[9]
    SLICE_X10Y19         LUT3 (Prop_lut3_I2_O)        0.152     5.109 r  Soc_Tracking_i/Input_selector_AXI4L_0/U0/m00_axis_tdata[9]_INST_0/O
                         net (fo=4, routed)           0.633     5.742    Soc_Tracking_i/AXI4_Stream_RGB_to_g_0/U0/s00_axis_tdata[9]
    SLICE_X8Y19          LUT2 (Prop_lut2_I1_O)        0.348     6.090 r  Soc_Tracking_i/AXI4_Stream_RGB_to_g_0/U0/m00_axis_tdata[2]_INST_0_i_17/O
                         net (fo=1, routed)           0.000     6.090    Soc_Tracking_i/AXI4_Stream_RGB_to_g_0/U0/m00_axis_tdata[2]_INST_0_i_17_n_0
    SLICE_X8Y19          CARRY4 (Prop_carry4_S[1]_CO[3])
                                                      0.533     6.623 r  Soc_Tracking_i/AXI4_Stream_RGB_to_g_0/U0/m00_axis_tdata[2]_INST_0_i_6/CO[3]
                         net (fo=1, routed)           0.000     6.623    Soc_Tracking_i/AXI4_Stream_RGB_to_g_0/U0/m00_axis_tdata[2]_INST_0_i_6_n_0
    SLICE_X8Y20          CARRY4 (Prop_carry4_CI_O[1])
                                                      0.323     6.946 r  Soc_Tracking_i/AXI4_Stream_RGB_to_g_0/U0/m00_axis_tdata[7]_INST_0_i_6/O[1]
                         net (fo=2, routed)           0.542     7.488    Soc_Tracking_i/AXI4_Stream_RGB_to_g_0/U0/data2[4]
    SLICE_X7Y20          CARRY4 (Prop_carry4_DI[1]_CO[3])
                                                      0.689     8.177 r  Soc_Tracking_i/AXI4_Stream_RGB_to_g_0/U0/m00_axis_tdata[7]_INST_0_i_2/CO[3]
                         net (fo=1, routed)           0.000     8.177    Soc_Tracking_i/AXI4_Stream_RGB_to_g_0/U0/m00_axis_tdata[7]_INST_0_i_2_n_0
    SLICE_X7Y21          CARRY4 (Prop_carry4_CI_O[0])
                                                      0.222     8.399 r  Soc_Tracking_i/AXI4_Stream_RGB_to_g_0/U0/m00_axis_tdata[7]_INST_0_i_3/O[0]
                         net (fo=5, routed)           0.751     9.151    Soc_Tracking_i/AXI4_Stream_RGB_to_g_0/grey1[8]
    SLICE_X9Y19          LUT6 (Prop_lut6_I3_O)        0.299     9.450 r  Soc_Tracking_i/AXI4_Stream_RGB_to_g_0/m00_axis_tdata[4]_INST_0_i_1/O
                         net (fo=4, routed)           0.702    10.152    Soc_Tracking_i/AXI4_Stream_RGB_to_g_0/m00_axis_tdata[4]_INST_0_i_1_n_0
    SLICE_X6Y19          LUT3 (Prop_lut3_I0_O)        0.124    10.276 r  Soc_Tracking_i/AXI4_Stream_RGB_to_g_0/m00_axis_tdata[4]_INST_0/O
                         net (fo=1, routed)           0.438    10.714    Soc_Tracking_i/AXI4S_fifo_buf_sw_G/U0/g_fifo_640.fifo_1/U0/inst_fifo_gen/gconvfifo.rf/gbi.bi/v7_bi_fifo.fblk/gextw[1].gnll_fifo.inst_extd/gonep.inst_prim/din[4]
    RAMB18_X0Y8          FIFO18E1                                     r  Soc_Tracking_i/AXI4S_fifo_buf_sw_G/U0/g_fifo_640.fifo_1/U0/inst_fifo_gen/gconvfifo.rf/gbi.bi/v7_bi_fifo.fblk/gextw[1].gnll_fifo.inst_extd/gonep.inst_prim/gf18e1_inst.sngfifo18e1/DI[4]
  -------------------------------------------------------------------    -------------------

                         (clock clk_fpga_0 rise edge)
                                                     10.000    10.000 r  
    PS7_X0Y0             PS7                          0.000    10.000 r  Soc_Tracking_i/processing_system7_0/inst/PS7_i/FCLKCLK[0]
                         net (fo=1, routed)           1.101    11.101    Soc_Tracking_i/processing_system7_0/inst/FCLK_CLK_unbuffered[0]
    BUFGCTRL_X0Y0        BUFG (Prop_bufg_I_O)         0.091    11.192 r  Soc_Tracking_i/processing_system7_0/inst/buffer_fclk_clk_0.FCLK_CLK_0_BUFG/O
                         net (fo=5076, routed)        1.537    12.729    Soc_Tracking_i/AXI4S_fifo_buf_sw_G/U0/g_fifo_640.fifo_1/U0/inst_fifo_gen/gconvfifo.rf/gbi.bi/v7_bi_fifo.fblk/gextw[1].gnll_fifo.inst_extd/gonep.inst_prim/clk
    RAMB18_X0Y8          FIFO18E1                                     r  Soc_Tracking_i/AXI4S_fifo_buf_sw_G/U0/g_fifo_640.fifo_1/U0/inst_fifo_gen/gconvfifo.rf/gbi.bi/v7_bi_fifo.fblk/gextw[1].gnll_fifo.inst_extd/gonep.inst_prim/gf18e1_inst.sngfifo18e1/WRCLK
                         clock pessimism              0.230    12.959    
                         clock uncertainty           -0.154    12.805    
    RAMB18_X0Y8          FIFO18E1 (Setup_fifo18e1_WRCLK_DI[4])
                                                     -0.737    12.068    Soc_Tracking_i/AXI4S_fifo_buf_sw_G/U0/g_fifo_640.fifo_1/U0/inst_fifo_gen/gconvfifo.rf/gbi.bi/v7_bi_fifo.fblk/gextw[1].gnll_fifo.inst_extd/gonep.inst_prim/gf18e1_inst.sngfifo18e1
  -------------------------------------------------------------------
                         required time                         12.068    
                         arrival time                         -10.714    
  -------------------------------------------------------------------
                         slack                                  1.355    

Slack (MET) :             1.364ns  (required time - arrival time)
  Source:                 Soc_Tracking_i/DMA24bUnit_mm2s_0/U0/regslice_both_STR_video_out_V_data_V_U/B_V_data_1_sel_rd_reg/C
                            (rising edge-triggered cell FDRE clocked by clk_fpga_0  {rise@0.000ns fall@5.000ns period=10.000ns})
  Destination:            Soc_Tracking_i/AXI4S_fifo_buf_sw_G/U0/g_fifo_640.fifo_1/U0/inst_fifo_gen/gconvfifo.rf/gbi.bi/v7_bi_fifo.fblk/gextw[1].gnll_fifo.inst_extd/gonep.inst_prim/gf18e1_inst.sngfifo18e1/DI[5]
                            (rising edge-triggered cell FIFO18E1 clocked by clk_fpga_0  {rise@0.000ns fall@5.000ns period=10.000ns})
  Path Group:             clk_fpga_0
  Path Type:              Setup (Max at Slow Process Corner)
  Requirement:            10.000ns  (clk_fpga_0 rise@10.000ns - clk_fpga_0 rise@0.000ns)
  Data Path Delay:        7.732ns  (logic 3.498ns (45.243%)  route 4.234ns (54.757%))
  Logic Levels:           9  (CARRY4=4 LUT2=1 LUT3=3 LUT5=1)
  Clock Path Skew:        -0.014ns (DCD - SCD + CPR)
    Destination Clock Delay (DCD):    2.729ns = ( 12.729 - 10.000 ) 
    Source Clock Delay      (SCD):    2.973ns
    Clock Pessimism Removal (CPR):    0.230ns
  Clock Uncertainty:      0.154ns  ((TSJ^2 + TIJ^2)^1/2 + DJ) / 2 + PE
    Total System Jitter     (TSJ):    0.071ns
    Total Input Jitter      (TIJ):    0.300ns
    Discrete Jitter          (DJ):    0.000ns
    Phase Error              (PE):    0.000ns

    Location             Delay type                Incr(ns)  Path(ns)    Netlist Resource(s)
  -------------------------------------------------------------------    -------------------
                         (clock clk_fpga_0 rise edge)
                                                      0.000     0.000 r  
    PS7_X0Y0             PS7                          0.000     0.000 r  Soc_Tracking_i/processing_system7_0/inst/PS7_i/FCLKCLK[0]
                         net (fo=1, routed)           1.207     1.207    Soc_Tracking_i/processing_system7_0/inst/FCLK_CLK_unbuffered[0]
    BUFGCTRL_X0Y0        BUFG (Prop_bufg_I_O)         0.101     1.308 r  Soc_Tracking_i/processing_system7_0/inst/buffer_fclk_clk_0.FCLK_CLK_0_BUFG/O
                         net (fo=5076, routed)        1.665     2.973    Soc_Tracking_i/DMA24bUnit_mm2s_0/U0/regslice_both_STR_video_out_V_data_V_U/ap_clk
    SLICE_X15Y18         FDRE                                         r  Soc_Tracking_i/DMA24bUnit_mm2s_0/U0/regslice_both_STR_video_out_V_data_V_U/B_V_data_1_sel_rd_reg/C
  -------------------------------------------------------------------    -------------------
    SLICE_X15Y18         FDRE (Prop_fdre_C_Q)         0.456     3.429 r  Soc_Tracking_i/DMA24bUnit_mm2s_0/U0/regslice_both_STR_video_out_V_data_V_U/B_V_data_1_sel_rd_reg/Q
                         net (fo=25, routed)          0.734     4.163    Soc_Tracking_i/DMA24bUnit_mm2s_0/U0/regslice_both_STR_video_out_V_data_V_U/B_V_data_1_sel
    SLICE_X10Y19         LUT3 (Prop_lut3_I2_O)        0.124     4.287 r  Soc_Tracking_i/DMA24bUnit_mm2s_0/U0/regslice_both_STR_video_out_V_data_V_U/STR_video_out_TDATA[9]_INST_0/O
                         net (fo=1, routed)           0.670     4.957    Soc_Tracking_i/Input_selector_AXI4L_0/U0/s01_axis_tdata[9]
    SLICE_X10Y19         LUT3 (Prop_lut3_I2_O)        0.152     5.109 r  Soc_Tracking_i/Input_selector_AXI4L_0/U0/m00_axis_tdata[9]_INST_0/O
                         net (fo=4, routed)           0.633     5.742    Soc_Tracking_i/AXI4_Stream_RGB_to_g_0/U0/s00_axis_tdata[9]
    SLICE_X8Y19          LUT2 (Prop_lut2_I1_O)        0.348     6.090 r  Soc_Tracking_i/AXI4_Stream_RGB_to_g_0/U0/m00_axis_tdata[2]_INST_0_i_17/O
                         net (fo=1, routed)           0.000     6.090    Soc_Tracking_i/AXI4_Stream_RGB_to_g_0/U0/m00_axis_tdata[2]_INST_0_i_17_n_0
    SLICE_X8Y19          CARRY4 (Prop_carry4_S[1]_CO[3])
                                                      0.533     6.623 r  Soc_Tracking_i/AXI4_Stream_RGB_to_g_0/U0/m00_axis_tdata[2]_INST_0_i_6/CO[3]
                         net (fo=1, routed)           0.000     6.623    Soc_Tracking_i/AXI4_Stream_RGB_to_g_0/U0/m00_axis_tdata[2]_INST_0_i_6_n_0
    SLICE_X8Y20          CARRY4 (Prop_carry4_CI_O[1])
                                                      0.323     6.946 r  Soc_Tracking_i/AXI4_Stream_RGB_to_g_0/U0/m00_axis_tdata[7]_INST_0_i_6/O[1]
                         net (fo=2, routed)           0.542     7.488    Soc_Tracking_i/AXI4_Stream_RGB_to_g_0/U0/data2[4]
    SLICE_X7Y20          CARRY4 (Prop_carry4_DI[1]_CO[3])
                                                      0.689     8.177 r  Soc_Tracking_i/AXI4_Stream_RGB_to_g_0/U0/m00_axis_tdata[7]_INST_0_i_2/CO[3]
                         net (fo=1, routed)           0.000     8.177    Soc_Tracking_i/AXI4_Stream_RGB_to_g_0/U0/m00_axis_tdata[7]_INST_0_i_2_n_0
    SLICE_X7Y21          CARRY4 (Prop_carry4_CI_O[0])
                                                      0.222     8.399 r  Soc_Tracking_i/AXI4_Stream_RGB_to_g_0/U0/m00_axis_tdata[7]_INST_0_i_3/O[0]
                         net (fo=5, routed)           0.750     9.149    Soc_Tracking_i/AXI4_Stream_RGB_to_g_0/grey1[8]
    SLICE_X9Y20          LUT5 (Prop_lut5_I3_O)        0.325     9.474 r  Soc_Tracking_i/AXI4_Stream_RGB_to_g_0/m00_axis_tdata[5]_INST_0_i_1/O
                         net (fo=1, routed)           0.318     9.792    Soc_Tracking_i/AXI4_Stream_RGB_to_g_0/m00_axis_tdata[5]_INST_0_i_1_n_0
    SLICE_X8Y22          LUT3 (Prop_lut3_I0_O)        0.326    10.118 r  Soc_Tracking_i/AXI4_Stream_RGB_to_g_0/m00_axis_tdata[5]_INST_0/O
                         net (fo=1, routed)           0.586    10.705    Soc_Tracking_i/AXI4S_fifo_buf_sw_G/U0/g_fifo_640.fifo_1/U0/inst_fifo_gen/gconvfifo.rf/gbi.bi/v7_bi_fifo.fblk/gextw[1].gnll_fifo.inst_extd/gonep.inst_prim/din[5]
    RAMB18_X0Y8          FIFO18E1                                     r  Soc_Tracking_i/AXI4S_fifo_buf_sw_G/U0/g_fifo_640.fifo_1/U0/inst_fifo_gen/gconvfifo.rf/gbi.bi/v7_bi_fifo.fblk/gextw[1].gnll_fifo.inst_extd/gonep.inst_prim/gf18e1_inst.sngfifo18e1/DI[5]
  -------------------------------------------------------------------    -------------------

                         (clock clk_fpga_0 rise edge)
                                                     10.000    10.000 r  
    PS7_X0Y0             PS7                          0.000    10.000 r  Soc_Tracking_i/processing_system7_0/inst/PS7_i/FCLKCLK[0]
                         net (fo=1, routed)           1.101    11.101    Soc_Tracking_i/processing_system7_0/inst/FCLK_CLK_unbuffered[0]
    BUFGCTRL_X0Y0        BUFG (Prop_bufg_I_O)         0.091    11.192 r  Soc_Tracking_i/processing_system7_0/inst/buffer_fclk_clk_0.FCLK_CLK_0_BUFG/O
                         net (fo=5076, routed)        1.537    12.729    Soc_Tracking_i/AXI4S_fifo_buf_sw_G/U0/g_fifo_640.fifo_1/U0/inst_fifo_gen/gconvfifo.rf/gbi.bi/v7_bi_fifo.fblk/gextw[1].gnll_fifo.inst_extd/gonep.inst_prim/clk
    RAMB18_X0Y8          FIFO18E1                                     r  Soc_Tracking_i/AXI4S_fifo_buf_sw_G/U0/g_fifo_640.fifo_1/U0/inst_fifo_gen/gconvfifo.rf/gbi.bi/v7_bi_fifo.fblk/gextw[1].gnll_fifo.inst_extd/gonep.inst_prim/gf18e1_inst.sngfifo18e1/WRCLK
                         clock pessimism              0.230    12.959    
                         clock uncertainty           -0.154    12.805    
    RAMB18_X0Y8          FIFO18E1 (Setup_fifo18e1_WRCLK_DI[5])
                                                     -0.737    12.068    Soc_Tracking_i/AXI4S_fifo_buf_sw_G/U0/g_fifo_640.fifo_1/U0/inst_fifo_gen/gconvfifo.rf/gbi.bi/v7_bi_fifo.fblk/gextw[1].gnll_fifo.inst_extd/gonep.inst_prim/gf18e1_inst.sngfifo18e1
  -------------------------------------------------------------------
                         required time                         12.068    
                         arrival time                         -10.705    
  -------------------------------------------------------------------
                         slack                                  1.364    

Slack (MET) :             1.483ns  (required time - arrival time)
  Source:                 Soc_Tracking_i/rst_ps7_0_100M/U0/ACTIVE_LOW_PR_OUT_DFF[0].FDRE_PER_N/C
                            (rising edge-triggered cell FDRE clocked by clk_fpga_0  {rise@0.000ns fall@5.000ns period=10.000ns})
  Destination:            Soc_Tracking_i/axi_mem_intercon/s00_couplers/auto_ds/inst/gen_downsizer.gen_cascaded_downsizer.gen_axi3_conv.axi3_conv_inst/gen_axi4_axi3.axi3_conv_inst/USE_WRITE.write_addr_inst/S_AXI_AREADY_I_reg/R
                            (rising edge-triggered cell FDRE clocked by clk_fpga_0  {rise@0.000ns fall@5.000ns period=10.000ns})
  Path Group:             clk_fpga_0
  Path Type:              Setup (Max at Slow Process Corner)
  Requirement:            10.000ns  (clk_fpga_0 rise@10.000ns - clk_fpga_0 rise@0.000ns)
  Data Path Delay:        7.824ns  (logic 0.773ns (9.879%)  route 7.051ns (90.121%))
  Logic Levels:           1  (LUT1=1)
  Clock Path Skew:        -0.015ns (DCD - SCD + CPR)
    Destination Clock Delay (DCD):    2.693ns = ( 12.693 - 10.000 ) 
    Source Clock Delay      (SCD):    2.973ns
    Clock Pessimism Removal (CPR):    0.266ns
  Clock Uncertainty:      0.154ns  ((TSJ^2 + TIJ^2)^1/2 + DJ) / 2 + PE
    Total System Jitter     (TSJ):    0.071ns
    Total Input Jitter      (TIJ):    0.300ns
    Discrete Jitter          (DJ):    0.000ns
    Phase Error              (PE):    0.000ns

    Location             Delay type                Incr(ns)  Path(ns)    Netlist Resource(s)
  -------------------------------------------------------------------    -------------------
                         (clock clk_fpga_0 rise edge)
                                                      0.000     0.000 r  
    PS7_X0Y0             PS7                          0.000     0.000 r  Soc_Tracking_i/processing_system7_0/inst/PS7_i/FCLKCLK[0]
                         net (fo=1, routed)           1.207     1.207    Soc_Tracking_i/processing_system7_0/inst/FCLK_CLK_unbuffered[0]
    BUFGCTRL_X0Y0        BUFG (Prop_bufg_I_O)         0.101     1.308 r  Soc_Tracking_i/processing_system7_0/inst/buffer_fclk_clk_0.FCLK_CLK_0_BUFG/O
                         net (fo=5076, routed)        1.665     2.973    Soc_Tracking_i/rst_ps7_0_100M/U0/slowest_sync_clk
    SLICE_X30Y17         FDRE                                         r  Soc_Tracking_i/rst_ps7_0_100M/U0/ACTIVE_LOW_PR_OUT_DFF[0].FDRE_PER_N/C
  -------------------------------------------------------------------    -------------------
    SLICE_X30Y17         FDRE (Prop_fdre_C_Q)         0.478     3.451 f  Soc_Tracking_i/rst_ps7_0_100M/U0/ACTIVE_LOW_PR_OUT_DFF[0].FDRE_PER_N/Q
                         net (fo=72, routed)          2.851     6.302    Soc_Tracking_i/axi_mem_intercon/s00_couplers/auto_ds/inst/gen_downsizer.gen_cascaded_downsizer.first_downsizer_inst/USE_WRITE.write_addr_inst/USE_B_CHANNEL.cmd_b_queue/inst/out
    SLICE_X3Y16          LUT1 (Prop_lut1_I0_O)        0.295     6.597 r  Soc_Tracking_i/axi_mem_intercon/s00_couplers/auto_ds/inst/gen_downsizer.gen_cascaded_downsizer.first_downsizer_inst/USE_WRITE.write_addr_inst/USE_B_CHANNEL.cmd_b_queue/inst/S_AXI_AREADY_I_i_1/O
                         net (fo=204, routed)         4.200    10.797    Soc_Tracking_i/axi_mem_intercon/s00_couplers/auto_ds/inst/gen_downsizer.gen_cascaded_downsizer.gen_axi3_conv.axi3_conv_inst/gen_axi4_axi3.axi3_conv_inst/USE_WRITE.write_addr_inst/SR[0]
    SLICE_X28Y1          FDRE                                         r  Soc_Tracking_i/axi_mem_intercon/s00_couplers/auto_ds/inst/gen_downsizer.gen_cascaded_downsizer.gen_axi3_conv.axi3_conv_inst/gen_axi4_axi3.axi3_conv_inst/USE_WRITE.write_addr_inst/S_AXI_AREADY_I_reg/R
  -------------------------------------------------------------------    -------------------

                         (clock clk_fpga_0 rise edge)
                                                     10.000    10.000 r  
    PS7_X0Y0             PS7                          0.000    10.000 r  Soc_Tracking_i/processing_system7_0/inst/PS7_i/FCLKCLK[0]
                         net (fo=1, routed)           1.101    11.101    Soc_Tracking_i/processing_system7_0/inst/FCLK_CLK_unbuffered[0]
    BUFGCTRL_X0Y0        BUFG (Prop_bufg_I_O)         0.091    11.192 r  Soc_Tracking_i/processing_system7_0/inst/buffer_fclk_clk_0.FCLK_CLK_0_BUFG/O
                         net (fo=5076, routed)        1.500    12.692    Soc_Tracking_i/axi_mem_intercon/s00_couplers/auto_ds/inst/gen_downsizer.gen_cascaded_downsizer.gen_axi3_conv.axi3_conv_inst/gen_axi4_axi3.axi3_conv_inst/USE_WRITE.write_addr_inst/out
    SLICE_X28Y1          FDRE                                         r  Soc_Tracking_i/axi_mem_intercon/s00_couplers/auto_ds/inst/gen_downsizer.gen_cascaded_downsizer.gen_axi3_conv.axi3_conv_inst/gen_axi4_axi3.axi3_conv_inst/USE_WRITE.write_addr_inst/S_AXI_AREADY_I_reg/C
                         clock pessimism              0.266    12.958    
                         clock uncertainty           -0.154    12.804    
    SLICE_X28Y1          FDRE (Setup_fdre_C_R)       -0.524    12.280    Soc_Tracking_i/axi_mem_intercon/s00_couplers/auto_ds/inst/gen_downsizer.gen_cascaded_downsizer.gen_axi3_conv.axi3_conv_inst/gen_axi4_axi3.axi3_conv_inst/USE_WRITE.write_addr_inst/S_AXI_AREADY_I_reg
  -------------------------------------------------------------------
                         required time                         12.280    
                         arrival time                         -10.797    
  -------------------------------------------------------------------
                         slack                                  1.483    

Slack (MET) :             1.483ns  (required time - arrival time)
  Source:                 Soc_Tracking_i/rst_ps7_0_100M/U0/ACTIVE_LOW_PR_OUT_DFF[0].FDRE_PER_N/C
                            (rising edge-triggered cell FDRE clocked by clk_fpga_0  {rise@0.000ns fall@5.000ns period=10.000ns})
  Destination:            Soc_Tracking_i/axi_mem_intercon/s00_couplers/auto_ds/inst/gen_downsizer.gen_cascaded_downsizer.gen_axi3_conv.axi3_conv_inst/gen_axi4_axi3.axi3_conv_inst/USE_WRITE.write_addr_inst/command_ongoing_reg/R
                            (rising edge-triggered cell FDRE clocked by clk_fpga_0  {rise@0.000ns fall@5.000ns period=10.000ns})
  Path Group:             clk_fpga_0
  Path Type:              Setup (Max at Slow Process Corner)
  Requirement:            10.000ns  (clk_fpga_0 rise@10.000ns - clk_fpga_0 rise@0.000ns)
  Data Path Delay:        7.824ns  (logic 0.773ns (9.879%)  route 7.051ns (90.121%))
  Logic Levels:           1  (LUT1=1)
  Clock Path Skew:        -0.015ns (DCD - SCD + CPR)
    Destination Clock Delay (DCD):    2.693ns = ( 12.693 - 10.000 ) 
    Source Clock Delay      (SCD):    2.973ns
    Clock Pessimism Removal (CPR):    0.266ns
  Clock Uncertainty:      0.154ns  ((TSJ^2 + TIJ^2)^1/2 + DJ) / 2 + PE
    Total System Jitter     (TSJ):    0.071ns
    Total Input Jitter      (TIJ):    0.300ns
    Discrete Jitter          (DJ):    0.000ns
    Phase Error              (PE):    0.000ns

    Location             Delay type                Incr(ns)  Path(ns)    Netlist Resource(s)
  -------------------------------------------------------------------    -------------------
                         (clock clk_fpga_0 rise edge)
                                                      0.000     0.000 r  
    PS7_X0Y0             PS7                          0.000     0.000 r  Soc_Tracking_i/processing_system7_0/inst/PS7_i/FCLKCLK[0]
                         net (fo=1, routed)           1.207     1.207    Soc_Tracking_i/processing_system7_0/inst/FCLK_CLK_unbuffered[0]
    BUFGCTRL_X0Y0        BUFG (Prop_bufg_I_O)         0.101     1.308 r  Soc_Tracking_i/processing_system7_0/inst/buffer_fclk_clk_0.FCLK_CLK_0_BUFG/O
                         net (fo=5076, routed)        1.665     2.973    Soc_Tracking_i/rst_ps7_0_100M/U0/slowest_sync_clk
    SLICE_X30Y17         FDRE                                         r  Soc_Tracking_i/rst_ps7_0_100M/U0/ACTIVE_LOW_PR_OUT_DFF[0].FDRE_PER_N/C
  -------------------------------------------------------------------    -------------------
    SLICE_X30Y17         FDRE (Prop_fdre_C_Q)         0.478     3.451 f  Soc_Tracking_i/rst_ps7_0_100M/U0/ACTIVE_LOW_PR_OUT_DFF[0].FDRE_PER_N/Q
                         net (fo=72, routed)          2.851     6.302    Soc_Tracking_i/axi_mem_intercon/s00_couplers/auto_ds/inst/gen_downsizer.gen_cascaded_downsizer.first_downsizer_inst/USE_WRITE.write_addr_inst/USE_B_CHANNEL.cmd_b_queue/inst/out
    SLICE_X3Y16          LUT1 (Prop_lut1_I0_O)        0.295     6.597 r  Soc_Tracking_i/axi_mem_intercon/s00_couplers/auto_ds/inst/gen_downsizer.gen_cascaded_downsizer.first_downsizer_inst/USE_WRITE.write_addr_inst/USE_B_CHANNEL.cmd_b_queue/inst/S_AXI_AREADY_I_i_1/O
                         net (fo=204, routed)         4.200    10.797    Soc_Tracking_i/axi_mem_intercon/s00_couplers/auto_ds/inst/gen_downsizer.gen_cascaded_downsizer.gen_axi3_conv.axi3_conv_inst/gen_axi4_axi3.axi3_conv_inst/USE_WRITE.write_addr_inst/SR[0]
    SLICE_X28Y1          FDRE                                         r  Soc_Tracking_i/axi_mem_intercon/s00_couplers/auto_ds/inst/gen_downsizer.gen_cascaded_downsizer.gen_axi3_conv.axi3_conv_inst/gen_axi4_axi3.axi3_conv_inst/USE_WRITE.write_addr_inst/command_ongoing_reg/R
  -------------------------------------------------------------------    -------------------

                         (clock clk_fpga_0 rise edge)
                                                     10.000    10.000 r  
    PS7_X0Y0             PS7                          0.000    10.000 r  Soc_Tracking_i/processing_system7_0/inst/PS7_i/FCLKCLK[0]
                         net (fo=1, routed)           1.101    11.101    Soc_Tracking_i/processing_system7_0/inst/FCLK_CLK_unbuffered[0]
    BUFGCTRL_X0Y0        BUFG (Prop_bufg_I_O)         0.091    11.192 r  Soc_Tracking_i/processing_system7_0/inst/buffer_fclk_clk_0.FCLK_CLK_0_BUFG/O
                         net (fo=5076, routed)        1.500    12.692    Soc_Tracking_i/axi_mem_intercon/s00_couplers/auto_ds/inst/gen_downsizer.gen_cascaded_downsizer.gen_axi3_conv.axi3_conv_inst/gen_axi4_axi3.axi3_conv_inst/USE_WRITE.write_addr_inst/out
    SLICE_X28Y1          FDRE                                         r  Soc_Tracking_i/axi_mem_intercon/s00_couplers/auto_ds/inst/gen_downsizer.gen_cascaded_downsizer.gen_axi3_conv.axi3_conv_inst/gen_axi4_axi3.axi3_conv_inst/USE_WRITE.write_addr_inst/command_ongoing_reg/C
                         clock pessimism              0.266    12.958    
                         clock uncertainty           -0.154    12.804    
    SLICE_X28Y1          FDRE (Setup_fdre_C_R)       -0.524    12.280    Soc_Tracking_i/axi_mem_intercon/s00_couplers/auto_ds/inst/gen_downsizer.gen_cascaded_downsizer.gen_axi3_conv.axi3_conv_inst/gen_axi4_axi3.axi3_conv_inst/USE_WRITE.write_addr_inst/command_ongoing_reg
  -------------------------------------------------------------------
                         required time                         12.280    
                         arrival time                         -10.797    
  -------------------------------------------------------------------
                         slack                                  1.483    





Min Delay Paths
--------------------------------------------------------------------------------------
Slack (MET) :             0.024ns  (arrival time - required time)
  Source:                 Soc_Tracking_i/axi_mem_intercon/s00_couplers/auto_ds/inst/gen_downsizer.gen_cascaded_downsizer.gen_axi3_conv.axi3_conv_inst/gen_axi4_axi3.axi3_conv_inst/USE_READ.USE_SPLIT_R.read_addr_inst/USE_R_CHANNEL.cmd_queue/inst/fifo_gen_inst/inst_fifo_gen/gconvfifo.rf/grf.rf/gntv_or_sync_fifo.gl0.wr/wpntr/gcc0.gc0.count_d1_reg[0]/C
                            (rising edge-triggered cell FDCE clocked by clk_fpga_0  {rise@0.000ns fall@5.000ns period=10.000ns})
  Destination:            Soc_Tracking_i/axi_mem_intercon/s00_couplers/auto_ds/inst/gen_downsizer.gen_cascaded_downsizer.gen_axi3_conv.axi3_conv_inst/gen_axi4_axi3.axi3_conv_inst/USE_READ.USE_SPLIT_R.read_addr_inst/USE_R_CHANNEL.cmd_queue/inst/fifo_gen_inst/inst_fifo_gen/gconvfifo.rf/grf.rf/gntv_or_sync_fifo.mem/gdm.dm_gen.dm/RAM_reg_0_31_0_0/DP/WADR0
                            (rising edge-triggered cell RAMD32 clocked by clk_fpga_0  {rise@0.000ns fall@5.000ns period=10.000ns})
  Path Group:             clk_fpga_0
  Path Type:              Hold (Min at Fast Process Corner)
  Requirement:            0.000ns  (clk_fpga_0 rise@0.000ns - clk_fpga_0 rise@0.000ns)
  Data Path Delay:        0.347ns  (logic 0.141ns (40.606%)  route 0.206ns (59.394%))
  Logic Levels:           0  
  Clock Path Skew:        0.013ns (DCD - SCD - CPR)
    Destination Clock Delay (DCD):    1.199ns
    Source Clock Delay      (SCD):    0.902ns
    Clock Pessimism Removal (CPR):    0.284ns

    Location             Delay type                Incr(ns)  Path(ns)    Netlist Resource(s)
  -------------------------------------------------------------------    -------------------
                         (clock clk_fpga_0 rise edge)
                                                      0.000     0.000 r  
    PS7_X0Y0             PS7                          0.000     0.000 r  Soc_Tracking_i/processing_system7_0/inst/PS7_i/FCLKCLK[0]
                         net (fo=1, routed)           0.315     0.315    Soc_Tracking_i/processing_system7_0/inst/FCLK_CLK_unbuffered[0]
    BUFGCTRL_X0Y0        BUFG (Prop_bufg_I_O)         0.026     0.341 r  Soc_Tracking_i/processing_system7_0/inst/buffer_fclk_clk_0.FCLK_CLK_0_BUFG/O
                         net (fo=5076, routed)        0.561     0.902    Soc_Tracking_i/axi_mem_intercon/s00_couplers/auto_ds/inst/gen_downsizer.gen_cascaded_downsizer.gen_axi3_conv.axi3_conv_inst/gen_axi4_axi3.axi3_conv_inst/USE_READ.USE_SPLIT_R.read_addr_inst/USE_R_CHANNEL.cmd_queue/inst/fifo_gen_inst/inst_fifo_gen/gconvfifo.rf/grf.rf/gntv_or_sync_fifo.gl0.wr/wpntr/clk
    SLICE_X25Y2          FDCE                                         r  Soc_Tracking_i/axi_mem_intercon/s00_couplers/auto_ds/inst/gen_downsizer.gen_cascaded_downsizer.gen_axi3_conv.axi3_conv_inst/gen_axi4_axi3.axi3_conv_inst/USE_READ.USE_SPLIT_R.read_addr_inst/USE_R_CHANNEL.cmd_queue/inst/fifo_gen_inst/inst_fifo_gen/gconvfifo.rf/grf.rf/gntv_or_sync_fifo.gl0.wr/wpntr/gcc0.gc0.count_d1_reg[0]/C
  -------------------------------------------------------------------    -------------------
    SLICE_X25Y2          FDCE (Prop_fdce_C_Q)         0.141     1.043 r  Soc_Tracking_i/axi_mem_intercon/s00_couplers/auto_ds/inst/gen_downsizer.gen_cascaded_downsizer.gen_axi3_conv.axi3_conv_inst/gen_axi4_axi3.axi3_conv_inst/USE_READ.USE_SPLIT_R.read_addr_inst/USE_R_CHANNEL.cmd_queue/inst/fifo_gen_inst/inst_fifo_gen/gconvfifo.rf/grf.rf/gntv_or_sync_fifo.gl0.wr/wpntr/gcc0.gc0.count_d1_reg[0]/Q
                         net (fo=5, routed)           0.206     1.249    Soc_Tracking_i/axi_mem_intercon/s00_couplers/auto_ds/inst/gen_downsizer.gen_cascaded_downsizer.gen_axi3_conv.axi3_conv_inst/gen_axi4_axi3.axi3_conv_inst/USE_READ.USE_SPLIT_R.read_addr_inst/USE_R_CHANNEL.cmd_queue/inst/fifo_gen_inst/inst_fifo_gen/gconvfifo.rf/grf.rf/gntv_or_sync_fifo.mem/gdm.dm_gen.dm/RAM_reg_0_31_0_0/A0
    SLICE_X24Y2          RAMD32                                       r  Soc_Tracking_i/axi_mem_intercon/s00_couplers/auto_ds/inst/gen_downsizer.gen_cascaded_downsizer.gen_axi3_conv.axi3_conv_inst/gen_axi4_axi3.axi3_conv_inst/USE_READ.USE_SPLIT_R.read_addr_inst/USE_R_CHANNEL.cmd_queue/inst/fifo_gen_inst/inst_fifo_gen/gconvfifo.rf/grf.rf/gntv_or_sync_fifo.mem/gdm.dm_gen.dm/RAM_reg_0_31_0_0/DP/WADR0
  -------------------------------------------------------------------    -------------------

                         (clock clk_fpga_0 rise edge)
                                                      0.000     0.000 r  
    PS7_X0Y0             PS7                          0.000     0.000 r  Soc_Tracking_i/processing_system7_0/inst/PS7_i/FCLKCLK[0]
                         net (fo=1, routed)           0.341     0.341    Soc_Tracking_i/processing_system7_0/inst/FCLK_CLK_unbuffered[0]
    BUFGCTRL_X0Y0        BUFG (Prop_bufg_I_O)         0.029     0.370 r  Soc_Tracking_i/processing_system7_0/inst/buffer_fclk_clk_0.FCLK_CLK_0_BUFG/O
                         net (fo=5076, routed)        0.829     1.199    Soc_Tracking_i/axi_mem_intercon/s00_couplers/auto_ds/inst/gen_downsizer.gen_cascaded_downsizer.gen_axi3_conv.axi3_conv_inst/gen_axi4_axi3.axi3_conv_inst/USE_READ.USE_SPLIT_R.read_addr_inst/USE_R_CHANNEL.cmd_queue/inst/fifo_gen_inst/inst_fifo_gen/gconvfifo.rf/grf.rf/gntv_or_sync_fifo.mem/gdm.dm_gen.dm/RAM_reg_0_31_0_0/WCLK
    SLICE_X24Y2          RAMD32                                       r  Soc_Tracking_i/axi_mem_intercon/s00_couplers/auto_ds/inst/gen_downsizer.gen_cascaded_downsizer.gen_axi3_conv.axi3_conv_inst/gen_axi4_axi3.axi3_conv_inst/USE_READ.USE_SPLIT_R.read_addr_inst/USE_R_CHANNEL.cmd_queue/inst/fifo_gen_inst/inst_fifo_gen/gconvfifo.rf/grf.rf/gntv_or_sync_fifo.mem/gdm.dm_gen.dm/RAM_reg_0_31_0_0/DP/CLK
                         clock pessimism             -0.284     0.915    
    SLICE_X24Y2          RAMD32 (Hold_ramd32_CLK_WADR0)
                                                      0.310     1.225    Soc_Tracking_i/axi_mem_intercon/s00_couplers/auto_ds/inst/gen_downsizer.gen_cascaded_downsizer.gen_axi3_conv.axi3_conv_inst/gen_axi4_axi3.axi3_conv_inst/USE_READ.USE_SPLIT_R.read_addr_inst/USE_R_CHANNEL.cmd_queue/inst/fifo_gen_inst/inst_fifo_gen/gconvfifo.rf/grf.rf/gntv_or_sync_fifo.mem/gdm.dm_gen.dm/RAM_reg_0_31_0_0/DP
  -------------------------------------------------------------------
                         required time                         -1.225    
                         arrival time                           1.249    
  -------------------------------------------------------------------
                         slack                                  0.024    

Slack (MET) :             0.024ns  (arrival time - required time)
  Source:                 Soc_Tracking_i/axi_mem_intercon/s00_couplers/auto_ds/inst/gen_downsizer.gen_cascaded_downsizer.gen_axi3_conv.axi3_conv_inst/gen_axi4_axi3.axi3_conv_inst/USE_READ.USE_SPLIT_R.read_addr_inst/USE_R_CHANNEL.cmd_queue/inst/fifo_gen_inst/inst_fifo_gen/gconvfifo.rf/grf.rf/gntv_or_sync_fifo.gl0.wr/wpntr/gcc0.gc0.count_d1_reg[0]/C
                            (rising edge-triggered cell FDCE clocked by clk_fpga_0  {rise@0.000ns fall@5.000ns period=10.000ns})
  Destination:            Soc_Tracking_i/axi_mem_intercon/s00_couplers/auto_ds/inst/gen_downsizer.gen_cascaded_downsizer.gen_axi3_conv.axi3_conv_inst/gen_axi4_axi3.axi3_conv_inst/USE_READ.USE_SPLIT_R.read_addr_inst/USE_R_CHANNEL.cmd_queue/inst/fifo_gen_inst/inst_fifo_gen/gconvfifo.rf/grf.rf/gntv_or_sync_fifo.mem/gdm.dm_gen.dm/RAM_reg_0_31_0_0/SP/WADR0
                            (rising edge-triggered cell RAMD32 clocked by clk_fpga_0  {rise@0.000ns fall@5.000ns period=10.000ns})
  Path Group:             clk_fpga_0
  Path Type:              Hold (Min at Fast Process Corner)
  Requirement:            0.000ns  (clk_fpga_0 rise@0.000ns - clk_fpga_0 rise@0.000ns)
  Data Path Delay:        0.347ns  (logic 0.141ns (40.606%)  route 0.206ns (59.394%))
  Logic Levels:           0  
  Clock Path Skew:        0.013ns (DCD - SCD - CPR)
    Destination Clock Delay (DCD):    1.199ns
    Source Clock Delay      (SCD):    0.902ns
    Clock Pessimism Removal (CPR):    0.284ns

    Location             Delay type                Incr(ns)  Path(ns)    Netlist Resource(s)
  -------------------------------------------------------------------    -------------------
                         (clock clk_fpga_0 rise edge)
                                                      0.000     0.000 r  
    PS7_X0Y0             PS7                          0.000     0.000 r  Soc_Tracking_i/processing_system7_0/inst/PS7_i/FCLKCLK[0]
                         net (fo=1, routed)           0.315     0.315    Soc_Tracking_i/processing_system7_0/inst/FCLK_CLK_unbuffered[0]
    BUFGCTRL_X0Y0        BUFG (Prop_bufg_I_O)         0.026     0.341 r  Soc_Tracking_i/processing_system7_0/inst/buffer_fclk_clk_0.FCLK_CLK_0_BUFG/O
                         net (fo=5076, routed)        0.561     0.902    Soc_Tracking_i/axi_mem_intercon/s00_couplers/auto_ds/inst/gen_downsizer.gen_cascaded_downsizer.gen_axi3_conv.axi3_conv_inst/gen_axi4_axi3.axi3_conv_inst/USE_READ.USE_SPLIT_R.read_addr_inst/USE_R_CHANNEL.cmd_queue/inst/fifo_gen_inst/inst_fifo_gen/gconvfifo.rf/grf.rf/gntv_or_sync_fifo.gl0.wr/wpntr/clk
    SLICE_X25Y2          FDCE                                         r  Soc_Tracking_i/axi_mem_intercon/s00_couplers/auto_ds/inst/gen_downsizer.gen_cascaded_downsizer.gen_axi3_conv.axi3_conv_inst/gen_axi4_axi3.axi3_conv_inst/USE_READ.USE_SPLIT_R.read_addr_inst/USE_R_CHANNEL.cmd_queue/inst/fifo_gen_inst/inst_fifo_gen/gconvfifo.rf/grf.rf/gntv_or_sync_fifo.gl0.wr/wpntr/gcc0.gc0.count_d1_reg[0]/C
  -------------------------------------------------------------------    -------------------
    SLICE_X25Y2          FDCE (Prop_fdce_C_Q)         0.141     1.043 r  Soc_Tracking_i/axi_mem_intercon/s00_couplers/auto_ds/inst/gen_downsizer.gen_cascaded_downsizer.gen_axi3_conv.axi3_conv_inst/gen_axi4_axi3.axi3_conv_inst/USE_READ.USE_SPLIT_R.read_addr_inst/USE_R_CHANNEL.cmd_queue/inst/fifo_gen_inst/inst_fifo_gen/gconvfifo.rf/grf.rf/gntv_or_sync_fifo.gl0.wr/wpntr/gcc0.gc0.count_d1_reg[0]/Q
                         net (fo=5, routed)           0.206     1.249    Soc_Tracking_i/axi_mem_intercon/s00_couplers/auto_ds/inst/gen_downsizer.gen_cascaded_downsizer.gen_axi3_conv.axi3_conv_inst/gen_axi4_axi3.axi3_conv_inst/USE_READ.USE_SPLIT_R.read_addr_inst/USE_R_CHANNEL.cmd_queue/inst/fifo_gen_inst/inst_fifo_gen/gconvfifo.rf/grf.rf/gntv_or_sync_fifo.mem/gdm.dm_gen.dm/RAM_reg_0_31_0_0/A0
    SLICE_X24Y2          RAMD32                                       r  Soc_Tracking_i/axi_mem_intercon/s00_couplers/auto_ds/inst/gen_downsizer.gen_cascaded_downsizer.gen_axi3_conv.axi3_conv_inst/gen_axi4_axi3.axi3_conv_inst/USE_READ.USE_SPLIT_R.read_addr_inst/USE_R_CHANNEL.cmd_queue/inst/fifo_gen_inst/inst_fifo_gen/gconvfifo.rf/grf.rf/gntv_or_sync_fifo.mem/gdm.dm_gen.dm/RAM_reg_0_31_0_0/SP/WADR0
  -------------------------------------------------------------------    -------------------

                         (clock clk_fpga_0 rise edge)
                                                      0.000     0.000 r  
    PS7_X0Y0             PS7                          0.000     0.000 r  Soc_Tracking_i/processing_system7_0/inst/PS7_i/FCLKCLK[0]
                         net (fo=1, routed)           0.341     0.341    Soc_Tracking_i/processing_system7_0/inst/FCLK_CLK_unbuffered[0]
    BUFGCTRL_X0Y0        BUFG (Prop_bufg_I_O)         0.029     0.370 r  Soc_Tracking_i/processing_system7_0/inst/buffer_fclk_clk_0.FCLK_CLK_0_BUFG/O
                         net (fo=5076, routed)        0.829     1.199    Soc_Tracking_i/axi_mem_intercon/s00_couplers/auto_ds/inst/gen_downsizer.gen_cascaded_downsizer.gen_axi3_conv.axi3_conv_inst/gen_axi4_axi3.axi3_conv_inst/USE_READ.USE_SPLIT_R.read_addr_inst/USE_R_CHANNEL.cmd_queue/inst/fifo_gen_inst/inst_fifo_gen/gconvfifo.rf/grf.rf/gntv_or_sync_fifo.mem/gdm.dm_gen.dm/RAM_reg_0_31_0_0/WCLK
    SLICE_X24Y2          RAMD32                                       r  Soc_Tracking_i/axi_mem_intercon/s00_couplers/auto_ds/inst/gen_downsizer.gen_cascaded_downsizer.gen_axi3_conv.axi3_conv_inst/gen_axi4_axi3.axi3_conv_inst/USE_READ.USE_SPLIT_R.read_addr_inst/USE_R_CHANNEL.cmd_queue/inst/fifo_gen_inst/inst_fifo_gen/gconvfifo.rf/grf.rf/gntv_or_sync_fifo.mem/gdm.dm_gen.dm/RAM_reg_0_31_0_0/SP/CLK
                         clock pessimism             -0.284     0.915    
    SLICE_X24Y2          RAMD32 (Hold_ramd32_CLK_WADR0)
                                                      0.310     1.225    Soc_Tracking_i/axi_mem_intercon/s00_couplers/auto_ds/inst/gen_downsizer.gen_cascaded_downsizer.gen_axi3_conv.axi3_conv_inst/gen_axi4_axi3.axi3_conv_inst/USE_READ.USE_SPLIT_R.read_addr_inst/USE_R_CHANNEL.cmd_queue/inst/fifo_gen_inst/inst_fifo_gen/gconvfifo.rf/grf.rf/gntv_or_sync_fifo.mem/gdm.dm_gen.dm/RAM_reg_0_31_0_0/SP
  -------------------------------------------------------------------
                         required time                         -1.225    
                         arrival time                           1.249    
  -------------------------------------------------------------------
                         slack                                  0.024    

Slack (MET) :             0.025ns  (arrival time - required time)
  Source:                 Soc_Tracking_i/AXI4S_Binarisation_A_0/U0/AXI4S_Binarisation_AXI4L_v1_0_S00_AXI_inst/axi_rdata_reg[11]/C
                            (rising edge-triggered cell FDRE clocked by clk_fpga_0  {rise@0.000ns fall@5.000ns period=10.000ns})
  Destination:            Soc_Tracking_i/ps7_0_axi_periph/xbar/inst/gen_sasd.crossbar_sasd_0/reg_slice_r/skid_buffer_reg[14]/D
                            (rising edge-triggered cell FDRE clocked by clk_fpga_0  {rise@0.000ns fall@5.000ns period=10.000ns})
  Path Group:             clk_fpga_0
  Path Type:              Hold (Min at Fast Process Corner)
  Requirement:            0.000ns  (clk_fpga_0 rise@0.000ns - clk_fpga_0 rise@0.000ns)
  Data Path Delay:        0.412ns  (logic 0.186ns (45.133%)  route 0.226ns (54.867%))
  Logic Levels:           1  (LUT6=1)
  Clock Path Skew:        0.267ns (DCD - SCD - CPR)
    Destination Clock Delay (DCD):    1.202ns
    Source Clock Delay      (SCD):    0.901ns
    Clock Pessimism Removal (CPR):    0.034ns

    Location             Delay type                Incr(ns)  Path(ns)    Netlist Resource(s)
  -------------------------------------------------------------------    -------------------
                         (clock clk_fpga_0 rise edge)
                                                      0.000     0.000 r  
    PS7_X0Y0             PS7                          0.000     0.000 r  Soc_Tracking_i/processing_system7_0/inst/PS7_i/FCLKCLK[0]
                         net (fo=1, routed)           0.315     0.315    Soc_Tracking_i/processing_system7_0/inst/FCLK_CLK_unbuffered[0]
    BUFGCTRL_X0Y0        BUFG (Prop_bufg_I_O)         0.026     0.341 r  Soc_Tracking_i/processing_system7_0/inst/buffer_fclk_clk_0.FCLK_CLK_0_BUFG/O
                         net (fo=5076, routed)        0.560     0.901    Soc_Tracking_i/AXI4S_Binarisation_A_0/U0/AXI4S_Binarisation_AXI4L_v1_0_S00_AXI_inst/s00_axi_aclk
    SLICE_X22Y45         FDRE                                         r  Soc_Tracking_i/AXI4S_Binarisation_A_0/U0/AXI4S_Binarisation_AXI4L_v1_0_S00_AXI_inst/axi_rdata_reg[11]/C
  -------------------------------------------------------------------    -------------------
    SLICE_X22Y45         FDRE (Prop_fdre_C_Q)         0.141     1.042 r  Soc_Tracking_i/AXI4S_Binarisation_A_0/U0/AXI4S_Binarisation_AXI4L_v1_0_S00_AXI_inst/axi_rdata_reg[11]/Q
                         net (fo=1, routed)           0.226     1.268    Soc_Tracking_i/ps7_0_axi_periph/xbar/inst/gen_sasd.crossbar_sasd_0/reg_slice_r/m_axi_rdata[11]
    SLICE_X16Y47         LUT6 (Prop_lut6_I0_O)        0.045     1.313 r  Soc_Tracking_i/ps7_0_axi_periph/xbar/inst/gen_sasd.crossbar_sasd_0/reg_slice_r/m_payload_i[14]_i_1/O
                         net (fo=2, routed)           0.000     1.313    Soc_Tracking_i/ps7_0_axi_periph/xbar/inst/gen_sasd.crossbar_sasd_0/reg_slice_r/skid_buffer[14]
    SLICE_X16Y47         FDRE                                         r  Soc_Tracking_i/ps7_0_axi_periph/xbar/inst/gen_sasd.crossbar_sasd_0/reg_slice_r/skid_buffer_reg[14]/D
  -------------------------------------------------------------------    -------------------

                         (clock clk_fpga_0 rise edge)
                                                      0.000     0.000 r  
    PS7_X0Y0             PS7                          0.000     0.000 r  Soc_Tracking_i/processing_system7_0/inst/PS7_i/FCLKCLK[0]
                         net (fo=1, routed)           0.341     0.341    Soc_Tracking_i/processing_system7_0/inst/FCLK_CLK_unbuffered[0]
    BUFGCTRL_X0Y0        BUFG (Prop_bufg_I_O)         0.029     0.370 r  Soc_Tracking_i/processing_system7_0/inst/buffer_fclk_clk_0.FCLK_CLK_0_BUFG/O
                         net (fo=5076, routed)        0.832     1.202    Soc_Tracking_i/ps7_0_axi_periph/xbar/inst/gen_sasd.crossbar_sasd_0/reg_slice_r/aclk
    SLICE_X16Y47         FDRE                                         r  Soc_Tracking_i/ps7_0_axi_periph/xbar/inst/gen_sasd.crossbar_sasd_0/reg_slice_r/skid_buffer_reg[14]/C
                         clock pessimism             -0.034     1.168    
    SLICE_X16Y47         FDRE (Hold_fdre_C_D)         0.120     1.288    Soc_Tracking_i/ps7_0_axi_periph/xbar/inst/gen_sasd.crossbar_sasd_0/reg_slice_r/skid_buffer_reg[14]
  -------------------------------------------------------------------
                         required time                         -1.288    
                         arrival time                           1.313    
  -------------------------------------------------------------------
                         slack                                  0.025    

Slack (MET) :             0.040ns  (arrival time - required time)
  Source:                 Soc_Tracking_i/AXI4S_Filter_Harris/U0/values_reg[7][6]/C
                            (rising edge-triggered cell FDRE clocked by clk_fpga_0  {rise@0.000ns fall@5.000ns period=10.000ns})
  Destination:            Soc_Tracking_i/AXI4S_Filter_Harris/U0/part_sums_reg[2][7]/D
                            (rising edge-triggered cell FDRE clocked by clk_fpga_0  {rise@0.000ns fall@5.000ns period=10.000ns})
  Path Group:             clk_fpga_0
  Path Type:              Hold (Min at Fast Process Corner)
  Requirement:            0.000ns  (clk_fpga_0 rise@0.000ns - clk_fpga_0 rise@0.000ns)
  Data Path Delay:        0.438ns  (logic 0.270ns (61.686%)  route 0.168ns (38.314%))
  Logic Levels:           1  (CARRY4=1)
  Clock Path Skew:        0.263ns (DCD - SCD - CPR)
    Destination Clock Delay (DCD):    1.189ns
    Source Clock Delay      (SCD):    0.892ns
    Clock Pessimism Removal (CPR):    0.034ns

    Location             Delay type                Incr(ns)  Path(ns)    Netlist Resource(s)
  -------------------------------------------------------------------    -------------------
                         (clock clk_fpga_0 rise edge)
                                                      0.000     0.000 r  
    PS7_X0Y0             PS7                          0.000     0.000 r  Soc_Tracking_i/processing_system7_0/inst/PS7_i/FCLKCLK[0]
                         net (fo=1, routed)           0.315     0.315    Soc_Tracking_i/processing_system7_0/inst/FCLK_CLK_unbuffered[0]
    BUFGCTRL_X0Y0        BUFG (Prop_bufg_I_O)         0.026     0.341 r  Soc_Tracking_i/processing_system7_0/inst/buffer_fclk_clk_0.FCLK_CLK_0_BUFG/O
                         net (fo=5076, routed)        0.551     0.892    Soc_Tracking_i/AXI4S_Filter_Harris/U0/s00_axis_aclk
    SLICE_X22Y29         FDRE                                         r  Soc_Tracking_i/AXI4S_Filter_Harris/U0/values_reg[7][6]/C
  -------------------------------------------------------------------    -------------------
    SLICE_X22Y29         FDRE (Prop_fdre_C_Q)         0.141     1.033 r  Soc_Tracking_i/AXI4S_Filter_Harris/U0/values_reg[7][6]/Q
                         net (fo=2, routed)           0.168     1.200    Soc_Tracking_i/AXI4S_Filter_Harris/U0/values_reg_n_0_[7][6]
    SLICE_X20Y29         CARRY4 (Prop_carry4_DI[2]_O[3])
                                                      0.129     1.329 r  Soc_Tracking_i/AXI4S_Filter_Harris/U0/part_sums_reg[2][7]_i_1/O[3]
                         net (fo=1, routed)           0.000     1.329    Soc_Tracking_i/AXI4S_Filter_Harris/U0/sum_part[2][7]
    SLICE_X20Y29         FDRE                                         r  Soc_Tracking_i/AXI4S_Filter_Harris/U0/part_sums_reg[2][7]/D
  -------------------------------------------------------------------    -------------------

                         (clock clk_fpga_0 rise edge)
                                                      0.000     0.000 r  
    PS7_X0Y0             PS7                          0.000     0.000 r  Soc_Tracking_i/processing_system7_0/inst/PS7_i/FCLKCLK[0]
                         net (fo=1, routed)           0.341     0.341    Soc_Tracking_i/processing_system7_0/inst/FCLK_CLK_unbuffered[0]
    BUFGCTRL_X0Y0        BUFG (Prop_bufg_I_O)         0.029     0.370 r  Soc_Tracking_i/processing_system7_0/inst/buffer_fclk_clk_0.FCLK_CLK_0_BUFG/O
                         net (fo=5076, routed)        0.819     1.189    Soc_Tracking_i/AXI4S_Filter_Harris/U0/s00_axis_aclk
    SLICE_X20Y29         FDRE                                         r  Soc_Tracking_i/AXI4S_Filter_Harris/U0/part_sums_reg[2][7]/C
                         clock pessimism             -0.034     1.155    
    SLICE_X20Y29         FDRE (Hold_fdre_C_D)         0.134     1.289    Soc_Tracking_i/AXI4S_Filter_Harris/U0/part_sums_reg[2][7]
  -------------------------------------------------------------------
                         required time                         -1.289    
                         arrival time                           1.329    
  -------------------------------------------------------------------
                         slack                                  0.040    

Slack (MET) :             0.042ns  (arrival time - required time)
  Source:                 Soc_Tracking_i/DMA24bUnit_mm2s_0/U0/gmem_m_axi_U/bus_read/rs_rdata/data_p1_reg[126]/C
                            (rising edge-triggered cell FDRE clocked by clk_fpga_0  {rise@0.000ns fall@5.000ns period=10.000ns})
  Destination:            Soc_Tracking_i/DMA24bUnit_mm2s_0/U0/grp_DMA24b_mm2s_fu_78/DMA24b_mm2s_fetch_U0/data_mm_buffer_V_reg_512_reg[126]/D
                            (rising edge-triggered cell FDRE clocked by clk_fpga_0  {rise@0.000ns fall@5.000ns period=10.000ns})
  Path Group:             clk_fpga_0
  Path Type:              Hold (Min at Fast Process Corner)
  Requirement:            0.000ns  (clk_fpga_0 rise@0.000ns - clk_fpga_0 rise@0.000ns)
  Data Path Delay:        0.365ns  (logic 0.141ns (38.629%)  route 0.224ns (61.371%))
  Logic Levels:           0  
  Clock Path Skew:        0.260ns (DCD - SCD - CPR)
    Destination Clock Delay (DCD):    1.197ns
    Source Clock Delay      (SCD):    0.903ns
    Clock Pessimism Removal (CPR):    0.034ns

    Location             Delay type                Incr(ns)  Path(ns)    Netlist Resource(s)
  -------------------------------------------------------------------    -------------------
                         (clock clk_fpga_0 rise edge)
                                                      0.000     0.000 r  
    PS7_X0Y0             PS7                          0.000     0.000 r  Soc_Tracking_i/processing_system7_0/inst/PS7_i/FCLKCLK[0]
                         net (fo=1, routed)           0.315     0.315    Soc_Tracking_i/processing_system7_0/inst/FCLK_CLK_unbuffered[0]
    BUFGCTRL_X0Y0        BUFG (Prop_bufg_I_O)         0.026     0.341 r  Soc_Tracking_i/processing_system7_0/inst/buffer_fclk_clk_0.FCLK_CLK_0_BUFG/O
                         net (fo=5076, routed)        0.562     0.903    Soc_Tracking_i/DMA24bUnit_mm2s_0/U0/gmem_m_axi_U/bus_read/rs_rdata/ap_clk
    SLICE_X15Y9          FDRE                                         r  Soc_Tracking_i/DMA24bUnit_mm2s_0/U0/gmem_m_axi_U/bus_read/rs_rdata/data_p1_reg[126]/C
  -------------------------------------------------------------------    -------------------
    SLICE_X15Y9          FDRE (Prop_fdre_C_Q)         0.141     1.044 r  Soc_Tracking_i/DMA24bUnit_mm2s_0/U0/gmem_m_axi_U/bus_read/rs_rdata/data_p1_reg[126]/Q
                         net (fo=1, routed)           0.224     1.268    Soc_Tracking_i/DMA24bUnit_mm2s_0/U0/grp_DMA24b_mm2s_fu_78/DMA24b_mm2s_fetch_U0/data_mm_buffer_V_reg_512_reg[127]_1[126]
    SLICE_X24Y9          FDRE                                         r  Soc_Tracking_i/DMA24bUnit_mm2s_0/U0/grp_DMA24b_mm2s_fu_78/DMA24b_mm2s_fetch_U0/data_mm_buffer_V_reg_512_reg[126]/D
  -------------------------------------------------------------------    -------------------

                         (clock clk_fpga_0 rise edge)
                                                      0.000     0.000 r  
    PS7_X0Y0             PS7                          0.000     0.000 r  Soc_Tracking_i/processing_system7_0/inst/PS7_i/FCLKCLK[0]
                         net (fo=1, routed)           0.341     0.341    Soc_Tracking_i/processing_system7_0/inst/FCLK_CLK_unbuffered[0]
    BUFGCTRL_X0Y0        BUFG (Prop_bufg_I_O)         0.029     0.370 r  Soc_Tracking_i/processing_system7_0/inst/buffer_fclk_clk_0.FCLK_CLK_0_BUFG/O
                         net (fo=5076, routed)        0.827     1.197    Soc_Tracking_i/DMA24bUnit_mm2s_0/U0/grp_DMA24b_mm2s_fu_78/DMA24b_mm2s_fetch_U0/ap_clk
    SLICE_X24Y9          FDRE                                         r  Soc_Tracking_i/DMA24bUnit_mm2s_0/U0/grp_DMA24b_mm2s_fu_78/DMA24b_mm2s_fetch_U0/data_mm_buffer_V_reg_512_reg[126]/C
                         clock pessimism             -0.034     1.163    
    SLICE_X24Y9          FDRE (Hold_fdre_C_D)         0.063     1.226    Soc_Tracking_i/DMA24bUnit_mm2s_0/U0/grp_DMA24b_mm2s_fu_78/DMA24b_mm2s_fetch_U0/data_mm_buffer_V_reg_512_reg[126]
  -------------------------------------------------------------------
                         required time                         -1.226    
                         arrival time                           1.268    
  -------------------------------------------------------------------
                         slack                                  0.042    

Slack (MET) :             0.047ns  (arrival time - required time)
  Source:                 Soc_Tracking_i/ps7_0_axi_periph/s00_couplers/auto_pc/inst/gen_axilite.gen_b2s_conv.axilite_b2s/SI_REG/b.b_pipe/m_valid_i_reg/C
                            (rising edge-triggered cell FDRE clocked by clk_fpga_0  {rise@0.000ns fall@5.000ns period=10.000ns})
  Destination:            Soc_Tracking_i/ps7_0_axi_periph/s00_couplers/auto_pc/inst/gen_axilite.gen_b2s_conv.axilite_b2s/SI_REG/b.b_pipe/s_ready_i_reg/D
                            (rising edge-triggered cell FDRE clocked by clk_fpga_0  {rise@0.000ns fall@5.000ns period=10.000ns})
  Path Group:             clk_fpga_0
  Path Type:              Hold (Min at Fast Process Corner)
  Requirement:            0.000ns  (clk_fpga_0 rise@0.000ns - clk_fpga_0 rise@0.000ns)
  Data Path Delay:        0.409ns  (logic 0.186ns (45.502%)  route 0.223ns (54.498%))
  Logic Levels:           1  (LUT4=1)
  Clock Path Skew:        0.270ns (DCD - SCD - CPR)
    Destination Clock Delay (DCD):    1.205ns
    Source Clock Delay      (SCD):    0.906ns
    Clock Pessimism Removal (CPR):    0.029ns

    Location             Delay type                Incr(ns)  Path(ns)    Netlist Resource(s)
  -------------------------------------------------------------------    -------------------
                         (clock clk_fpga_0 rise edge)
                                                      0.000     0.000 r  
    PS7_X0Y0             PS7                          0.000     0.000 r  Soc_Tracking_i/processing_system7_0/inst/PS7_i/FCLKCLK[0]
                         net (fo=1, routed)           0.315     0.315    Soc_Tracking_i/processing_system7_0/inst/FCLK_CLK_unbuffered[0]
    BUFGCTRL_X0Y0        BUFG (Prop_bufg_I_O)         0.026     0.341 r  Soc_Tracking_i/processing_system7_0/inst/buffer_fclk_clk_0.FCLK_CLK_0_BUFG/O
                         net (fo=5076, routed)        0.565     0.906    Soc_Tracking_i/ps7_0_axi_periph/s00_couplers/auto_pc/inst/gen_axilite.gen_b2s_conv.axilite_b2s/SI_REG/b.b_pipe/aclk
    SLICE_X7Y50          FDRE                                         r  Soc_Tracking_i/ps7_0_axi_periph/s00_couplers/auto_pc/inst/gen_axilite.gen_b2s_conv.axilite_b2s/SI_REG/b.b_pipe/m_valid_i_reg/C
  -------------------------------------------------------------------    -------------------
    SLICE_X7Y50          FDRE (Prop_fdre_C_Q)         0.141     1.047 f  Soc_Tracking_i/ps7_0_axi_periph/s00_couplers/auto_pc/inst/gen_axilite.gen_b2s_conv.axilite_b2s/SI_REG/b.b_pipe/m_valid_i_reg/Q
                         net (fo=4, routed)           0.223     1.269    Soc_Tracking_i/ps7_0_axi_periph/s00_couplers/auto_pc/inst/gen_axilite.gen_b2s_conv.axilite_b2s/SI_REG/b.b_pipe/m_valid_i_reg_0
    SLICE_X7Y49          LUT4 (Prop_lut4_I3_O)        0.045     1.314 r  Soc_Tracking_i/ps7_0_axi_periph/s00_couplers/auto_pc/inst/gen_axilite.gen_b2s_conv.axilite_b2s/SI_REG/b.b_pipe/s_ready_i_i_1/O
                         net (fo=1, routed)           0.000     1.314    Soc_Tracking_i/ps7_0_axi_periph/s00_couplers/auto_pc/inst/gen_axilite.gen_b2s_conv.axilite_b2s/SI_REG/b.b_pipe/s_ready_i0
    SLICE_X7Y49          FDRE                                         r  Soc_Tracking_i/ps7_0_axi_periph/s00_couplers/auto_pc/inst/gen_axilite.gen_b2s_conv.axilite_b2s/SI_REG/b.b_pipe/s_ready_i_reg/D
  -------------------------------------------------------------------    -------------------

                         (clock clk_fpga_0 rise edge)
                                                      0.000     0.000 r  
    PS7_X0Y0             PS7                          0.000     0.000 r  Soc_Tracking_i/processing_system7_0/inst/PS7_i/FCLKCLK[0]
                         net (fo=1, routed)           0.341     0.341    Soc_Tracking_i/processing_system7_0/inst/FCLK_CLK_unbuffered[0]
    BUFGCTRL_X0Y0        BUFG (Prop_bufg_I_O)         0.029     0.370 r  Soc_Tracking_i/processing_system7_0/inst/buffer_fclk_clk_0.FCLK_CLK_0_BUFG/O
                         net (fo=5076, routed)        0.835     1.205    Soc_Tracking_i/ps7_0_axi_periph/s00_couplers/auto_pc/inst/gen_axilite.gen_b2s_conv.axilite_b2s/SI_REG/b.b_pipe/aclk
    SLICE_X7Y49          FDRE                                         r  Soc_Tracking_i/ps7_0_axi_periph/s00_couplers/auto_pc/inst/gen_axilite.gen_b2s_conv.axilite_b2s/SI_REG/b.b_pipe/s_ready_i_reg/C
                         clock pessimism             -0.029     1.176    
    SLICE_X7Y49          FDRE (Hold_fdre_C_D)         0.091     1.267    Soc_Tracking_i/ps7_0_axi_periph/s00_couplers/auto_pc/inst/gen_axilite.gen_b2s_conv.axilite_b2s/SI_REG/b.b_pipe/s_ready_i_reg
  -------------------------------------------------------------------
                         required time                         -1.267    
                         arrival time                           1.314    
  -------------------------------------------------------------------
                         slack                                  0.047    

Slack (MET) :             0.049ns  (arrival time - required time)
  Source:                 Soc_Tracking_i/DMA24bUnit_mm2s_0/U0/grp_DMA24b_mm2s_fu_78/DMA24b_mm2s_fetch_U0/data_mm_buffer_V_reg_512_reg[106]/C
                            (rising edge-triggered cell FDRE clocked by clk_fpga_0  {rise@0.000ns fall@5.000ns period=10.000ns})
  Destination:            Soc_Tracking_i/DMA24bUnit_mm2s_0/U0/grp_DMA24b_mm2s_fu_78/mm_fifo_U/U_DMA24bUnit_mm2s_fifo_w128_d256_A_ram/mem_reg_1/DIBDI[2]
                            (rising edge-triggered cell RAMB36E1 clocked by clk_fpga_0  {rise@0.000ns fall@5.000ns period=10.000ns})
  Path Group:             clk_fpga_0
  Path Type:              Hold (Min at Fast Process Corner)
  Requirement:            0.000ns  (clk_fpga_0 rise@0.000ns - clk_fpga_0 rise@0.000ns)
  Data Path Delay:        0.261ns  (logic 0.141ns (54.020%)  route 0.120ns (45.980%))
  Logic Levels:           0  
  Clock Path Skew:        0.057ns (DCD - SCD - CPR)
    Destination Clock Delay (DCD):    1.241ns
    Source Clock Delay      (SCD):    0.903ns
    Clock Pessimism Removal (CPR):    0.281ns

    Location             Delay type                Incr(ns)  Path(ns)    Netlist Resource(s)
  -------------------------------------------------------------------    -------------------
                         (clock clk_fpga_0 rise edge)
                                                      0.000     0.000 r  
    PS7_X0Y0             PS7                          0.000     0.000 r  Soc_Tracking_i/processing_system7_0/inst/PS7_i/FCLKCLK[0]
                         net (fo=1, routed)           0.315     0.315    Soc_Tracking_i/processing_system7_0/inst/FCLK_CLK_unbuffered[0]
    BUFGCTRL_X0Y0        BUFG (Prop_bufg_I_O)         0.026     0.341 r  Soc_Tracking_i/processing_system7_0/inst/buffer_fclk_clk_0.FCLK_CLK_0_BUFG/O
                         net (fo=5076, routed)        0.562     0.903    Soc_Tracking_i/DMA24bUnit_mm2s_0/U0/grp_DMA24b_mm2s_fu_78/DMA24b_mm2s_fetch_U0/ap_clk
    SLICE_X26Y9          FDRE                                         r  Soc_Tracking_i/DMA24bUnit_mm2s_0/U0/grp_DMA24b_mm2s_fu_78/DMA24b_mm2s_fetch_U0/data_mm_buffer_V_reg_512_reg[106]/C
  -------------------------------------------------------------------    -------------------
    SLICE_X26Y9          FDRE (Prop_fdre_C_Q)         0.141     1.044 r  Soc_Tracking_i/DMA24bUnit_mm2s_0/U0/grp_DMA24b_mm2s_fu_78/DMA24b_mm2s_fetch_U0/data_mm_buffer_V_reg_512_reg[106]/Q
                         net (fo=2, routed)           0.120     1.164    Soc_Tracking_i/DMA24bUnit_mm2s_0/U0/grp_DMA24b_mm2s_fu_78/mm_fifo_U/U_DMA24bUnit_mm2s_fifo_w128_d256_A_ram/mem_reg_1_0[106]
    RAMB36_X1Y2          RAMB36E1                                     r  Soc_Tracking_i/DMA24bUnit_mm2s_0/U0/grp_DMA24b_mm2s_fu_78/mm_fifo_U/U_DMA24bUnit_mm2s_fifo_w128_d256_A_ram/mem_reg_1/DIBDI[2]
  -------------------------------------------------------------------    -------------------

                         (clock clk_fpga_0 rise edge)
                                                      0.000     0.000 r  
    PS7_X0Y0             PS7                          0.000     0.000 r  Soc_Tracking_i/processing_system7_0/inst/PS7_i/FCLKCLK[0]
                         net (fo=1, routed)           0.341     0.341    Soc_Tracking_i/processing_system7_0/inst/FCLK_CLK_unbuffered[0]
    BUFGCTRL_X0Y0        BUFG (Prop_bufg_I_O)         0.029     0.370 r  Soc_Tracking_i/processing_system7_0/inst/buffer_fclk_clk_0.FCLK_CLK_0_BUFG/O
                         net (fo=5076, routed)        0.871     1.241    Soc_Tracking_i/DMA24bUnit_mm2s_0/U0/grp_DMA24b_mm2s_fu_78/mm_fifo_U/U_DMA24bUnit_mm2s_fifo_w128_d256_A_ram/ap_clk
    RAMB36_X1Y2          RAMB36E1                                     r  Soc_Tracking_i/DMA24bUnit_mm2s_0/U0/grp_DMA24b_mm2s_fu_78/mm_fifo_U/U_DMA24bUnit_mm2s_fifo_w128_d256_A_ram/mem_reg_1/CLKBWRCLK
                         clock pessimism             -0.281     0.960    
    RAMB36_X1Y2          RAMB36E1 (Hold_ramb36e1_CLKBWRCLK_DIBDI[2])
                                                      0.155     1.115    Soc_Tracking_i/DMA24bUnit_mm2s_0/U0/grp_DMA24b_mm2s_fu_78/mm_fifo_U/U_DMA24bUnit_mm2s_fifo_w128_d256_A_ram/mem_reg_1
  -------------------------------------------------------------------
                         required time                         -1.115    
                         arrival time                           1.164    
  -------------------------------------------------------------------
                         slack                                  0.049    

Slack (MET) :             0.050ns  (arrival time - required time)
  Source:                 Soc_Tracking_i/AXI4S_Filter_Harris/U0/values_reg[7][31]/C
                            (rising edge-triggered cell FDRE clocked by clk_fpga_0  {rise@0.000ns fall@5.000ns period=10.000ns})
  Destination:            Soc_Tracking_i/AXI4S_Filter_Harris/U0/part_sums_reg[2][9]/D
                            (rising edge-triggered cell FDRE clocked by clk_fpga_0  {rise@0.000ns fall@5.000ns period=10.000ns})
  Path Group:             clk_fpga_0
  Path Type:              Hold (Min at Fast Process Corner)
  Requirement:            0.000ns  (clk_fpga_0 rise@0.000ns - clk_fpga_0 rise@0.000ns)
  Data Path Delay:        0.448ns  (logic 0.270ns (60.222%)  route 0.178ns (39.778%))
  Logic Levels:           1  (CARRY4=1)
  Clock Path Skew:        0.264ns (DCD - SCD - CPR)
    Destination Clock Delay (DCD):    1.190ns
    Source Clock Delay      (SCD):    0.892ns
    Clock Pessimism Removal (CPR):    0.034ns

    Location             Delay type                Incr(ns)  Path(ns)    Netlist Resource(s)
  -------------------------------------------------------------------    -------------------
                         (clock clk_fpga_0 rise edge)
                                                      0.000     0.000 r  
    PS7_X0Y0             PS7                          0.000     0.000 r  Soc_Tracking_i/processing_system7_0/inst/PS7_i/FCLKCLK[0]
                         net (fo=1, routed)           0.315     0.315    Soc_Tracking_i/processing_system7_0/inst/FCLK_CLK_unbuffered[0]
    BUFGCTRL_X0Y0        BUFG (Prop_bufg_I_O)         0.026     0.341 r  Soc_Tracking_i/processing_system7_0/inst/buffer_fclk_clk_0.FCLK_CLK_0_BUFG/O
                         net (fo=5076, routed)        0.551     0.892    Soc_Tracking_i/AXI4S_Filter_Harris/U0/s00_axis_aclk
    SLICE_X22Y29         FDRE                                         r  Soc_Tracking_i/AXI4S_Filter_Harris/U0/values_reg[7][31]/C
  -------------------------------------------------------------------    -------------------
    SLICE_X22Y29         FDRE (Prop_fdre_C_Q)         0.141     1.033 r  Soc_Tracking_i/AXI4S_Filter_Harris/U0/values_reg[7][31]/Q
                         net (fo=35, routed)          0.178     1.211    Soc_Tracking_i/AXI4S_Filter_Harris/U0/values_reg_n_0_[7][31]
    SLICE_X20Y30         CARRY4 (Prop_carry4_DI[0]_O[1])
                                                      0.129     1.340 r  Soc_Tracking_i/AXI4S_Filter_Harris/U0/part_sums_reg[2][11]_i_1/O[1]
                         net (fo=1, routed)           0.000     1.340    Soc_Tracking_i/AXI4S_Filter_Harris/U0/sum_part[2][9]
    SLICE_X20Y30         FDRE                                         r  Soc_Tracking_i/AXI4S_Filter_Harris/U0/part_sums_reg[2][9]/D
  -------------------------------------------------------------------    -------------------

                         (clock clk_fpga_0 rise edge)
                                                      0.000     0.000 r  
    PS7_X0Y0             PS7                          0.000     0.000 r  Soc_Tracking_i/processing_system7_0/inst/PS7_i/FCLKCLK[0]
                         net (fo=1, routed)           0.341     0.341    Soc_Tracking_i/processing_system7_0/inst/FCLK_CLK_unbuffered[0]
    BUFGCTRL_X0Y0        BUFG (Prop_bufg_I_O)         0.029     0.370 r  Soc_Tracking_i/processing_system7_0/inst/buffer_fclk_clk_0.FCLK_CLK_0_BUFG/O
                         net (fo=5076, routed)        0.820     1.190    Soc_Tracking_i/AXI4S_Filter_Harris/U0/s00_axis_aclk
    SLICE_X20Y30         FDRE                                         r  Soc_Tracking_i/AXI4S_Filter_Harris/U0/part_sums_reg[2][9]/C
                         clock pessimism             -0.034     1.156    
    SLICE_X20Y30         FDRE (Hold_fdre_C_D)         0.134     1.290    Soc_Tracking_i/AXI4S_Filter_Harris/U0/part_sums_reg[2][9]
  -------------------------------------------------------------------
                         required time                         -1.290    
                         arrival time                           1.340    
  -------------------------------------------------------------------
                         slack                                  0.050    

Slack (MET) :             0.050ns  (arrival time - required time)
  Source:                 Soc_Tracking_i/ps7_0_axi_periph/s00_couplers/auto_pc/inst/gen_axilite.gen_b2s_conv.axilite_b2s/SI_REG/b.b_pipe/m_payload_i_reg[2]/C
                            (rising edge-triggered cell FDRE clocked by clk_fpga_0  {rise@0.000ns fall@5.000ns period=10.000ns})
  Destination:            Soc_Tracking_i/processing_system7_0/inst/PS7_i/MAXIGP0BID[0]
                            (rising edge-triggered cell PS7 clocked by clk_fpga_0  {rise@0.000ns fall@5.000ns period=10.000ns})
  Path Group:             clk_fpga_0
  Path Type:              Hold (Min at Fast Process Corner)
  Requirement:            0.000ns  (clk_fpga_0 rise@0.000ns - clk_fpga_0 rise@0.000ns)
  Data Path Delay:        0.359ns  (logic 0.141ns (39.263%)  route 0.218ns (60.737%))
  Logic Levels:           0  
  Clock Path Skew:        0.309ns (DCD - SCD - CPR)
    Destination Clock Delay (DCD):    1.263ns
    Source Clock Delay      (SCD):    0.925ns
    Clock Pessimism Removal (CPR):    0.029ns

    Location             Delay type                Incr(ns)  Path(ns)    Netlist Resource(s)
  -------------------------------------------------------------------    -------------------
                         (clock clk_fpga_0 rise edge)
                                                      0.000     0.000 r  
    PS7_X0Y0             PS7                          0.000     0.000 r  Soc_Tracking_i/processing_system7_0/inst/PS7_i/FCLKCLK[0]
                         net (fo=1, routed)           0.315     0.315    Soc_Tracking_i/processing_system7_0/inst/FCLK_CLK_unbuffered[0]
    BUFGCTRL_X0Y0        BUFG (Prop_bufg_I_O)         0.026     0.341 r  Soc_Tracking_i/processing_system7_0/inst/buffer_fclk_clk_0.FCLK_CLK_0_BUFG/O
                         net (fo=5076, routed)        0.584     0.925    Soc_Tracking_i/ps7_0_axi_periph/s00_couplers/auto_pc/inst/gen_axilite.gen_b2s_conv.axilite_b2s/SI_REG/b.b_pipe/aclk
    SLICE_X2Y50          FDRE                                         r  Soc_Tracking_i/ps7_0_axi_periph/s00_couplers/auto_pc/inst/gen_axilite.gen_b2s_conv.axilite_b2s/SI_REG/b.b_pipe/m_payload_i_reg[2]/C
  -------------------------------------------------------------------    -------------------
    SLICE_X2Y50          FDRE (Prop_fdre_C_Q)         0.141     1.066 r  Soc_Tracking_i/ps7_0_axi_periph/s00_couplers/auto_pc/inst/gen_axilite.gen_b2s_conv.axilite_b2s/SI_REG/b.b_pipe/m_payload_i_reg[2]/Q
                         net (fo=1, routed)           0.218     1.284    Soc_Tracking_i/processing_system7_0/inst/M_AXI_GP0_BID[0]
    PS7_X0Y0             PS7                                          r  Soc_Tracking_i/processing_system7_0/inst/PS7_i/MAXIGP0BID[0]
  -------------------------------------------------------------------    -------------------

                         (clock clk_fpga_0 rise edge)
                                                      0.000     0.000 r  
    PS7_X0Y0             PS7                          0.000     0.000 r  Soc_Tracking_i/processing_system7_0/inst/PS7_i/FCLKCLK[0]
                         net (fo=1, routed)           0.341     0.341    Soc_Tracking_i/processing_system7_0/inst/FCLK_CLK_unbuffered[0]
    BUFGCTRL_X0Y0        BUFG (Prop_bufg_I_O)         0.029     0.370 r  Soc_Tracking_i/processing_system7_0/inst/buffer_fclk_clk_0.FCLK_CLK_0_BUFG/O
                         net (fo=5076, routed)        0.893     1.263    Soc_Tracking_i/processing_system7_0/inst/M_AXI_GP0_ACLK
    PS7_X0Y0             PS7                                          r  Soc_Tracking_i/processing_system7_0/inst/PS7_i/MAXIGP0ACLK
                         clock pessimism             -0.029     1.234    
    PS7_X0Y0             PS7 (Hold_ps7_MAXIGP0ACLK_MAXIGP0BID[0])
                                                      0.000     1.234    Soc_Tracking_i/processing_system7_0/inst/PS7_i
  -------------------------------------------------------------------
                         required time                         -1.234    
                         arrival time                           1.284    
  -------------------------------------------------------------------
                         slack                                  0.050    

Slack (MET) :             0.050ns  (arrival time - required time)
  Source:                 Soc_Tracking_i/ps7_0_axi_periph/s00_couplers/auto_pc/inst/gen_axilite.gen_b2s_conv.axilite_b2s/SI_REG/b.b_pipe/m_payload_i_reg[4]/C
                            (rising edge-triggered cell FDRE clocked by clk_fpga_0  {rise@0.000ns fall@5.000ns period=10.000ns})
  Destination:            Soc_Tracking_i/processing_system7_0/inst/PS7_i/MAXIGP0BID[2]
                            (rising edge-triggered cell PS7 clocked by clk_fpga_0  {rise@0.000ns fall@5.000ns period=10.000ns})
  Path Group:             clk_fpga_0
  Path Type:              Hold (Min at Fast Process Corner)
  Requirement:            0.000ns  (clk_fpga_0 rise@0.000ns - clk_fpga_0 rise@0.000ns)
  Data Path Delay:        0.359ns  (logic 0.141ns (39.236%)  route 0.218ns (60.764%))
  Logic Levels:           0  
  Clock Path Skew:        0.309ns (DCD - SCD - CPR)
    Destination Clock Delay (DCD):    1.263ns
    Source Clock Delay      (SCD):    0.925ns
    Clock Pessimism Removal (CPR):    0.029ns

    Location             Delay type                Incr(ns)  Path(ns)    Netlist Resource(s)
  -------------------------------------------------------------------    -------------------
                         (clock clk_fpga_0 rise edge)
                                                      0.000     0.000 r  
    PS7_X0Y0             PS7                          0.000     0.000 r  Soc_Tracking_i/processing_system7_0/inst/PS7_i/FCLKCLK[0]
                         net (fo=1, routed)           0.315     0.315    Soc_Tracking_i/processing_system7_0/inst/FCLK_CLK_unbuffered[0]
    BUFGCTRL_X0Y0        BUFG (Prop_bufg_I_O)         0.026     0.341 r  Soc_Tracking_i/processing_system7_0/inst/buffer_fclk_clk_0.FCLK_CLK_0_BUFG/O
                         net (fo=5076, routed)        0.584     0.925    Soc_Tracking_i/ps7_0_axi_periph/s00_couplers/auto_pc/inst/gen_axilite.gen_b2s_conv.axilite_b2s/SI_REG/b.b_pipe/aclk
    SLICE_X2Y50          FDRE                                         r  Soc_Tracking_i/ps7_0_axi_periph/s00_couplers/auto_pc/inst/gen_axilite.gen_b2s_conv.axilite_b2s/SI_REG/b.b_pipe/m_payload_i_reg[4]/C
  -------------------------------------------------------------------    -------------------
    SLICE_X2Y50          FDRE (Prop_fdre_C_Q)         0.141     1.066 r  Soc_Tracking_i/ps7_0_axi_periph/s00_couplers/auto_pc/inst/gen_axilite.gen_b2s_conv.axilite_b2s/SI_REG/b.b_pipe/m_payload_i_reg[4]/Q
                         net (fo=1, routed)           0.218     1.284    Soc_Tracking_i/processing_system7_0/inst/M_AXI_GP0_BID[2]
    PS7_X0Y0             PS7                                          r  Soc_Tracking_i/processing_system7_0/inst/PS7_i/MAXIGP0BID[2]
  -------------------------------------------------------------------    -------------------

                         (clock clk_fpga_0 rise edge)
                                                      0.000     0.000 r  
    PS7_X0Y0             PS7                          0.000     0.000 r  Soc_Tracking_i/processing_system7_0/inst/PS7_i/FCLKCLK[0]
                         net (fo=1, routed)           0.341     0.341    Soc_Tracking_i/processing_system7_0/inst/FCLK_CLK_unbuffered[0]
    BUFGCTRL_X0Y0        BUFG (Prop_bufg_I_O)         0.029     0.370 r  Soc_Tracking_i/processing_system7_0/inst/buffer_fclk_clk_0.FCLK_CLK_0_BUFG/O
                         net (fo=5076, routed)        0.893     1.263    Soc_Tracking_i/processing_system7_0/inst/M_AXI_GP0_ACLK
    PS7_X0Y0             PS7                                          r  Soc_Tracking_i/processing_system7_0/inst/PS7_i/MAXIGP0ACLK
                         clock pessimism             -0.029     1.234    
    PS7_X0Y0             PS7 (Hold_ps7_MAXIGP0ACLK_MAXIGP0BID[2])
                                                      0.000     1.234    Soc_Tracking_i/processing_system7_0/inst/PS7_i
  -------------------------------------------------------------------
                         required time                         -1.234    
                         arrival time                           1.284    
  -------------------------------------------------------------------
                         slack                                  0.050    





Pulse Width Checks
--------------------------------------------------------------------------------------
Clock Name:         clk_fpga_0
Waveform(ns):       { 0.000 5.000 }
Period(ns):         10.000
Sources:            { Soc_Tracking_i/processing_system7_0/inst/PS7_i/FCLKCLK[0] }

Check Type        Corner  Lib Pin             Reference Pin  Required(ns)  Actual(ns)  Slack(ns)  Location      Pin
Min Period        n/a     RAMB36E1/CLKARDCLK  n/a            2.944         10.000      7.056      RAMB36_X0Y0   Soc_Tracking_i/DMA24bUnit_mm2s_0/U0/gmem_m_axi_U/bus_read/fifo_rdata/mem_reg_3/CLKARDCLK
Min Period        n/a     RAMB36E1/CLKARDCLK  n/a            2.944         10.000      7.056      RAMB36_X1Y3   Soc_Tracking_i/DMA24bUnit_mm2s_0/U0/grp_DMA24b_mm2s_fu_78/mm_fifo_U/U_DMA24bUnit_mm2s_fifo_w128_d256_A_ram/mem_reg_0/CLKARDCLK
Min Period        n/a     RAMB36E1/CLKBWRCLK  n/a            2.944         10.000      7.056      RAMB36_X1Y3   Soc_Tracking_i/DMA24bUnit_mm2s_0/U0/grp_DMA24b_mm2s_fu_78/mm_fifo_U/U_DMA24bUnit_mm2s_fifo_w128_d256_A_ram/mem_reg_0/CLKBWRCLK
Min Period        n/a     RAMB36E1/CLKARDCLK  n/a            2.944         10.000      7.056      RAMB36_X1Y2   Soc_Tracking_i/DMA24bUnit_mm2s_0/U0/grp_DMA24b_mm2s_fu_78/mm_fifo_U/U_DMA24bUnit_mm2s_fifo_w128_d256_A_ram/mem_reg_1/CLKARDCLK
Min Period        n/a     RAMB36E1/CLKBWRCLK  n/a            2.944         10.000      7.056      RAMB36_X1Y2   Soc_Tracking_i/DMA24bUnit_mm2s_0/U0/grp_DMA24b_mm2s_fu_78/mm_fifo_U/U_DMA24bUnit_mm2s_fifo_w128_d256_A_ram/mem_reg_1/CLKBWRCLK
Min Period        n/a     RAMB36E1/CLKARDCLK  n/a            2.944         10.000      7.056      RAMB36_X0Y1   Soc_Tracking_i/DMA24bUnit_mm2s_0/U0/gmem_m_axi_U/bus_read/fifo_rdata/mem_reg_0/CLKARDCLK
Min Period        n/a     RAMB36E1/CLKARDCLK  n/a            2.944         10.000      7.056      RAMB36_X0Y3   Soc_Tracking_i/DMA24bUnit_mm2s_0/U0/gmem_m_axi_U/bus_read/fifo_rdata/mem_reg_1/CLKARDCLK
Min Period        n/a     RAMB36E1/CLKARDCLK  n/a            2.944         10.000      7.056      RAMB36_X1Y0   Soc_Tracking_i/DMA24bUnit_mm2s_0/U0/gmem_m_axi_U/bus_read/fifo_rdata/mem_reg_2/CLKARDCLK
Min Period        n/a     RAMB36E1/CLKBWRCLK  n/a            2.576         10.000      7.424      RAMB36_X0Y0   Soc_Tracking_i/DMA24bUnit_mm2s_0/U0/gmem_m_axi_U/bus_read/fifo_rdata/mem_reg_3/CLKBWRCLK
Min Period        n/a     FIFO18E1/RDCLK      n/a            2.576         10.000      7.424      RAMB18_X2Y10  Soc_Tracking_i/AXI4S_fifo_buf_sw_H/U0/g_fifo_638.fifo_1/U0/inst_fifo_gen/gconvfifo.rf/gbi.bi/v7_bi_fifo.fblk/gextw[1].gnll_fifo.inst_extd/gonep.inst_prim/gf18e1_inst.sngfifo18e1/RDCLK
Low Pulse Width   Fast    RAMD32/CLK          n/a            1.250         5.000       3.750      SLICE_X12Y3   Soc_Tracking_i/axi_mem_intercon/s00_couplers/auto_ds/inst/gen_downsizer.gen_cascaded_downsizer.first_downsizer_inst/USE_READ.read_addr_inst/cmd_queue/inst/fifo_gen_inst/inst_fifo_gen/gconvfifo.rf/grf.rf/gntv_or_sync_fifo.mem/gdm.dm_gen.dm/RAM_reg_0_31_0_5/RAMA/CLK
Low Pulse Width   Fast    RAMD32/CLK          n/a            1.250         5.000       3.750      SLICE_X12Y3   Soc_Tracking_i/axi_mem_intercon/s00_couplers/auto_ds/inst/gen_downsizer.gen_cascaded_downsizer.first_downsizer_inst/USE_READ.read_addr_inst/cmd_queue/inst/fifo_gen_inst/inst_fifo_gen/gconvfifo.rf/grf.rf/gntv_or_sync_fifo.mem/gdm.dm_gen.dm/RAM_reg_0_31_0_5/RAMA_D1/CLK
Low Pulse Width   Fast    RAMD32/CLK          n/a            1.250         5.000       3.750      SLICE_X12Y3   Soc_Tracking_i/axi_mem_intercon/s00_couplers/auto_ds/inst/gen_downsizer.gen_cascaded_downsizer.first_downsizer_inst/USE_READ.read_addr_inst/cmd_queue/inst/fifo_gen_inst/inst_fifo_gen/gconvfifo.rf/grf.rf/gntv_or_sync_fifo.mem/gdm.dm_gen.dm/RAM_reg_0_31_0_5/RAMB/CLK
Low Pulse Width   Fast    RAMD32/CLK          n/a            1.250         5.000       3.750      SLICE_X12Y3   Soc_Tracking_i/axi_mem_intercon/s00_couplers/auto_ds/inst/gen_downsizer.gen_cascaded_downsizer.first_downsizer_inst/USE_READ.read_addr_inst/cmd_queue/inst/fifo_gen_inst/inst_fifo_gen/gconvfifo.rf/grf.rf/gntv_or_sync_fifo.mem/gdm.dm_gen.dm/RAM_reg_0_31_0_5/RAMB_D1/CLK
Low Pulse Width   Fast    RAMD32/CLK          n/a            1.250         5.000       3.750      SLICE_X12Y3   Soc_Tracking_i/axi_mem_intercon/s00_couplers/auto_ds/inst/gen_downsizer.gen_cascaded_downsizer.first_downsizer_inst/USE_READ.read_addr_inst/cmd_queue/inst/fifo_gen_inst/inst_fifo_gen/gconvfifo.rf/grf.rf/gntv_or_sync_fifo.mem/gdm.dm_gen.dm/RAM_reg_0_31_0_5/RAMC/CLK
Low Pulse Width   Fast    RAMD32/CLK          n/a            1.250         5.000       3.750      SLICE_X12Y3   Soc_Tracking_i/axi_mem_intercon/s00_couplers/auto_ds/inst/gen_downsizer.gen_cascaded_downsizer.first_downsizer_inst/USE_READ.read_addr_inst/cmd_queue/inst/fifo_gen_inst/inst_fifo_gen/gconvfifo.rf/grf.rf/gntv_or_sync_fifo.mem/gdm.dm_gen.dm/RAM_reg_0_31_0_5/RAMC_D1/CLK
Low Pulse Width   Fast    RAMS32/CLK          n/a            1.250         5.000       3.750      SLICE_X12Y3   Soc_Tracking_i/axi_mem_intercon/s00_couplers/auto_ds/inst/gen_downsizer.gen_cascaded_downsizer.first_downsizer_inst/USE_READ.read_addr_inst/cmd_queue/inst/fifo_gen_inst/inst_fifo_gen/gconvfifo.rf/grf.rf/gntv_or_sync_fifo.mem/gdm.dm_gen.dm/RAM_reg_0_31_0_5/RAMD/CLK
Low Pulse Width   Fast    RAMS32/CLK          n/a            1.250         5.000       3.750      SLICE_X12Y3   Soc_Tracking_i/axi_mem_intercon/s00_couplers/auto_ds/inst/gen_downsizer.gen_cascaded_downsizer.first_downsizer_inst/USE_READ.read_addr_inst/cmd_queue/inst/fifo_gen_inst/inst_fifo_gen/gconvfifo.rf/grf.rf/gntv_or_sync_fifo.mem/gdm.dm_gen.dm/RAM_reg_0_31_0_5/RAMD_D1/CLK
Low Pulse Width   Slow    RAMD32/CLK          n/a            1.250         5.000       3.750      SLICE_X16Y3   Soc_Tracking_i/axi_mem_intercon/s00_couplers/auto_ds/inst/gen_downsizer.gen_cascaded_downsizer.first_downsizer_inst/USE_READ.read_addr_inst/cmd_queue/inst/fifo_gen_inst/inst_fifo_gen/gconvfifo.rf/grf.rf/gntv_or_sync_fifo.mem/gdm.dm_gen.dm/RAM_reg_0_31_12_17/RAMA/CLK
Low Pulse Width   Slow    RAMD32/CLK          n/a            1.250         5.000       3.750      SLICE_X16Y3   Soc_Tracking_i/axi_mem_intercon/s00_couplers/auto_ds/inst/gen_downsizer.gen_cascaded_downsizer.first_downsizer_inst/USE_READ.read_addr_inst/cmd_queue/inst/fifo_gen_inst/inst_fifo_gen/gconvfifo.rf/grf.rf/gntv_or_sync_fifo.mem/gdm.dm_gen.dm/RAM_reg_0_31_12_17/RAMA_D1/CLK
High Pulse Width  Slow    RAMD32/CLK          n/a            1.250         5.000       3.750      SLICE_X12Y3   Soc_Tracking_i/axi_mem_intercon/s00_couplers/auto_ds/inst/gen_downsizer.gen_cascaded_downsizer.first_downsizer_inst/USE_READ.read_addr_inst/cmd_queue/inst/fifo_gen_inst/inst_fifo_gen/gconvfifo.rf/grf.rf/gntv_or_sync_fifo.mem/gdm.dm_gen.dm/RAM_reg_0_31_0_5/RAMA/CLK
High Pulse Width  Slow    RAMD32/CLK          n/a            1.250         5.000       3.750      SLICE_X12Y3   Soc_Tracking_i/axi_mem_intercon/s00_couplers/auto_ds/inst/gen_downsizer.gen_cascaded_downsizer.first_downsizer_inst/USE_READ.read_addr_inst/cmd_queue/inst/fifo_gen_inst/inst_fifo_gen/gconvfifo.rf/grf.rf/gntv_or_sync_fifo.mem/gdm.dm_gen.dm/RAM_reg_0_31_0_5/RAMA_D1/CLK
High Pulse Width  Slow    RAMD32/CLK          n/a            1.250         5.000       3.750      SLICE_X12Y3   Soc_Tracking_i/axi_mem_intercon/s00_couplers/auto_ds/inst/gen_downsizer.gen_cascaded_downsizer.first_downsizer_inst/USE_READ.read_addr_inst/cmd_queue/inst/fifo_gen_inst/inst_fifo_gen/gconvfifo.rf/grf.rf/gntv_or_sync_fifo.mem/gdm.dm_gen.dm/RAM_reg_0_31_0_5/RAMB/CLK
High Pulse Width  Slow    RAMD32/CLK          n/a            1.250         5.000       3.750      SLICE_X12Y3   Soc_Tracking_i/axi_mem_intercon/s00_couplers/auto_ds/inst/gen_downsizer.gen_cascaded_downsizer.first_downsizer_inst/USE_READ.read_addr_inst/cmd_queue/inst/fifo_gen_inst/inst_fifo_gen/gconvfifo.rf/grf.rf/gntv_or_sync_fifo.mem/gdm.dm_gen.dm/RAM_reg_0_31_0_5/RAMB_D1/CLK
High Pulse Width  Slow    RAMD32/CLK          n/a            1.250         5.000       3.750      SLICE_X12Y3   Soc_Tracking_i/axi_mem_intercon/s00_couplers/auto_ds/inst/gen_downsizer.gen_cascaded_downsizer.first_downsizer_inst/USE_READ.read_addr_inst/cmd_queue/inst/fifo_gen_inst/inst_fifo_gen/gconvfifo.rf/grf.rf/gntv_or_sync_fifo.mem/gdm.dm_gen.dm/RAM_reg_0_31_0_5/RAMC/CLK
High Pulse Width  Slow    RAMD32/CLK          n/a            1.250         5.000       3.750      SLICE_X12Y3   Soc_Tracking_i/axi_mem_intercon/s00_couplers/auto_ds/inst/gen_downsizer.gen_cascaded_downsizer.first_downsizer_inst/USE_READ.read_addr_inst/cmd_queue/inst/fifo_gen_inst/inst_fifo_gen/gconvfifo.rf/grf.rf/gntv_or_sync_fifo.mem/gdm.dm_gen.dm/RAM_reg_0_31_0_5/RAMC_D1/CLK
High Pulse Width  Slow    RAMS32/CLK          n/a            1.250         5.000       3.750      SLICE_X12Y3   Soc_Tracking_i/axi_mem_intercon/s00_couplers/auto_ds/inst/gen_downsizer.gen_cascaded_downsizer.first_downsizer_inst/USE_READ.read_addr_inst/cmd_queue/inst/fifo_gen_inst/inst_fifo_gen/gconvfifo.rf/grf.rf/gntv_or_sync_fifo.mem/gdm.dm_gen.dm/RAM_reg_0_31_0_5/RAMD/CLK
High Pulse Width  Slow    RAMS32/CLK          n/a            1.250         5.000       3.750      SLICE_X12Y3   Soc_Tracking_i/axi_mem_intercon/s00_couplers/auto_ds/inst/gen_downsizer.gen_cascaded_downsizer.first_downsizer_inst/USE_READ.read_addr_inst/cmd_queue/inst/fifo_gen_inst/inst_fifo_gen/gconvfifo.rf/grf.rf/gntv_or_sync_fifo.mem/gdm.dm_gen.dm/RAM_reg_0_31_0_5/RAMD_D1/CLK
High Pulse Width  Slow    RAMD32/CLK          n/a            1.250         5.000       3.750      SLICE_X24Y2   Soc_Tracking_i/axi_mem_intercon/s00_couplers/auto_ds/inst/gen_downsizer.gen_cascaded_downsizer.gen_axi3_conv.axi3_conv_inst/gen_axi4_axi3.axi3_conv_inst/USE_READ.USE_SPLIT_R.read_addr_inst/USE_R_CHANNEL.cmd_queue/inst/fifo_gen_inst/inst_fifo_gen/gconvfifo.rf/grf.rf/gntv_or_sync_fifo.mem/gdm.dm_gen.dm/RAM_reg_0_31_0_0/DP/CLK
High Pulse Width  Slow    RAMD32/CLK          n/a            1.250         5.000       3.750      SLICE_X24Y2   Soc_Tracking_i/axi_mem_intercon/s00_couplers/auto_ds/inst/gen_downsizer.gen_cascaded_downsizer.gen_axi3_conv.axi3_conv_inst/gen_axi4_axi3.axi3_conv_inst/USE_READ.USE_SPLIT_R.read_addr_inst/USE_R_CHANNEL.cmd_queue/inst/fifo_gen_inst/inst_fifo_gen/gconvfifo.rf/grf.rf/gntv_or_sync_fifo.mem/gdm.dm_gen.dm/RAM_reg_0_31_0_0/SP/CLK



---------------------------------------------------------------------------------------------------
From Clock:  clk_fpga_1
  To Clock:  clk_fpga_1

Setup :            0  Failing Endpoints,  Worst Slack       32.535ns,  Total Violation        0.000ns
Hold  :            0  Failing Endpoints,  Worst Slack        0.166ns,  Total Violation        0.000ns
PW    :            0  Failing Endpoints,  Worst Slack       19.500ns,  Total Violation        0.000ns
---------------------------------------------------------------------------------------------------


Max Delay Paths
--------------------------------------------------------------------------------------
Slack (MET) :             32.535ns  (required time - arrival time)
  Source:                 Soc_Tracking_i/VGA_controller_0/U0/h_cntr_reg_reg[8]/C
                            (rising edge-triggered cell FDRE clocked by clk_fpga_1  {rise@0.000ns fall@20.000ns period=40.000ns})
  Destination:            Soc_Tracking_i/VGA_controller_0/U0/v_cntr_reg_reg[0]/R
                            (rising edge-triggered cell FDRE clocked by clk_fpga_1  {rise@0.000ns fall@20.000ns period=40.000ns})
  Path Group:             clk_fpga_1
  Path Type:              Setup (Max at Slow Process Corner)
  Requirement:            40.000ns  (clk_fpga_1 rise@40.000ns - clk_fpga_1 rise@0.000ns)
  Data Path Delay:        6.074ns  (logic 1.287ns (21.187%)  route 4.787ns (78.813%))
  Logic Levels:           3  (LUT2=1 LUT5=1 LUT6=1)
  Clock Path Skew:        -0.064ns (DCD - SCD + CPR)
    Destination Clock Delay (DCD):    2.682ns = ( 42.682 - 40.000 ) 
    Source Clock Delay      (SCD):    2.977ns
    Clock Pessimism Removal (CPR):    0.230ns
  Clock Uncertainty:      0.601ns  ((TSJ^2 + TIJ^2)^1/2 + DJ) / 2 + PE
    Total System Jitter     (TSJ):    0.071ns
    Total Input Jitter      (TIJ):    1.200ns
    Discrete Jitter          (DJ):    0.000ns
    Phase Error              (PE):    0.000ns

    Location             Delay type                Incr(ns)  Path(ns)    Netlist Resource(s)
  -------------------------------------------------------------------    -------------------
                         (clock clk_fpga_1 rise edge)
                                                      0.000     0.000 r  
    PS7_X0Y0             PS7                          0.000     0.000 r  Soc_Tracking_i/processing_system7_0/inst/PS7_i/FCLKCLK[1]
                         net (fo=1, routed)           1.207     1.207    Soc_Tracking_i/processing_system7_0/inst/FCLK_CLK_unbuffered[1]
    BUFGCTRL_X0Y3        BUFG (Prop_bufg_I_O)         0.101     1.308 r  Soc_Tracking_i/processing_system7_0/inst/buffer_fclk_clk_1.FCLK_CLK_1_BUFG/O
                         net (fo=37, routed)          1.669     2.977    Soc_Tracking_i/VGA_controller_0/U0/clk_VGA
    SLICE_X28Y35         FDRE                                         r  Soc_Tracking_i/VGA_controller_0/U0/h_cntr_reg_reg[8]/C
  -------------------------------------------------------------------    -------------------
    SLICE_X28Y35         FDRE (Prop_fdre_C_Q)         0.478     3.455 r  Soc_Tracking_i/VGA_controller_0/U0/h_cntr_reg_reg[8]/Q
                         net (fo=13, routed)          2.121     5.576    Soc_Tracking_i/VGA_controller_0/U0/h_cntr_reg_reg[8]
    SLICE_X26Y36         LUT2 (Prop_lut2_I0_O)        0.330     5.906 f  Soc_Tracking_i/VGA_controller_0/U0/t_ready_i_7/O
                         net (fo=1, routed)           0.518     6.424    Soc_Tracking_i/VGA_controller_0/U0/t_ready_i_7_n_0
    SLICE_X25Y35         LUT6 (Prop_lut6_I4_O)        0.327     6.751 f  Soc_Tracking_i/VGA_controller_0/U0/t_ready_i_3/O
                         net (fo=2, routed)           0.899     7.650    Soc_Tracking_i/VGA_controller_0/U0/t_ready_i_3_n_0
    SLICE_X27Y35         LUT5 (Prop_lut5_I3_O)        0.152     7.802 r  Soc_Tracking_i/VGA_controller_0/U0/v_cntr_reg[9]_i_1/O
                         net (fo=10, routed)          1.249     9.051    Soc_Tracking_i/VGA_controller_0/U0/v_cntr_reg[9]_i_1_n_0
    SLICE_X24Y35         FDRE                                         r  Soc_Tracking_i/VGA_controller_0/U0/v_cntr_reg_reg[0]/R
  -------------------------------------------------------------------    -------------------

                         (clock clk_fpga_1 rise edge)
                                                     40.000    40.000 r  
    PS7_X0Y0             PS7                          0.000    40.000 r  Soc_Tracking_i/processing_system7_0/inst/PS7_i/FCLKCLK[1]
                         net (fo=1, routed)           1.101    41.101    Soc_Tracking_i/processing_system7_0/inst/FCLK_CLK_unbuffered[1]
    BUFGCTRL_X0Y3        BUFG (Prop_bufg_I_O)         0.091    41.192 r  Soc_Tracking_i/processing_system7_0/inst/buffer_fclk_clk_1.FCLK_CLK_1_BUFG/O
                         net (fo=37, routed)          1.490    42.682    Soc_Tracking_i/VGA_controller_0/U0/clk_VGA
    SLICE_X24Y35         FDRE                                         r  Soc_Tracking_i/VGA_controller_0/U0/v_cntr_reg_reg[0]/C
                         clock pessimism              0.230    42.913    
                         clock uncertainty           -0.601    42.312    
    SLICE_X24Y35         FDRE (Setup_fdre_C_R)       -0.726    41.586    Soc_Tracking_i/VGA_controller_0/U0/v_cntr_reg_reg[0]
  -------------------------------------------------------------------
                         required time                         41.586    
                         arrival time                          -9.051    
  -------------------------------------------------------------------
                         slack                                 32.535    

Slack (MET) :             32.535ns  (required time - arrival time)
  Source:                 Soc_Tracking_i/VGA_controller_0/U0/h_cntr_reg_reg[8]/C
                            (rising edge-triggered cell FDRE clocked by clk_fpga_1  {rise@0.000ns fall@20.000ns period=40.000ns})
  Destination:            Soc_Tracking_i/VGA_controller_0/U0/v_cntr_reg_reg[4]/R
                            (rising edge-triggered cell FDRE clocked by clk_fpga_1  {rise@0.000ns fall@20.000ns period=40.000ns})
  Path Group:             clk_fpga_1
  Path Type:              Setup (Max at Slow Process Corner)
  Requirement:            40.000ns  (clk_fpga_1 rise@40.000ns - clk_fpga_1 rise@0.000ns)
  Data Path Delay:        6.074ns  (logic 1.287ns (21.187%)  route 4.787ns (78.813%))
  Logic Levels:           3  (LUT2=1 LUT5=1 LUT6=1)
  Clock Path Skew:        -0.064ns (DCD - SCD + CPR)
    Destination Clock Delay (DCD):    2.682ns = ( 42.682 - 40.000 ) 
    Source Clock Delay      (SCD):    2.977ns
    Clock Pessimism Removal (CPR):    0.230ns
  Clock Uncertainty:      0.601ns  ((TSJ^2 + TIJ^2)^1/2 + DJ) / 2 + PE
    Total System Jitter     (TSJ):    0.071ns
    Total Input Jitter      (TIJ):    1.200ns
    Discrete Jitter          (DJ):    0.000ns
    Phase Error              (PE):    0.000ns

    Location             Delay type                Incr(ns)  Path(ns)    Netlist Resource(s)
  -------------------------------------------------------------------    -------------------
                         (clock clk_fpga_1 rise edge)
                                                      0.000     0.000 r  
    PS7_X0Y0             PS7                          0.000     0.000 r  Soc_Tracking_i/processing_system7_0/inst/PS7_i/FCLKCLK[1]
                         net (fo=1, routed)           1.207     1.207    Soc_Tracking_i/processing_system7_0/inst/FCLK_CLK_unbuffered[1]
    BUFGCTRL_X0Y3        BUFG (Prop_bufg_I_O)         0.101     1.308 r  Soc_Tracking_i/processing_system7_0/inst/buffer_fclk_clk_1.FCLK_CLK_1_BUFG/O
                         net (fo=37, routed)          1.669     2.977    Soc_Tracking_i/VGA_controller_0/U0/clk_VGA
    SLICE_X28Y35         FDRE                                         r  Soc_Tracking_i/VGA_controller_0/U0/h_cntr_reg_reg[8]/C
  -------------------------------------------------------------------    -------------------
    SLICE_X28Y35         FDRE (Prop_fdre_C_Q)         0.478     3.455 r  Soc_Tracking_i/VGA_controller_0/U0/h_cntr_reg_reg[8]/Q
                         net (fo=13, routed)          2.121     5.576    Soc_Tracking_i/VGA_controller_0/U0/h_cntr_reg_reg[8]
    SLICE_X26Y36         LUT2 (Prop_lut2_I0_O)        0.330     5.906 f  Soc_Tracking_i/VGA_controller_0/U0/t_ready_i_7/O
                         net (fo=1, routed)           0.518     6.424    Soc_Tracking_i/VGA_controller_0/U0/t_ready_i_7_n_0
    SLICE_X25Y35         LUT6 (Prop_lut6_I4_O)        0.327     6.751 f  Soc_Tracking_i/VGA_controller_0/U0/t_ready_i_3/O
                         net (fo=2, routed)           0.899     7.650    Soc_Tracking_i/VGA_controller_0/U0/t_ready_i_3_n_0
    SLICE_X27Y35         LUT5 (Prop_lut5_I3_O)        0.152     7.802 r  Soc_Tracking_i/VGA_controller_0/U0/v_cntr_reg[9]_i_1/O
                         net (fo=10, routed)          1.249     9.051    Soc_Tracking_i/VGA_controller_0/U0/v_cntr_reg[9]_i_1_n_0
    SLICE_X24Y35         FDRE                                         r  Soc_Tracking_i/VGA_controller_0/U0/v_cntr_reg_reg[4]/R
  -------------------------------------------------------------------    -------------------

                         (clock clk_fpga_1 rise edge)
                                                     40.000    40.000 r  
    PS7_X0Y0             PS7                          0.000    40.000 r  Soc_Tracking_i/processing_system7_0/inst/PS7_i/FCLKCLK[1]
                         net (fo=1, routed)           1.101    41.101    Soc_Tracking_i/processing_system7_0/inst/FCLK_CLK_unbuffered[1]
    BUFGCTRL_X0Y3        BUFG (Prop_bufg_I_O)         0.091    41.192 r  Soc_Tracking_i/processing_system7_0/inst/buffer_fclk_clk_1.FCLK_CLK_1_BUFG/O
                         net (fo=37, routed)          1.490    42.682    Soc_Tracking_i/VGA_controller_0/U0/clk_VGA
    SLICE_X24Y35         FDRE                                         r  Soc_Tracking_i/VGA_controller_0/U0/v_cntr_reg_reg[4]/C
                         clock pessimism              0.230    42.913    
                         clock uncertainty           -0.601    42.312    
    SLICE_X24Y35         FDRE (Setup_fdre_C_R)       -0.726    41.586    Soc_Tracking_i/VGA_controller_0/U0/v_cntr_reg_reg[4]
  -------------------------------------------------------------------
                         required time                         41.586    
                         arrival time                          -9.051    
  -------------------------------------------------------------------
                         slack                                 32.535    

Slack (MET) :             32.618ns  (required time - arrival time)
  Source:                 Soc_Tracking_i/VGA_controller_0/U0/h_cntr_reg_reg[8]/C
                            (rising edge-triggered cell FDRE clocked by clk_fpga_1  {rise@0.000ns fall@20.000ns period=40.000ns})
  Destination:            Soc_Tracking_i/VGA_controller_0/U0/v_cntr_reg_reg[1]/R
                            (rising edge-triggered cell FDRE clocked by clk_fpga_1  {rise@0.000ns fall@20.000ns period=40.000ns})
  Path Group:             clk_fpga_1
  Path Type:              Setup (Max at Slow Process Corner)
  Requirement:            40.000ns  (clk_fpga_1 rise@40.000ns - clk_fpga_1 rise@0.000ns)
  Data Path Delay:        5.990ns  (logic 1.287ns (21.487%)  route 4.703ns (78.513%))
  Logic Levels:           3  (LUT2=1 LUT5=1 LUT6=1)
  Clock Path Skew:        -0.065ns (DCD - SCD + CPR)
    Destination Clock Delay (DCD):    2.681ns = ( 42.681 - 40.000 ) 
    Source Clock Delay      (SCD):    2.977ns
    Clock Pessimism Removal (CPR):    0.230ns
  Clock Uncertainty:      0.601ns  ((TSJ^2 + TIJ^2)^1/2 + DJ) / 2 + PE
    Total System Jitter     (TSJ):    0.071ns
    Total Input Jitter      (TIJ):    1.200ns
    Discrete Jitter          (DJ):    0.000ns
    Phase Error              (PE):    0.000ns

    Location             Delay type                Incr(ns)  Path(ns)    Netlist Resource(s)
  -------------------------------------------------------------------    -------------------
                         (clock clk_fpga_1 rise edge)
                                                      0.000     0.000 r  
    PS7_X0Y0             PS7                          0.000     0.000 r  Soc_Tracking_i/processing_system7_0/inst/PS7_i/FCLKCLK[1]
                         net (fo=1, routed)           1.207     1.207    Soc_Tracking_i/processing_system7_0/inst/FCLK_CLK_unbuffered[1]
    BUFGCTRL_X0Y3        BUFG (Prop_bufg_I_O)         0.101     1.308 r  Soc_Tracking_i/processing_system7_0/inst/buffer_fclk_clk_1.FCLK_CLK_1_BUFG/O
                         net (fo=37, routed)          1.669     2.977    Soc_Tracking_i/VGA_controller_0/U0/clk_VGA
    SLICE_X28Y35         FDRE                                         r  Soc_Tracking_i/VGA_controller_0/U0/h_cntr_reg_reg[8]/C
  -------------------------------------------------------------------    -------------------
    SLICE_X28Y35         FDRE (Prop_fdre_C_Q)         0.478     3.455 r  Soc_Tracking_i/VGA_controller_0/U0/h_cntr_reg_reg[8]/Q
                         net (fo=13, routed)          2.121     5.576    Soc_Tracking_i/VGA_controller_0/U0/h_cntr_reg_reg[8]
    SLICE_X26Y36         LUT2 (Prop_lut2_I0_O)        0.330     5.906 f  Soc_Tracking_i/VGA_controller_0/U0/t_ready_i_7/O
                         net (fo=1, routed)           0.518     6.424    Soc_Tracking_i/VGA_controller_0/U0/t_ready_i_7_n_0
    SLICE_X25Y35         LUT6 (Prop_lut6_I4_O)        0.327     6.751 f  Soc_Tracking_i/VGA_controller_0/U0/t_ready_i_3/O
                         net (fo=2, routed)           0.899     7.650    Soc_Tracking_i/VGA_controller_0/U0/t_ready_i_3_n_0
    SLICE_X27Y35         LUT5 (Prop_lut5_I3_O)        0.152     7.802 r  Soc_Tracking_i/VGA_controller_0/U0/v_cntr_reg[9]_i_1/O
                         net (fo=10, routed)          1.164     8.967    Soc_Tracking_i/VGA_controller_0/U0/v_cntr_reg[9]_i_1_n_0
    SLICE_X24Y34         FDRE                                         r  Soc_Tracking_i/VGA_controller_0/U0/v_cntr_reg_reg[1]/R
  -------------------------------------------------------------------    -------------------

                         (clock clk_fpga_1 rise edge)
                                                     40.000    40.000 r  
    PS7_X0Y0             PS7                          0.000    40.000 r  Soc_Tracking_i/processing_system7_0/inst/PS7_i/FCLKCLK[1]
                         net (fo=1, routed)           1.101    41.101    Soc_Tracking_i/processing_system7_0/inst/FCLK_CLK_unbuffered[1]
    BUFGCTRL_X0Y3        BUFG (Prop_bufg_I_O)         0.091    41.192 r  Soc_Tracking_i/processing_system7_0/inst/buffer_fclk_clk_1.FCLK_CLK_1_BUFG/O
                         net (fo=37, routed)          1.489    42.681    Soc_Tracking_i/VGA_controller_0/U0/clk_VGA
    SLICE_X24Y34         FDRE                                         r  Soc_Tracking_i/VGA_controller_0/U0/v_cntr_reg_reg[1]/C
                         clock pessimism              0.230    42.912    
                         clock uncertainty           -0.601    42.311    
    SLICE_X24Y34         FDRE (Setup_fdre_C_R)       -0.726    41.585    Soc_Tracking_i/VGA_controller_0/U0/v_cntr_reg_reg[1]
  -------------------------------------------------------------------
                         required time                         41.585    
                         arrival time                          -8.967    
  -------------------------------------------------------------------
                         slack                                 32.618    

Slack (MET) :             32.618ns  (required time - arrival time)
  Source:                 Soc_Tracking_i/VGA_controller_0/U0/h_cntr_reg_reg[8]/C
                            (rising edge-triggered cell FDRE clocked by clk_fpga_1  {rise@0.000ns fall@20.000ns period=40.000ns})
  Destination:            Soc_Tracking_i/VGA_controller_0/U0/v_cntr_reg_reg[2]/R
                            (rising edge-triggered cell FDRE clocked by clk_fpga_1  {rise@0.000ns fall@20.000ns period=40.000ns})
  Path Group:             clk_fpga_1
  Path Type:              Setup (Max at Slow Process Corner)
  Requirement:            40.000ns  (clk_fpga_1 rise@40.000ns - clk_fpga_1 rise@0.000ns)
  Data Path Delay:        5.990ns  (logic 1.287ns (21.487%)  route 4.703ns (78.513%))
  Logic Levels:           3  (LUT2=1 LUT5=1 LUT6=1)
  Clock Path Skew:        -0.065ns (DCD - SCD + CPR)
    Destination Clock Delay (DCD):    2.681ns = ( 42.681 - 40.000 ) 
    Source Clock Delay      (SCD):    2.977ns
    Clock Pessimism Removal (CPR):    0.230ns
  Clock Uncertainty:      0.601ns  ((TSJ^2 + TIJ^2)^1/2 + DJ) / 2 + PE
    Total System Jitter     (TSJ):    0.071ns
    Total Input Jitter      (TIJ):    1.200ns
    Discrete Jitter          (DJ):    0.000ns
    Phase Error              (PE):    0.000ns

    Location             Delay type                Incr(ns)  Path(ns)    Netlist Resource(s)
  -------------------------------------------------------------------    -------------------
                         (clock clk_fpga_1 rise edge)
                                                      0.000     0.000 r  
    PS7_X0Y0             PS7                          0.000     0.000 r  Soc_Tracking_i/processing_system7_0/inst/PS7_i/FCLKCLK[1]
                         net (fo=1, routed)           1.207     1.207    Soc_Tracking_i/processing_system7_0/inst/FCLK_CLK_unbuffered[1]
    BUFGCTRL_X0Y3        BUFG (Prop_bufg_I_O)         0.101     1.308 r  Soc_Tracking_i/processing_system7_0/inst/buffer_fclk_clk_1.FCLK_CLK_1_BUFG/O
                         net (fo=37, routed)          1.669     2.977    Soc_Tracking_i/VGA_controller_0/U0/clk_VGA
    SLICE_X28Y35         FDRE                                         r  Soc_Tracking_i/VGA_controller_0/U0/h_cntr_reg_reg[8]/C
  -------------------------------------------------------------------    -------------------
    SLICE_X28Y35         FDRE (Prop_fdre_C_Q)         0.478     3.455 r  Soc_Tracking_i/VGA_controller_0/U0/h_cntr_reg_reg[8]/Q
                         net (fo=13, routed)          2.121     5.576    Soc_Tracking_i/VGA_controller_0/U0/h_cntr_reg_reg[8]
    SLICE_X26Y36         LUT2 (Prop_lut2_I0_O)        0.330     5.906 f  Soc_Tracking_i/VGA_controller_0/U0/t_ready_i_7/O
                         net (fo=1, routed)           0.518     6.424    Soc_Tracking_i/VGA_controller_0/U0/t_ready_i_7_n_0
    SLICE_X25Y35         LUT6 (Prop_lut6_I4_O)        0.327     6.751 f  Soc_Tracking_i/VGA_controller_0/U0/t_ready_i_3/O
                         net (fo=2, routed)           0.899     7.650    Soc_Tracking_i/VGA_controller_0/U0/t_ready_i_3_n_0
    SLICE_X27Y35         LUT5 (Prop_lut5_I3_O)        0.152     7.802 r  Soc_Tracking_i/VGA_controller_0/U0/v_cntr_reg[9]_i_1/O
                         net (fo=10, routed)          1.164     8.967    Soc_Tracking_i/VGA_controller_0/U0/v_cntr_reg[9]_i_1_n_0
    SLICE_X24Y34         FDRE                                         r  Soc_Tracking_i/VGA_controller_0/U0/v_cntr_reg_reg[2]/R
  -------------------------------------------------------------------    -------------------

                         (clock clk_fpga_1 rise edge)
                                                     40.000    40.000 r  
    PS7_X0Y0             PS7                          0.000    40.000 r  Soc_Tracking_i/processing_system7_0/inst/PS7_i/FCLKCLK[1]
                         net (fo=1, routed)           1.101    41.101    Soc_Tracking_i/processing_system7_0/inst/FCLK_CLK_unbuffered[1]
    BUFGCTRL_X0Y3        BUFG (Prop_bufg_I_O)         0.091    41.192 r  Soc_Tracking_i/processing_system7_0/inst/buffer_fclk_clk_1.FCLK_CLK_1_BUFG/O
                         net (fo=37, routed)          1.489    42.681    Soc_Tracking_i/VGA_controller_0/U0/clk_VGA
    SLICE_X24Y34         FDRE                                         r  Soc_Tracking_i/VGA_controller_0/U0/v_cntr_reg_reg[2]/C
                         clock pessimism              0.230    42.912    
                         clock uncertainty           -0.601    42.311    
    SLICE_X24Y34         FDRE (Setup_fdre_C_R)       -0.726    41.585    Soc_Tracking_i/VGA_controller_0/U0/v_cntr_reg_reg[2]
  -------------------------------------------------------------------
                         required time                         41.585    
                         arrival time                          -8.967    
  -------------------------------------------------------------------
                         slack                                 32.618    

Slack (MET) :             32.618ns  (required time - arrival time)
  Source:                 Soc_Tracking_i/VGA_controller_0/U0/h_cntr_reg_reg[8]/C
                            (rising edge-triggered cell FDRE clocked by clk_fpga_1  {rise@0.000ns fall@20.000ns period=40.000ns})
  Destination:            Soc_Tracking_i/VGA_controller_0/U0/v_cntr_reg_reg[3]/R
                            (rising edge-triggered cell FDRE clocked by clk_fpga_1  {rise@0.000ns fall@20.000ns period=40.000ns})
  Path Group:             clk_fpga_1
  Path Type:              Setup (Max at Slow Process Corner)
  Requirement:            40.000ns  (clk_fpga_1 rise@40.000ns - clk_fpga_1 rise@0.000ns)
  Data Path Delay:        5.990ns  (logic 1.287ns (21.487%)  route 4.703ns (78.513%))
  Logic Levels:           3  (LUT2=1 LUT5=1 LUT6=1)
  Clock Path Skew:        -0.065ns (DCD - SCD + CPR)
    Destination Clock Delay (DCD):    2.681ns = ( 42.681 - 40.000 ) 
    Source Clock Delay      (SCD):    2.977ns
    Clock Pessimism Removal (CPR):    0.230ns
  Clock Uncertainty:      0.601ns  ((TSJ^2 + TIJ^2)^1/2 + DJ) / 2 + PE
    Total System Jitter     (TSJ):    0.071ns
    Total Input Jitter      (TIJ):    1.200ns
    Discrete Jitter          (DJ):    0.000ns
    Phase Error              (PE):    0.000ns

    Location             Delay type                Incr(ns)  Path(ns)    Netlist Resource(s)
  -------------------------------------------------------------------    -------------------
                         (clock clk_fpga_1 rise edge)
                                                      0.000     0.000 r  
    PS7_X0Y0             PS7                          0.000     0.000 r  Soc_Tracking_i/processing_system7_0/inst/PS7_i/FCLKCLK[1]
                         net (fo=1, routed)           1.207     1.207    Soc_Tracking_i/processing_system7_0/inst/FCLK_CLK_unbuffered[1]
    BUFGCTRL_X0Y3        BUFG (Prop_bufg_I_O)         0.101     1.308 r  Soc_Tracking_i/processing_system7_0/inst/buffer_fclk_clk_1.FCLK_CLK_1_BUFG/O
                         net (fo=37, routed)          1.669     2.977    Soc_Tracking_i/VGA_controller_0/U0/clk_VGA
    SLICE_X28Y35         FDRE                                         r  Soc_Tracking_i/VGA_controller_0/U0/h_cntr_reg_reg[8]/C
  -------------------------------------------------------------------    -------------------
    SLICE_X28Y35         FDRE (Prop_fdre_C_Q)         0.478     3.455 r  Soc_Tracking_i/VGA_controller_0/U0/h_cntr_reg_reg[8]/Q
                         net (fo=13, routed)          2.121     5.576    Soc_Tracking_i/VGA_controller_0/U0/h_cntr_reg_reg[8]
    SLICE_X26Y36         LUT2 (Prop_lut2_I0_O)        0.330     5.906 f  Soc_Tracking_i/VGA_controller_0/U0/t_ready_i_7/O
                         net (fo=1, routed)           0.518     6.424    Soc_Tracking_i/VGA_controller_0/U0/t_ready_i_7_n_0
    SLICE_X25Y35         LUT6 (Prop_lut6_I4_O)        0.327     6.751 f  Soc_Tracking_i/VGA_controller_0/U0/t_ready_i_3/O
                         net (fo=2, routed)           0.899     7.650    Soc_Tracking_i/VGA_controller_0/U0/t_ready_i_3_n_0
    SLICE_X27Y35         LUT5 (Prop_lut5_I3_O)        0.152     7.802 r  Soc_Tracking_i/VGA_controller_0/U0/v_cntr_reg[9]_i_1/O
                         net (fo=10, routed)          1.164     8.967    Soc_Tracking_i/VGA_controller_0/U0/v_cntr_reg[9]_i_1_n_0
    SLICE_X24Y34         FDRE                                         r  Soc_Tracking_i/VGA_controller_0/U0/v_cntr_reg_reg[3]/R
  -------------------------------------------------------------------    -------------------

                         (clock clk_fpga_1 rise edge)
                                                     40.000    40.000 r  
    PS7_X0Y0             PS7                          0.000    40.000 r  Soc_Tracking_i/processing_system7_0/inst/PS7_i/FCLKCLK[1]
                         net (fo=1, routed)           1.101    41.101    Soc_Tracking_i/processing_system7_0/inst/FCLK_CLK_unbuffered[1]
    BUFGCTRL_X0Y3        BUFG (Prop_bufg_I_O)         0.091    41.192 r  Soc_Tracking_i/processing_system7_0/inst/buffer_fclk_clk_1.FCLK_CLK_1_BUFG/O
                         net (fo=37, routed)          1.489    42.681    Soc_Tracking_i/VGA_controller_0/U0/clk_VGA
    SLICE_X24Y34         FDRE                                         r  Soc_Tracking_i/VGA_controller_0/U0/v_cntr_reg_reg[3]/C
                         clock pessimism              0.230    42.912    
                         clock uncertainty           -0.601    42.311    
    SLICE_X24Y34         FDRE (Setup_fdre_C_R)       -0.726    41.585    Soc_Tracking_i/VGA_controller_0/U0/v_cntr_reg_reg[3]
  -------------------------------------------------------------------
                         required time                         41.585    
                         arrival time                          -8.967    
  -------------------------------------------------------------------
                         slack                                 32.618    

Slack (MET) :             32.630ns  (required time - arrival time)
  Source:                 Soc_Tracking_i/VGA_controller_0/U0/h_cntr_reg_reg[8]/C
                            (rising edge-triggered cell FDRE clocked by clk_fpga_1  {rise@0.000ns fall@20.000ns period=40.000ns})
  Destination:            Soc_Tracking_i/VGA_controller_0/U0/v_cntr_reg_reg[5]/R
                            (rising edge-triggered cell FDRE clocked by clk_fpga_1  {rise@0.000ns fall@20.000ns period=40.000ns})
  Path Group:             clk_fpga_1
  Path Type:              Setup (Max at Slow Process Corner)
  Requirement:            40.000ns  (clk_fpga_1 rise@40.000ns - clk_fpga_1 rise@0.000ns)
  Data Path Delay:        6.074ns  (logic 1.287ns (21.187%)  route 4.787ns (78.813%))
  Logic Levels:           3  (LUT2=1 LUT5=1 LUT6=1)
  Clock Path Skew:        -0.064ns (DCD - SCD + CPR)
    Destination Clock Delay (DCD):    2.682ns = ( 42.682 - 40.000 ) 
    Source Clock Delay      (SCD):    2.977ns
    Clock Pessimism Removal (CPR):    0.230ns
  Clock Uncertainty:      0.601ns  ((TSJ^2 + TIJ^2)^1/2 + DJ) / 2 + PE
    Total System Jitter     (TSJ):    0.071ns
    Total Input Jitter      (TIJ):    1.200ns
    Discrete Jitter          (DJ):    0.000ns
    Phase Error              (PE):    0.000ns

    Location             Delay type                Incr(ns)  Path(ns)    Netlist Resource(s)
  -------------------------------------------------------------------    -------------------
                         (clock clk_fpga_1 rise edge)
                                                      0.000     0.000 r  
    PS7_X0Y0             PS7                          0.000     0.000 r  Soc_Tracking_i/processing_system7_0/inst/PS7_i/FCLKCLK[1]
                         net (fo=1, routed)           1.207     1.207    Soc_Tracking_i/processing_system7_0/inst/FCLK_CLK_unbuffered[1]
    BUFGCTRL_X0Y3        BUFG (Prop_bufg_I_O)         0.101     1.308 r  Soc_Tracking_i/processing_system7_0/inst/buffer_fclk_clk_1.FCLK_CLK_1_BUFG/O
                         net (fo=37, routed)          1.669     2.977    Soc_Tracking_i/VGA_controller_0/U0/clk_VGA
    SLICE_X28Y35         FDRE                                         r  Soc_Tracking_i/VGA_controller_0/U0/h_cntr_reg_reg[8]/C
  -------------------------------------------------------------------    -------------------
    SLICE_X28Y35         FDRE (Prop_fdre_C_Q)         0.478     3.455 r  Soc_Tracking_i/VGA_controller_0/U0/h_cntr_reg_reg[8]/Q
                         net (fo=13, routed)          2.121     5.576    Soc_Tracking_i/VGA_controller_0/U0/h_cntr_reg_reg[8]
    SLICE_X26Y36         LUT2 (Prop_lut2_I0_O)        0.330     5.906 f  Soc_Tracking_i/VGA_controller_0/U0/t_ready_i_7/O
                         net (fo=1, routed)           0.518     6.424    Soc_Tracking_i/VGA_controller_0/U0/t_ready_i_7_n_0
    SLICE_X25Y35         LUT6 (Prop_lut6_I4_O)        0.327     6.751 f  Soc_Tracking_i/VGA_controller_0/U0/t_ready_i_3/O
                         net (fo=2, routed)           0.899     7.650    Soc_Tracking_i/VGA_controller_0/U0/t_ready_i_3_n_0
    SLICE_X27Y35         LUT5 (Prop_lut5_I3_O)        0.152     7.802 r  Soc_Tracking_i/VGA_controller_0/U0/v_cntr_reg[9]_i_1/O
                         net (fo=10, routed)          1.249     9.051    Soc_Tracking_i/VGA_controller_0/U0/v_cntr_reg[9]_i_1_n_0
    SLICE_X25Y35         FDRE                                         r  Soc_Tracking_i/VGA_controller_0/U0/v_cntr_reg_reg[5]/R
  -------------------------------------------------------------------    -------------------

                         (clock clk_fpga_1 rise edge)
                                                     40.000    40.000 r  
    PS7_X0Y0             PS7                          0.000    40.000 r  Soc_Tracking_i/processing_system7_0/inst/PS7_i/FCLKCLK[1]
                         net (fo=1, routed)           1.101    41.101    Soc_Tracking_i/processing_system7_0/inst/FCLK_CLK_unbuffered[1]
    BUFGCTRL_X0Y3        BUFG (Prop_bufg_I_O)         0.091    41.192 r  Soc_Tracking_i/processing_system7_0/inst/buffer_fclk_clk_1.FCLK_CLK_1_BUFG/O
                         net (fo=37, routed)          1.490    42.682    Soc_Tracking_i/VGA_controller_0/U0/clk_VGA
    SLICE_X25Y35         FDRE                                         r  Soc_Tracking_i/VGA_controller_0/U0/v_cntr_reg_reg[5]/C
                         clock pessimism              0.230    42.913    
                         clock uncertainty           -0.601    42.312    
    SLICE_X25Y35         FDRE (Setup_fdre_C_R)       -0.631    41.681    Soc_Tracking_i/VGA_controller_0/U0/v_cntr_reg_reg[5]
  -------------------------------------------------------------------
                         required time                         41.681    
                         arrival time                          -9.051    
  -------------------------------------------------------------------
                         slack                                 32.630    

Slack (MET) :             32.717ns  (required time - arrival time)
  Source:                 Soc_Tracking_i/VGA_controller_0/U0/h_cntr_reg_reg[8]/C
                            (rising edge-triggered cell FDRE clocked by clk_fpga_1  {rise@0.000ns fall@20.000ns period=40.000ns})
  Destination:            Soc_Tracking_i/VGA_controller_0/U0/v_cntr_reg_reg[6]/R
                            (rising edge-triggered cell FDRE clocked by clk_fpga_1  {rise@0.000ns fall@20.000ns period=40.000ns})
  Path Group:             clk_fpga_1
  Path Type:              Setup (Max at Slow Process Corner)
  Requirement:            40.000ns  (clk_fpga_1 rise@40.000ns - clk_fpga_1 rise@0.000ns)
  Data Path Delay:        5.990ns  (logic 1.287ns (21.486%)  route 4.703ns (78.514%))
  Logic Levels:           3  (LUT2=1 LUT5=1 LUT6=1)
  Clock Path Skew:        -0.061ns (DCD - SCD + CPR)
    Destination Clock Delay (DCD):    2.685ns = ( 42.686 - 40.000 ) 
    Source Clock Delay      (SCD):    2.977ns
    Clock Pessimism Removal (CPR):    0.230ns
  Clock Uncertainty:      0.601ns  ((TSJ^2 + TIJ^2)^1/2 + DJ) / 2 + PE
    Total System Jitter     (TSJ):    0.071ns
    Total Input Jitter      (TIJ):    1.200ns
    Discrete Jitter          (DJ):    0.000ns
    Phase Error              (PE):    0.000ns

    Location             Delay type                Incr(ns)  Path(ns)    Netlist Resource(s)
  -------------------------------------------------------------------    -------------------
                         (clock clk_fpga_1 rise edge)
                                                      0.000     0.000 r  
    PS7_X0Y0             PS7                          0.000     0.000 r  Soc_Tracking_i/processing_system7_0/inst/PS7_i/FCLKCLK[1]
                         net (fo=1, routed)           1.207     1.207    Soc_Tracking_i/processing_system7_0/inst/FCLK_CLK_unbuffered[1]
    BUFGCTRL_X0Y3        BUFG (Prop_bufg_I_O)         0.101     1.308 r  Soc_Tracking_i/processing_system7_0/inst/buffer_fclk_clk_1.FCLK_CLK_1_BUFG/O
                         net (fo=37, routed)          1.669     2.977    Soc_Tracking_i/VGA_controller_0/U0/clk_VGA
    SLICE_X28Y35         FDRE                                         r  Soc_Tracking_i/VGA_controller_0/U0/h_cntr_reg_reg[8]/C
  -------------------------------------------------------------------    -------------------
    SLICE_X28Y35         FDRE (Prop_fdre_C_Q)         0.478     3.455 r  Soc_Tracking_i/VGA_controller_0/U0/h_cntr_reg_reg[8]/Q
                         net (fo=13, routed)          2.121     5.576    Soc_Tracking_i/VGA_controller_0/U0/h_cntr_reg_reg[8]
    SLICE_X26Y36         LUT2 (Prop_lut2_I0_O)        0.330     5.906 f  Soc_Tracking_i/VGA_controller_0/U0/t_ready_i_7/O
                         net (fo=1, routed)           0.518     6.424    Soc_Tracking_i/VGA_controller_0/U0/t_ready_i_7_n_0
    SLICE_X25Y35         LUT6 (Prop_lut6_I4_O)        0.327     6.751 f  Soc_Tracking_i/VGA_controller_0/U0/t_ready_i_3/O
                         net (fo=2, routed)           0.899     7.650    Soc_Tracking_i/VGA_controller_0/U0/t_ready_i_3_n_0
    SLICE_X27Y35         LUT5 (Prop_lut5_I3_O)        0.152     7.802 r  Soc_Tracking_i/VGA_controller_0/U0/v_cntr_reg[9]_i_1/O
                         net (fo=10, routed)          1.165     8.967    Soc_Tracking_i/VGA_controller_0/U0/v_cntr_reg[9]_i_1_n_0
    SLICE_X26Y34         FDRE                                         r  Soc_Tracking_i/VGA_controller_0/U0/v_cntr_reg_reg[6]/R
  -------------------------------------------------------------------    -------------------

                         (clock clk_fpga_1 rise edge)
                                                     40.000    40.000 r  
    PS7_X0Y0             PS7                          0.000    40.000 r  Soc_Tracking_i/processing_system7_0/inst/PS7_i/FCLKCLK[1]
                         net (fo=1, routed)           1.101    41.101    Soc_Tracking_i/processing_system7_0/inst/FCLK_CLK_unbuffered[1]
    BUFGCTRL_X0Y3        BUFG (Prop_bufg_I_O)         0.091    41.192 r  Soc_Tracking_i/processing_system7_0/inst/buffer_fclk_clk_1.FCLK_CLK_1_BUFG/O
                         net (fo=37, routed)          1.493    42.686    Soc_Tracking_i/VGA_controller_0/U0/clk_VGA
    SLICE_X26Y34         FDRE                                         r  Soc_Tracking_i/VGA_controller_0/U0/v_cntr_reg_reg[6]/C
                         clock pessimism              0.230    42.916    
                         clock uncertainty           -0.601    42.315    
    SLICE_X26Y34         FDRE (Setup_fdre_C_R)       -0.631    41.684    Soc_Tracking_i/VGA_controller_0/U0/v_cntr_reg_reg[6]
  -------------------------------------------------------------------
                         required time                         41.684    
                         arrival time                          -8.967    
  -------------------------------------------------------------------
                         slack                                 32.717    

Slack (MET) :             32.717ns  (required time - arrival time)
  Source:                 Soc_Tracking_i/VGA_controller_0/U0/h_cntr_reg_reg[8]/C
                            (rising edge-triggered cell FDRE clocked by clk_fpga_1  {rise@0.000ns fall@20.000ns period=40.000ns})
  Destination:            Soc_Tracking_i/VGA_controller_0/U0/v_cntr_reg_reg[7]/R
                            (rising edge-triggered cell FDRE clocked by clk_fpga_1  {rise@0.000ns fall@20.000ns period=40.000ns})
  Path Group:             clk_fpga_1
  Path Type:              Setup (Max at Slow Process Corner)
  Requirement:            40.000ns  (clk_fpga_1 rise@40.000ns - clk_fpga_1 rise@0.000ns)
  Data Path Delay:        5.990ns  (logic 1.287ns (21.486%)  route 4.703ns (78.514%))
  Logic Levels:           3  (LUT2=1 LUT5=1 LUT6=1)
  Clock Path Skew:        -0.061ns (DCD - SCD + CPR)
    Destination Clock Delay (DCD):    2.685ns = ( 42.686 - 40.000 ) 
    Source Clock Delay      (SCD):    2.977ns
    Clock Pessimism Removal (CPR):    0.230ns
  Clock Uncertainty:      0.601ns  ((TSJ^2 + TIJ^2)^1/2 + DJ) / 2 + PE
    Total System Jitter     (TSJ):    0.071ns
    Total Input Jitter      (TIJ):    1.200ns
    Discrete Jitter          (DJ):    0.000ns
    Phase Error              (PE):    0.000ns

    Location             Delay type                Incr(ns)  Path(ns)    Netlist Resource(s)
  -------------------------------------------------------------------    -------------------
                         (clock clk_fpga_1 rise edge)
                                                      0.000     0.000 r  
    PS7_X0Y0             PS7                          0.000     0.000 r  Soc_Tracking_i/processing_system7_0/inst/PS7_i/FCLKCLK[1]
                         net (fo=1, routed)           1.207     1.207    Soc_Tracking_i/processing_system7_0/inst/FCLK_CLK_unbuffered[1]
    BUFGCTRL_X0Y3        BUFG (Prop_bufg_I_O)         0.101     1.308 r  Soc_Tracking_i/processing_system7_0/inst/buffer_fclk_clk_1.FCLK_CLK_1_BUFG/O
                         net (fo=37, routed)          1.669     2.977    Soc_Tracking_i/VGA_controller_0/U0/clk_VGA
    SLICE_X28Y35         FDRE                                         r  Soc_Tracking_i/VGA_controller_0/U0/h_cntr_reg_reg[8]/C
  -------------------------------------------------------------------    -------------------
    SLICE_X28Y35         FDRE (Prop_fdre_C_Q)         0.478     3.455 r  Soc_Tracking_i/VGA_controller_0/U0/h_cntr_reg_reg[8]/Q
                         net (fo=13, routed)          2.121     5.576    Soc_Tracking_i/VGA_controller_0/U0/h_cntr_reg_reg[8]
    SLICE_X26Y36         LUT2 (Prop_lut2_I0_O)        0.330     5.906 f  Soc_Tracking_i/VGA_controller_0/U0/t_ready_i_7/O
                         net (fo=1, routed)           0.518     6.424    Soc_Tracking_i/VGA_controller_0/U0/t_ready_i_7_n_0
    SLICE_X25Y35         LUT6 (Prop_lut6_I4_O)        0.327     6.751 f  Soc_Tracking_i/VGA_controller_0/U0/t_ready_i_3/O
                         net (fo=2, routed)           0.899     7.650    Soc_Tracking_i/VGA_controller_0/U0/t_ready_i_3_n_0
    SLICE_X27Y35         LUT5 (Prop_lut5_I3_O)        0.152     7.802 r  Soc_Tracking_i/VGA_controller_0/U0/v_cntr_reg[9]_i_1/O
                         net (fo=10, routed)          1.165     8.967    Soc_Tracking_i/VGA_controller_0/U0/v_cntr_reg[9]_i_1_n_0
    SLICE_X26Y34         FDRE                                         r  Soc_Tracking_i/VGA_controller_0/U0/v_cntr_reg_reg[7]/R
  -------------------------------------------------------------------    -------------------

                         (clock clk_fpga_1 rise edge)
                                                     40.000    40.000 r  
    PS7_X0Y0             PS7                          0.000    40.000 r  Soc_Tracking_i/processing_system7_0/inst/PS7_i/FCLKCLK[1]
                         net (fo=1, routed)           1.101    41.101    Soc_Tracking_i/processing_system7_0/inst/FCLK_CLK_unbuffered[1]
    BUFGCTRL_X0Y3        BUFG (Prop_bufg_I_O)         0.091    41.192 r  Soc_Tracking_i/processing_system7_0/inst/buffer_fclk_clk_1.FCLK_CLK_1_BUFG/O
                         net (fo=37, routed)          1.493    42.686    Soc_Tracking_i/VGA_controller_0/U0/clk_VGA
    SLICE_X26Y34         FDRE                                         r  Soc_Tracking_i/VGA_controller_0/U0/v_cntr_reg_reg[7]/C
                         clock pessimism              0.230    42.916    
                         clock uncertainty           -0.601    42.315    
    SLICE_X26Y34         FDRE (Setup_fdre_C_R)       -0.631    41.684    Soc_Tracking_i/VGA_controller_0/U0/v_cntr_reg_reg[7]
  -------------------------------------------------------------------
                         required time                         41.684    
                         arrival time                          -8.967    
  -------------------------------------------------------------------
                         slack                                 32.717    

Slack (MET) :             32.717ns  (required time - arrival time)
  Source:                 Soc_Tracking_i/VGA_controller_0/U0/h_cntr_reg_reg[8]/C
                            (rising edge-triggered cell FDRE clocked by clk_fpga_1  {rise@0.000ns fall@20.000ns period=40.000ns})
  Destination:            Soc_Tracking_i/VGA_controller_0/U0/v_cntr_reg_reg[8]/R
                            (rising edge-triggered cell FDRE clocked by clk_fpga_1  {rise@0.000ns fall@20.000ns period=40.000ns})
  Path Group:             clk_fpga_1
  Path Type:              Setup (Max at Slow Process Corner)
  Requirement:            40.000ns  (clk_fpga_1 rise@40.000ns - clk_fpga_1 rise@0.000ns)
  Data Path Delay:        5.990ns  (logic 1.287ns (21.486%)  route 4.703ns (78.514%))
  Logic Levels:           3  (LUT2=1 LUT5=1 LUT6=1)
  Clock Path Skew:        -0.061ns (DCD - SCD + CPR)
    Destination Clock Delay (DCD):    2.685ns = ( 42.686 - 40.000 ) 
    Source Clock Delay      (SCD):    2.977ns
    Clock Pessimism Removal (CPR):    0.230ns
  Clock Uncertainty:      0.601ns  ((TSJ^2 + TIJ^2)^1/2 + DJ) / 2 + PE
    Total System Jitter     (TSJ):    0.071ns
    Total Input Jitter      (TIJ):    1.200ns
    Discrete Jitter          (DJ):    0.000ns
    Phase Error              (PE):    0.000ns

    Location             Delay type                Incr(ns)  Path(ns)    Netlist Resource(s)
  -------------------------------------------------------------------    -------------------
                         (clock clk_fpga_1 rise edge)
                                                      0.000     0.000 r  
    PS7_X0Y0             PS7                          0.000     0.000 r  Soc_Tracking_i/processing_system7_0/inst/PS7_i/FCLKCLK[1]
                         net (fo=1, routed)           1.207     1.207    Soc_Tracking_i/processing_system7_0/inst/FCLK_CLK_unbuffered[1]
    BUFGCTRL_X0Y3        BUFG (Prop_bufg_I_O)         0.101     1.308 r  Soc_Tracking_i/processing_system7_0/inst/buffer_fclk_clk_1.FCLK_CLK_1_BUFG/O
                         net (fo=37, routed)          1.669     2.977    Soc_Tracking_i/VGA_controller_0/U0/clk_VGA
    SLICE_X28Y35         FDRE                                         r  Soc_Tracking_i/VGA_controller_0/U0/h_cntr_reg_reg[8]/C
  -------------------------------------------------------------------    -------------------
    SLICE_X28Y35         FDRE (Prop_fdre_C_Q)         0.478     3.455 r  Soc_Tracking_i/VGA_controller_0/U0/h_cntr_reg_reg[8]/Q
                         net (fo=13, routed)          2.121     5.576    Soc_Tracking_i/VGA_controller_0/U0/h_cntr_reg_reg[8]
    SLICE_X26Y36         LUT2 (Prop_lut2_I0_O)        0.330     5.906 f  Soc_Tracking_i/VGA_controller_0/U0/t_ready_i_7/O
                         net (fo=1, routed)           0.518     6.424    Soc_Tracking_i/VGA_controller_0/U0/t_ready_i_7_n_0
    SLICE_X25Y35         LUT6 (Prop_lut6_I4_O)        0.327     6.751 f  Soc_Tracking_i/VGA_controller_0/U0/t_ready_i_3/O
                         net (fo=2, routed)           0.899     7.650    Soc_Tracking_i/VGA_controller_0/U0/t_ready_i_3_n_0
    SLICE_X27Y35         LUT5 (Prop_lut5_I3_O)        0.152     7.802 r  Soc_Tracking_i/VGA_controller_0/U0/v_cntr_reg[9]_i_1/O
                         net (fo=10, routed)          1.165     8.967    Soc_Tracking_i/VGA_controller_0/U0/v_cntr_reg[9]_i_1_n_0
    SLICE_X26Y34         FDRE                                         r  Soc_Tracking_i/VGA_controller_0/U0/v_cntr_reg_reg[8]/R
  -------------------------------------------------------------------    -------------------

                         (clock clk_fpga_1 rise edge)
                                                     40.000    40.000 r  
    PS7_X0Y0             PS7                          0.000    40.000 r  Soc_Tracking_i/processing_system7_0/inst/PS7_i/FCLKCLK[1]
                         net (fo=1, routed)           1.101    41.101    Soc_Tracking_i/processing_system7_0/inst/FCLK_CLK_unbuffered[1]
    BUFGCTRL_X0Y3        BUFG (Prop_bufg_I_O)         0.091    41.192 r  Soc_Tracking_i/processing_system7_0/inst/buffer_fclk_clk_1.FCLK_CLK_1_BUFG/O
                         net (fo=37, routed)          1.493    42.686    Soc_Tracking_i/VGA_controller_0/U0/clk_VGA
    SLICE_X26Y34         FDRE                                         r  Soc_Tracking_i/VGA_controller_0/U0/v_cntr_reg_reg[8]/C
                         clock pessimism              0.230    42.916    
                         clock uncertainty           -0.601    42.315    
    SLICE_X26Y34         FDRE (Setup_fdre_C_R)       -0.631    41.684    Soc_Tracking_i/VGA_controller_0/U0/v_cntr_reg_reg[8]
  -------------------------------------------------------------------
                         required time                         41.684    
                         arrival time                          -8.967    
  -------------------------------------------------------------------
                         slack                                 32.717    

Slack (MET) :             32.717ns  (required time - arrival time)
  Source:                 Soc_Tracking_i/VGA_controller_0/U0/h_cntr_reg_reg[8]/C
                            (rising edge-triggered cell FDRE clocked by clk_fpga_1  {rise@0.000ns fall@20.000ns period=40.000ns})
  Destination:            Soc_Tracking_i/VGA_controller_0/U0/v_cntr_reg_reg[9]/R
                            (rising edge-triggered cell FDRE clocked by clk_fpga_1  {rise@0.000ns fall@20.000ns period=40.000ns})
  Path Group:             clk_fpga_1
  Path Type:              Setup (Max at Slow Process Corner)
  Requirement:            40.000ns  (clk_fpga_1 rise@40.000ns - clk_fpga_1 rise@0.000ns)
  Data Path Delay:        5.990ns  (logic 1.287ns (21.486%)  route 4.703ns (78.514%))
  Logic Levels:           3  (LUT2=1 LUT5=1 LUT6=1)
  Clock Path Skew:        -0.061ns (DCD - SCD + CPR)
    Destination Clock Delay (DCD):    2.685ns = ( 42.686 - 40.000 ) 
    Source Clock Delay      (SCD):    2.977ns
    Clock Pessimism Removal (CPR):    0.230ns
  Clock Uncertainty:      0.601ns  ((TSJ^2 + TIJ^2)^1/2 + DJ) / 2 + PE
    Total System Jitter     (TSJ):    0.071ns
    Total Input Jitter      (TIJ):    1.200ns
    Discrete Jitter          (DJ):    0.000ns
    Phase Error              (PE):    0.000ns

    Location             Delay type                Incr(ns)  Path(ns)    Netlist Resource(s)
  -------------------------------------------------------------------    -------------------
                         (clock clk_fpga_1 rise edge)
                                                      0.000     0.000 r  
    PS7_X0Y0             PS7                          0.000     0.000 r  Soc_Tracking_i/processing_system7_0/inst/PS7_i/FCLKCLK[1]
                         net (fo=1, routed)           1.207     1.207    Soc_Tracking_i/processing_system7_0/inst/FCLK_CLK_unbuffered[1]
    BUFGCTRL_X0Y3        BUFG (Prop_bufg_I_O)         0.101     1.308 r  Soc_Tracking_i/processing_system7_0/inst/buffer_fclk_clk_1.FCLK_CLK_1_BUFG/O
                         net (fo=37, routed)          1.669     2.977    Soc_Tracking_i/VGA_controller_0/U0/clk_VGA
    SLICE_X28Y35         FDRE                                         r  Soc_Tracking_i/VGA_controller_0/U0/h_cntr_reg_reg[8]/C
  -------------------------------------------------------------------    -------------------
    SLICE_X28Y35         FDRE (Prop_fdre_C_Q)         0.478     3.455 r  Soc_Tracking_i/VGA_controller_0/U0/h_cntr_reg_reg[8]/Q
                         net (fo=13, routed)          2.121     5.576    Soc_Tracking_i/VGA_controller_0/U0/h_cntr_reg_reg[8]
    SLICE_X26Y36         LUT2 (Prop_lut2_I0_O)        0.330     5.906 f  Soc_Tracking_i/VGA_controller_0/U0/t_ready_i_7/O
                         net (fo=1, routed)           0.518     6.424    Soc_Tracking_i/VGA_controller_0/U0/t_ready_i_7_n_0
    SLICE_X25Y35         LUT6 (Prop_lut6_I4_O)        0.327     6.751 f  Soc_Tracking_i/VGA_controller_0/U0/t_ready_i_3/O
                         net (fo=2, routed)           0.899     7.650    Soc_Tracking_i/VGA_controller_0/U0/t_ready_i_3_n_0
    SLICE_X27Y35         LUT5 (Prop_lut5_I3_O)        0.152     7.802 r  Soc_Tracking_i/VGA_controller_0/U0/v_cntr_reg[9]_i_1/O
                         net (fo=10, routed)          1.165     8.967    Soc_Tracking_i/VGA_controller_0/U0/v_cntr_reg[9]_i_1_n_0
    SLICE_X26Y34         FDRE                                         r  Soc_Tracking_i/VGA_controller_0/U0/v_cntr_reg_reg[9]/R
  -------------------------------------------------------------------    -------------------

                         (clock clk_fpga_1 rise edge)
                                                     40.000    40.000 r  
    PS7_X0Y0             PS7                          0.000    40.000 r  Soc_Tracking_i/processing_system7_0/inst/PS7_i/FCLKCLK[1]
                         net (fo=1, routed)           1.101    41.101    Soc_Tracking_i/processing_system7_0/inst/FCLK_CLK_unbuffered[1]
    BUFGCTRL_X0Y3        BUFG (Prop_bufg_I_O)         0.091    41.192 r  Soc_Tracking_i/processing_system7_0/inst/buffer_fclk_clk_1.FCLK_CLK_1_BUFG/O
                         net (fo=37, routed)          1.493    42.686    Soc_Tracking_i/VGA_controller_0/U0/clk_VGA
    SLICE_X26Y34         FDRE                                         r  Soc_Tracking_i/VGA_controller_0/U0/v_cntr_reg_reg[9]/C
                         clock pessimism              0.230    42.916    
                         clock uncertainty           -0.601    42.315    
    SLICE_X26Y34         FDRE (Setup_fdre_C_R)       -0.631    41.684    Soc_Tracking_i/VGA_controller_0/U0/v_cntr_reg_reg[9]
  -------------------------------------------------------------------
                         required time                         41.684    
                         arrival time                          -8.967    
  -------------------------------------------------------------------
                         slack                                 32.717    





Min Delay Paths
--------------------------------------------------------------------------------------
Slack (MET) :             0.166ns  (arrival time - required time)
  Source:                 Soc_Tracking_i/VGA_controller_0/U0/h_cntr_reg_reg[0]/C
                            (rising edge-triggered cell FDRE clocked by clk_fpga_1  {rise@0.000ns fall@20.000ns period=40.000ns})
  Destination:            Soc_Tracking_i/VGA_controller_0/U0/h_cntr_reg_reg[2]/D
                            (rising edge-triggered cell FDRE clocked by clk_fpga_1  {rise@0.000ns fall@20.000ns period=40.000ns})
  Path Group:             clk_fpga_1
  Path Type:              Hold (Min at Fast Process Corner)
  Requirement:            0.000ns  (clk_fpga_1 rise@0.000ns - clk_fpga_1 rise@0.000ns)
  Data Path Delay:        0.310ns  (logic 0.189ns (60.880%)  route 0.121ns (39.120%))
  Logic Levels:           1  (LUT3=1)
  Clock Path Skew:        0.013ns (DCD - SCD - CPR)
    Destination Clock Delay (DCD):    1.196ns
    Source Clock Delay      (SCD):    0.900ns
    Clock Pessimism Removal (CPR):    0.283ns

    Location             Delay type                Incr(ns)  Path(ns)    Netlist Resource(s)
  -------------------------------------------------------------------    -------------------
                         (clock clk_fpga_1 rise edge)
                                                      0.000     0.000 r  
    PS7_X0Y0             PS7                          0.000     0.000 r  Soc_Tracking_i/processing_system7_0/inst/PS7_i/FCLKCLK[1]
                         net (fo=1, routed)           0.315     0.315    Soc_Tracking_i/processing_system7_0/inst/FCLK_CLK_unbuffered[1]
    BUFGCTRL_X0Y3        BUFG (Prop_bufg_I_O)         0.026     0.341 r  Soc_Tracking_i/processing_system7_0/inst/buffer_fclk_clk_1.FCLK_CLK_1_BUFG/O
                         net (fo=37, routed)          0.559     0.900    Soc_Tracking_i/VGA_controller_0/U0/clk_VGA
    SLICE_X31Y35         FDRE                                         r  Soc_Tracking_i/VGA_controller_0/U0/h_cntr_reg_reg[0]/C
  -------------------------------------------------------------------    -------------------
    SLICE_X31Y35         FDRE (Prop_fdre_C_Q)         0.141     1.041 r  Soc_Tracking_i/VGA_controller_0/U0/h_cntr_reg_reg[0]/Q
                         net (fo=8, routed)           0.121     1.162    Soc_Tracking_i/VGA_controller_0/U0/h_cntr_reg_reg[0]
    SLICE_X30Y35         LUT3 (Prop_lut3_I1_O)        0.048     1.210 r  Soc_Tracking_i/VGA_controller_0/U0/h_cntr_reg[2]_i_1/O
                         net (fo=1, routed)           0.000     1.210    Soc_Tracking_i/VGA_controller_0/U0/h_cntr_reg[2]_i_1_n_0
    SLICE_X30Y35         FDRE                                         r  Soc_Tracking_i/VGA_controller_0/U0/h_cntr_reg_reg[2]/D
  -------------------------------------------------------------------    -------------------

                         (clock clk_fpga_1 rise edge)
                                                      0.000     0.000 r  
    PS7_X0Y0             PS7                          0.000     0.000 r  Soc_Tracking_i/processing_system7_0/inst/PS7_i/FCLKCLK[1]
                         net (fo=1, routed)           0.341     0.341    Soc_Tracking_i/processing_system7_0/inst/FCLK_CLK_unbuffered[1]
    BUFGCTRL_X0Y3        BUFG (Prop_bufg_I_O)         0.029     0.370 r  Soc_Tracking_i/processing_system7_0/inst/buffer_fclk_clk_1.FCLK_CLK_1_BUFG/O
                         net (fo=37, routed)          0.826     1.196    Soc_Tracking_i/VGA_controller_0/U0/clk_VGA
    SLICE_X30Y35         FDRE                                         r  Soc_Tracking_i/VGA_controller_0/U0/h_cntr_reg_reg[2]/C
                         clock pessimism             -0.283     0.913    
    SLICE_X30Y35         FDRE (Hold_fdre_C_D)         0.131     1.044    Soc_Tracking_i/VGA_controller_0/U0/h_cntr_reg_reg[2]
  -------------------------------------------------------------------
                         required time                         -1.044    
                         arrival time                           1.210    
  -------------------------------------------------------------------
                         slack                                  0.166    

Slack (MET) :             0.174ns  (arrival time - required time)
  Source:                 Soc_Tracking_i/VGA_controller_0/U0/h_cntr_reg_reg[0]/C
                            (rising edge-triggered cell FDRE clocked by clk_fpga_1  {rise@0.000ns fall@20.000ns period=40.000ns})
  Destination:            Soc_Tracking_i/VGA_controller_0/U0/h_cntr_reg_reg[1]/D
                            (rising edge-triggered cell FDRE clocked by clk_fpga_1  {rise@0.000ns fall@20.000ns period=40.000ns})
  Path Group:             clk_fpga_1
  Path Type:              Hold (Min at Fast Process Corner)
  Requirement:            0.000ns  (clk_fpga_1 rise@0.000ns - clk_fpga_1 rise@0.000ns)
  Data Path Delay:        0.307ns  (logic 0.186ns (60.498%)  route 0.121ns (39.502%))
  Logic Levels:           1  (LUT2=1)
  Clock Path Skew:        0.013ns (DCD - SCD - CPR)
    Destination Clock Delay (DCD):    1.196ns
    Source Clock Delay      (SCD):    0.900ns
    Clock Pessimism Removal (CPR):    0.283ns

    Location             Delay type                Incr(ns)  Path(ns)    Netlist Resource(s)
  -------------------------------------------------------------------    -------------------
                         (clock clk_fpga_1 rise edge)
                                                      0.000     0.000 r  
    PS7_X0Y0             PS7                          0.000     0.000 r  Soc_Tracking_i/processing_system7_0/inst/PS7_i/FCLKCLK[1]
                         net (fo=1, routed)           0.315     0.315    Soc_Tracking_i/processing_system7_0/inst/FCLK_CLK_unbuffered[1]
    BUFGCTRL_X0Y3        BUFG (Prop_bufg_I_O)         0.026     0.341 r  Soc_Tracking_i/processing_system7_0/inst/buffer_fclk_clk_1.FCLK_CLK_1_BUFG/O
                         net (fo=37, routed)          0.559     0.900    Soc_Tracking_i/VGA_controller_0/U0/clk_VGA
    SLICE_X31Y35         FDRE                                         r  Soc_Tracking_i/VGA_controller_0/U0/h_cntr_reg_reg[0]/C
  -------------------------------------------------------------------    -------------------
    SLICE_X31Y35         FDRE (Prop_fdre_C_Q)         0.141     1.041 r  Soc_Tracking_i/VGA_controller_0/U0/h_cntr_reg_reg[0]/Q
                         net (fo=8, routed)           0.121     1.162    Soc_Tracking_i/VGA_controller_0/U0/h_cntr_reg_reg[0]
    SLICE_X30Y35         LUT2 (Prop_lut2_I0_O)        0.045     1.207 r  Soc_Tracking_i/VGA_controller_0/U0/h_cntr_reg[1]_i_1/O
                         net (fo=1, routed)           0.000     1.207    Soc_Tracking_i/VGA_controller_0/U0/plusOp[1]
    SLICE_X30Y35         FDRE                                         r  Soc_Tracking_i/VGA_controller_0/U0/h_cntr_reg_reg[1]/D
  -------------------------------------------------------------------    -------------------

                         (clock clk_fpga_1 rise edge)
                                                      0.000     0.000 r  
    PS7_X0Y0             PS7                          0.000     0.000 r  Soc_Tracking_i/processing_system7_0/inst/PS7_i/FCLKCLK[1]
                         net (fo=1, routed)           0.341     0.341    Soc_Tracking_i/processing_system7_0/inst/FCLK_CLK_unbuffered[1]
    BUFGCTRL_X0Y3        BUFG (Prop_bufg_I_O)         0.029     0.370 r  Soc_Tracking_i/processing_system7_0/inst/buffer_fclk_clk_1.FCLK_CLK_1_BUFG/O
                         net (fo=37, routed)          0.826     1.196    Soc_Tracking_i/VGA_controller_0/U0/clk_VGA
    SLICE_X30Y35         FDRE                                         r  Soc_Tracking_i/VGA_controller_0/U0/h_cntr_reg_reg[1]/C
                         clock pessimism             -0.283     0.913    
    SLICE_X30Y35         FDRE (Hold_fdre_C_D)         0.120     1.033    Soc_Tracking_i/VGA_controller_0/U0/h_cntr_reg_reg[1]
  -------------------------------------------------------------------
                         required time                         -1.033    
                         arrival time                           1.207    
  -------------------------------------------------------------------
                         slack                                  0.174    

Slack (MET) :             0.213ns  (arrival time - required time)
  Source:                 Soc_Tracking_i/VGA_controller_0/U0/v_cntr_reg_reg[4]/C
                            (rising edge-triggered cell FDRE clocked by clk_fpga_1  {rise@0.000ns fall@20.000ns period=40.000ns})
  Destination:            Soc_Tracking_i/VGA_controller_0/U0/v_cntr_reg_reg[5]/D
                            (rising edge-triggered cell FDRE clocked by clk_fpga_1  {rise@0.000ns fall@20.000ns period=40.000ns})
  Path Group:             clk_fpga_1
  Path Type:              Hold (Min at Fast Process Corner)
  Requirement:            0.000ns  (clk_fpga_1 rise@0.000ns - clk_fpga_1 rise@0.000ns)
  Data Path Delay:        0.317ns  (logic 0.209ns (66.019%)  route 0.108ns (33.981%))
  Logic Levels:           1  (LUT6=1)
  Clock Path Skew:        0.013ns (DCD - SCD - CPR)
    Destination Clock Delay (DCD):    1.193ns
    Source Clock Delay      (SCD):    0.897ns
    Clock Pessimism Removal (CPR):    0.283ns

    Location             Delay type                Incr(ns)  Path(ns)    Netlist Resource(s)
  -------------------------------------------------------------------    -------------------
                         (clock clk_fpga_1 rise edge)
                                                      0.000     0.000 r  
    PS7_X0Y0             PS7                          0.000     0.000 r  Soc_Tracking_i/processing_system7_0/inst/PS7_i/FCLKCLK[1]
                         net (fo=1, routed)           0.315     0.315    Soc_Tracking_i/processing_system7_0/inst/FCLK_CLK_unbuffered[1]
    BUFGCTRL_X0Y3        BUFG (Prop_bufg_I_O)         0.026     0.341 r  Soc_Tracking_i/processing_system7_0/inst/buffer_fclk_clk_1.FCLK_CLK_1_BUFG/O
                         net (fo=37, routed)          0.556     0.897    Soc_Tracking_i/VGA_controller_0/U0/clk_VGA
    SLICE_X24Y35         FDRE                                         r  Soc_Tracking_i/VGA_controller_0/U0/v_cntr_reg_reg[4]/C
  -------------------------------------------------------------------    -------------------
    SLICE_X24Y35         FDRE (Prop_fdre_C_Q)         0.164     1.061 r  Soc_Tracking_i/VGA_controller_0/U0/v_cntr_reg_reg[4]/Q
                         net (fo=6, routed)           0.108     1.168    Soc_Tracking_i/VGA_controller_0/U0/v_cntr_reg_reg[4]
    SLICE_X25Y35         LUT6 (Prop_lut6_I0_O)        0.045     1.213 r  Soc_Tracking_i/VGA_controller_0/U0/v_cntr_reg[5]_i_1/O
                         net (fo=1, routed)           0.000     1.213    Soc_Tracking_i/VGA_controller_0/U0/v_cntr_reg[5]_i_1_n_0
    SLICE_X25Y35         FDRE                                         r  Soc_Tracking_i/VGA_controller_0/U0/v_cntr_reg_reg[5]/D
  -------------------------------------------------------------------    -------------------

                         (clock clk_fpga_1 rise edge)
                                                      0.000     0.000 r  
    PS7_X0Y0             PS7                          0.000     0.000 r  Soc_Tracking_i/processing_system7_0/inst/PS7_i/FCLKCLK[1]
                         net (fo=1, routed)           0.341     0.341    Soc_Tracking_i/processing_system7_0/inst/FCLK_CLK_unbuffered[1]
    BUFGCTRL_X0Y3        BUFG (Prop_bufg_I_O)         0.029     0.370 r  Soc_Tracking_i/processing_system7_0/inst/buffer_fclk_clk_1.FCLK_CLK_1_BUFG/O
                         net (fo=37, routed)          0.823     1.193    Soc_Tracking_i/VGA_controller_0/U0/clk_VGA
    SLICE_X25Y35         FDRE                                         r  Soc_Tracking_i/VGA_controller_0/U0/v_cntr_reg_reg[5]/C
                         clock pessimism             -0.283     0.910    
    SLICE_X25Y35         FDRE (Hold_fdre_C_D)         0.091     1.001    Soc_Tracking_i/VGA_controller_0/U0/v_cntr_reg_reg[5]
  -------------------------------------------------------------------
                         required time                         -1.001    
                         arrival time                           1.213    
  -------------------------------------------------------------------
                         slack                                  0.213    

Slack (MET) :             0.214ns  (arrival time - required time)
  Source:                 Soc_Tracking_i/VGA_controller_0/U0/v_cntr_reg_reg[8]/C
                            (rising edge-triggered cell FDRE clocked by clk_fpga_1  {rise@0.000ns fall@20.000ns period=40.000ns})
  Destination:            Soc_Tracking_i/VGA_controller_0/U0/v_cntr_reg_reg[9]/D
                            (rising edge-triggered cell FDRE clocked by clk_fpga_1  {rise@0.000ns fall@20.000ns period=40.000ns})
  Path Group:             clk_fpga_1
  Path Type:              Hold (Min at Fast Process Corner)
  Requirement:            0.000ns  (clk_fpga_1 rise@0.000ns - clk_fpga_1 rise@0.000ns)
  Data Path Delay:        0.306ns  (logic 0.227ns (74.078%)  route 0.079ns (25.922%))
  Logic Levels:           1  (LUT6=1)
  Clock Path Skew:        0.000ns (DCD - SCD - CPR)
    Destination Clock Delay (DCD):    1.195ns
    Source Clock Delay      (SCD):    0.900ns
    Clock Pessimism Removal (CPR):    0.295ns

    Location             Delay type                Incr(ns)  Path(ns)    Netlist Resource(s)
  -------------------------------------------------------------------    -------------------
                         (clock clk_fpga_1 rise edge)
                                                      0.000     0.000 r  
    PS7_X0Y0             PS7                          0.000     0.000 r  Soc_Tracking_i/processing_system7_0/inst/PS7_i/FCLKCLK[1]
                         net (fo=1, routed)           0.315     0.315    Soc_Tracking_i/processing_system7_0/inst/FCLK_CLK_unbuffered[1]
    BUFGCTRL_X0Y3        BUFG (Prop_bufg_I_O)         0.026     0.341 r  Soc_Tracking_i/processing_system7_0/inst/buffer_fclk_clk_1.FCLK_CLK_1_BUFG/O
                         net (fo=37, routed)          0.559     0.900    Soc_Tracking_i/VGA_controller_0/U0/clk_VGA
    SLICE_X26Y34         FDRE                                         r  Soc_Tracking_i/VGA_controller_0/U0/v_cntr_reg_reg[8]/C
  -------------------------------------------------------------------    -------------------
    SLICE_X26Y34         FDRE (Prop_fdre_C_Q)         0.128     1.028 r  Soc_Tracking_i/VGA_controller_0/U0/v_cntr_reg_reg[8]/Q
                         net (fo=7, routed)           0.079     1.107    Soc_Tracking_i/VGA_controller_0/U0/v_cntr_reg_reg[8]
    SLICE_X26Y34         LUT6 (Prop_lut6_I0_O)        0.099     1.206 r  Soc_Tracking_i/VGA_controller_0/U0/v_cntr_reg[9]_i_3/O
                         net (fo=1, routed)           0.000     1.206    Soc_Tracking_i/VGA_controller_0/U0/plusOp__0[9]
    SLICE_X26Y34         FDRE                                         r  Soc_Tracking_i/VGA_controller_0/U0/v_cntr_reg_reg[9]/D
  -------------------------------------------------------------------    -------------------

                         (clock clk_fpga_1 rise edge)
                                                      0.000     0.000 r  
    PS7_X0Y0             PS7                          0.000     0.000 r  Soc_Tracking_i/processing_system7_0/inst/PS7_i/FCLKCLK[1]
                         net (fo=1, routed)           0.341     0.341    Soc_Tracking_i/processing_system7_0/inst/FCLK_CLK_unbuffered[1]
    BUFGCTRL_X0Y3        BUFG (Prop_bufg_I_O)         0.029     0.370 r  Soc_Tracking_i/processing_system7_0/inst/buffer_fclk_clk_1.FCLK_CLK_1_BUFG/O
                         net (fo=37, routed)          0.825     1.195    Soc_Tracking_i/VGA_controller_0/U0/clk_VGA
    SLICE_X26Y34         FDRE                                         r  Soc_Tracking_i/VGA_controller_0/U0/v_cntr_reg_reg[9]/C
                         clock pessimism             -0.295     0.900    
    SLICE_X26Y34         FDRE (Hold_fdre_C_D)         0.092     0.992    Soc_Tracking_i/VGA_controller_0/U0/v_cntr_reg_reg[9]
  -------------------------------------------------------------------
                         required time                         -0.992    
                         arrival time                           1.206    
  -------------------------------------------------------------------
                         slack                                  0.214    

Slack (MET) :             0.243ns  (arrival time - required time)
  Source:                 Soc_Tracking_i/VGA_controller_0/U0/h_cntr_reg_reg[6]/C
                            (rising edge-triggered cell FDRE clocked by clk_fpga_1  {rise@0.000ns fall@20.000ns period=40.000ns})
  Destination:            Soc_Tracking_i/VGA_controller_0/U0/h_sync_reg_reg/D
                            (rising edge-triggered cell FDRE clocked by clk_fpga_1  {rise@0.000ns fall@20.000ns period=40.000ns})
  Path Group:             clk_fpga_1
  Path Type:              Hold (Min at Fast Process Corner)
  Requirement:            0.000ns  (clk_fpga_1 rise@0.000ns - clk_fpga_1 rise@0.000ns)
  Data Path Delay:        0.347ns  (logic 0.209ns (60.298%)  route 0.138ns (39.702%))
  Logic Levels:           1  (LUT6=1)
  Clock Path Skew:        0.013ns (DCD - SCD - CPR)
    Destination Clock Delay (DCD):    1.196ns
    Source Clock Delay      (SCD):    0.900ns
    Clock Pessimism Removal (CPR):    0.283ns

    Location             Delay type                Incr(ns)  Path(ns)    Netlist Resource(s)
  -------------------------------------------------------------------    -------------------
                         (clock clk_fpga_1 rise edge)
                                                      0.000     0.000 r  
    PS7_X0Y0             PS7                          0.000     0.000 r  Soc_Tracking_i/processing_system7_0/inst/PS7_i/FCLKCLK[1]
                         net (fo=1, routed)           0.315     0.315    Soc_Tracking_i/processing_system7_0/inst/FCLK_CLK_unbuffered[1]
    BUFGCTRL_X0Y3        BUFG (Prop_bufg_I_O)         0.026     0.341 r  Soc_Tracking_i/processing_system7_0/inst/buffer_fclk_clk_1.FCLK_CLK_1_BUFG/O
                         net (fo=37, routed)          0.559     0.900    Soc_Tracking_i/VGA_controller_0/U0/clk_VGA
    SLICE_X28Y35         FDRE                                         r  Soc_Tracking_i/VGA_controller_0/U0/h_cntr_reg_reg[6]/C
  -------------------------------------------------------------------    -------------------
    SLICE_X28Y35         FDRE (Prop_fdre_C_Q)         0.164     1.064 r  Soc_Tracking_i/VGA_controller_0/U0/h_cntr_reg_reg[6]/Q
                         net (fo=8, routed)           0.138     1.201    Soc_Tracking_i/VGA_controller_0/U0/h_cntr_reg_reg[6]
    SLICE_X29Y35         LUT6 (Prop_lut6_I3_O)        0.045     1.246 r  Soc_Tracking_i/VGA_controller_0/U0/h_sync_reg_i_1/O
                         net (fo=1, routed)           0.000     1.246    Soc_Tracking_i/VGA_controller_0/U0/h_sync_reg_i_1_n_0
    SLICE_X29Y35         FDRE                                         r  Soc_Tracking_i/VGA_controller_0/U0/h_sync_reg_reg/D
  -------------------------------------------------------------------    -------------------

                         (clock clk_fpga_1 rise edge)
                                                      0.000     0.000 r  
    PS7_X0Y0             PS7                          0.000     0.000 r  Soc_Tracking_i/processing_system7_0/inst/PS7_i/FCLKCLK[1]
                         net (fo=1, routed)           0.341     0.341    Soc_Tracking_i/processing_system7_0/inst/FCLK_CLK_unbuffered[1]
    BUFGCTRL_X0Y3        BUFG (Prop_bufg_I_O)         0.029     0.370 r  Soc_Tracking_i/processing_system7_0/inst/buffer_fclk_clk_1.FCLK_CLK_1_BUFG/O
                         net (fo=37, routed)          0.826     1.196    Soc_Tracking_i/VGA_controller_0/U0/clk_VGA
    SLICE_X29Y35         FDRE                                         r  Soc_Tracking_i/VGA_controller_0/U0/h_sync_reg_reg/C
                         clock pessimism             -0.283     0.913    
    SLICE_X29Y35         FDRE (Hold_fdre_C_D)         0.091     1.004    Soc_Tracking_i/VGA_controller_0/U0/h_sync_reg_reg
  -------------------------------------------------------------------
                         required time                         -1.004    
                         arrival time                           1.246    
  -------------------------------------------------------------------
                         slack                                  0.243    

Slack (MET) :             0.252ns  (arrival time - required time)
  Source:                 Soc_Tracking_i/VGA_controller_0/U0/v_cntr_reg_reg[3]/C
                            (rising edge-triggered cell FDRE clocked by clk_fpga_1  {rise@0.000ns fall@20.000ns period=40.000ns})
  Destination:            Soc_Tracking_i/VGA_controller_0/U0/v_sync_reg_reg/D
                            (rising edge-triggered cell FDRE clocked by clk_fpga_1  {rise@0.000ns fall@20.000ns period=40.000ns})
  Path Group:             clk_fpga_1
  Path Type:              Hold (Min at Fast Process Corner)
  Requirement:            0.000ns  (clk_fpga_1 rise@0.000ns - clk_fpga_1 rise@0.000ns)
  Data Path Delay:        0.357ns  (logic 0.209ns (58.494%)  route 0.148ns (41.506%))
  Logic Levels:           1  (LUT6=1)
  Clock Path Skew:        0.013ns (DCD - SCD - CPR)
    Destination Clock Delay (DCD):    1.192ns
    Source Clock Delay      (SCD):    0.897ns
    Clock Pessimism Removal (CPR):    0.282ns

    Location             Delay type                Incr(ns)  Path(ns)    Netlist Resource(s)
  -------------------------------------------------------------------    -------------------
                         (clock clk_fpga_1 rise edge)
                                                      0.000     0.000 r  
    PS7_X0Y0             PS7                          0.000     0.000 r  Soc_Tracking_i/processing_system7_0/inst/PS7_i/FCLKCLK[1]
                         net (fo=1, routed)           0.315     0.315    Soc_Tracking_i/processing_system7_0/inst/FCLK_CLK_unbuffered[1]
    BUFGCTRL_X0Y3        BUFG (Prop_bufg_I_O)         0.026     0.341 r  Soc_Tracking_i/processing_system7_0/inst/buffer_fclk_clk_1.FCLK_CLK_1_BUFG/O
                         net (fo=37, routed)          0.556     0.897    Soc_Tracking_i/VGA_controller_0/U0/clk_VGA
    SLICE_X24Y34         FDRE                                         r  Soc_Tracking_i/VGA_controller_0/U0/v_cntr_reg_reg[3]/C
  -------------------------------------------------------------------    -------------------
    SLICE_X24Y34         FDRE (Prop_fdre_C_Q)         0.164     1.061 f  Soc_Tracking_i/VGA_controller_0/U0/v_cntr_reg_reg[3]/Q
                         net (fo=6, routed)           0.148     1.209    Soc_Tracking_i/VGA_controller_0/U0/v_cntr_reg_reg[3]
    SLICE_X25Y34         LUT6 (Prop_lut6_I3_O)        0.045     1.254 r  Soc_Tracking_i/VGA_controller_0/U0/v_sync_reg_i_1/O
                         net (fo=1, routed)           0.000     1.254    Soc_Tracking_i/VGA_controller_0/U0/v_sync_reg_i_1_n_0
    SLICE_X25Y34         FDRE                                         r  Soc_Tracking_i/VGA_controller_0/U0/v_sync_reg_reg/D
  -------------------------------------------------------------------    -------------------

                         (clock clk_fpga_1 rise edge)
                                                      0.000     0.000 r  
    PS7_X0Y0             PS7                          0.000     0.000 r  Soc_Tracking_i/processing_system7_0/inst/PS7_i/FCLKCLK[1]
                         net (fo=1, routed)           0.341     0.341    Soc_Tracking_i/processing_system7_0/inst/FCLK_CLK_unbuffered[1]
    BUFGCTRL_X0Y3        BUFG (Prop_bufg_I_O)         0.029     0.370 r  Soc_Tracking_i/processing_system7_0/inst/buffer_fclk_clk_1.FCLK_CLK_1_BUFG/O
                         net (fo=37, routed)          0.822     1.192    Soc_Tracking_i/VGA_controller_0/U0/clk_VGA
    SLICE_X25Y34         FDRE                                         r  Soc_Tracking_i/VGA_controller_0/U0/v_sync_reg_reg/C
                         clock pessimism             -0.282     0.910    
    SLICE_X25Y34         FDRE (Hold_fdre_C_D)         0.092     1.002    Soc_Tracking_i/VGA_controller_0/U0/v_sync_reg_reg
  -------------------------------------------------------------------
                         required time                         -1.002    
                         arrival time                           1.254    
  -------------------------------------------------------------------
                         slack                                  0.252    

Slack (MET) :             0.266ns  (arrival time - required time)
  Source:                 Soc_Tracking_i/VGA_controller_0/U0/h_sync_reg_reg/C
                            (rising edge-triggered cell FDRE clocked by clk_fpga_1  {rise@0.000ns fall@20.000ns period=40.000ns})
  Destination:            Soc_Tracking_i/VGA_controller_0/U0/h_sync_dly_reg_reg/D
                            (rising edge-triggered cell FDRE clocked by clk_fpga_1  {rise@0.000ns fall@20.000ns period=40.000ns})
  Path Group:             clk_fpga_1
  Path Type:              Hold (Min at Fast Process Corner)
  Requirement:            0.000ns  (clk_fpga_1 rise@0.000ns - clk_fpga_1 rise@0.000ns)
  Data Path Delay:        0.370ns  (logic 0.141ns (38.106%)  route 0.229ns (61.894%))
  Logic Levels:           0  
  Clock Path Skew:        0.034ns (DCD - SCD - CPR)
    Destination Clock Delay (DCD):    1.196ns
    Source Clock Delay      (SCD):    0.900ns
    Clock Pessimism Removal (CPR):    0.262ns

    Location             Delay type                Incr(ns)  Path(ns)    Netlist Resource(s)
  -------------------------------------------------------------------    -------------------
                         (clock clk_fpga_1 rise edge)
                                                      0.000     0.000 r  
    PS7_X0Y0             PS7                          0.000     0.000 r  Soc_Tracking_i/processing_system7_0/inst/PS7_i/FCLKCLK[1]
                         net (fo=1, routed)           0.315     0.315    Soc_Tracking_i/processing_system7_0/inst/FCLK_CLK_unbuffered[1]
    BUFGCTRL_X0Y3        BUFG (Prop_bufg_I_O)         0.026     0.341 r  Soc_Tracking_i/processing_system7_0/inst/buffer_fclk_clk_1.FCLK_CLK_1_BUFG/O
                         net (fo=37, routed)          0.559     0.900    Soc_Tracking_i/VGA_controller_0/U0/clk_VGA
    SLICE_X29Y35         FDRE                                         r  Soc_Tracking_i/VGA_controller_0/U0/h_sync_reg_reg/C
  -------------------------------------------------------------------    -------------------
    SLICE_X29Y35         FDRE (Prop_fdre_C_Q)         0.141     1.041 r  Soc_Tracking_i/VGA_controller_0/U0/h_sync_reg_reg/Q
                         net (fo=1, routed)           0.229     1.270    Soc_Tracking_i/VGA_controller_0/U0/h_sync_reg
    SLICE_X33Y35         FDRE                                         r  Soc_Tracking_i/VGA_controller_0/U0/h_sync_dly_reg_reg/D
  -------------------------------------------------------------------    -------------------

                         (clock clk_fpga_1 rise edge)
                                                      0.000     0.000 r  
    PS7_X0Y0             PS7                          0.000     0.000 r  Soc_Tracking_i/processing_system7_0/inst/PS7_i/FCLKCLK[1]
                         net (fo=1, routed)           0.341     0.341    Soc_Tracking_i/processing_system7_0/inst/FCLK_CLK_unbuffered[1]
    BUFGCTRL_X0Y3        BUFG (Prop_bufg_I_O)         0.029     0.370 r  Soc_Tracking_i/processing_system7_0/inst/buffer_fclk_clk_1.FCLK_CLK_1_BUFG/O
                         net (fo=37, routed)          0.826     1.196    Soc_Tracking_i/VGA_controller_0/U0/clk_VGA
    SLICE_X33Y35         FDRE                                         r  Soc_Tracking_i/VGA_controller_0/U0/h_sync_dly_reg_reg/C
                         clock pessimism             -0.262     0.934    
    SLICE_X33Y35         FDRE (Hold_fdre_C_D)         0.070     1.004    Soc_Tracking_i/VGA_controller_0/U0/h_sync_dly_reg_reg
  -------------------------------------------------------------------
                         required time                         -1.003    
                         arrival time                           1.270    
  -------------------------------------------------------------------
                         slack                                  0.266    

Slack (MET) :             0.269ns  (arrival time - required time)
  Source:                 Soc_Tracking_i/VGA_controller_0/U0/h_cntr_reg_reg[8]/C
                            (rising edge-triggered cell FDRE clocked by clk_fpga_1  {rise@0.000ns fall@20.000ns period=40.000ns})
  Destination:            Soc_Tracking_i/VGA_controller_0/U0/h_cntr_reg_reg[9]/D
                            (rising edge-triggered cell FDRE clocked by clk_fpga_1  {rise@0.000ns fall@20.000ns period=40.000ns})
  Path Group:             clk_fpga_1
  Path Type:              Hold (Min at Fast Process Corner)
  Requirement:            0.000ns  (clk_fpga_1 rise@0.000ns - clk_fpga_1 rise@0.000ns)
  Data Path Delay:        0.390ns  (logic 0.247ns (63.371%)  route 0.143ns (36.629%))
  Logic Levels:           1  (LUT6=1)
  Clock Path Skew:        0.000ns (DCD - SCD - CPR)
    Destination Clock Delay (DCD):    1.196ns
    Source Clock Delay      (SCD):    0.900ns
    Clock Pessimism Removal (CPR):    0.296ns

    Location             Delay type                Incr(ns)  Path(ns)    Netlist Resource(s)
  -------------------------------------------------------------------    -------------------
                         (clock clk_fpga_1 rise edge)
                                                      0.000     0.000 r  
    PS7_X0Y0             PS7                          0.000     0.000 r  Soc_Tracking_i/processing_system7_0/inst/PS7_i/FCLKCLK[1]
                         net (fo=1, routed)           0.315     0.315    Soc_Tracking_i/processing_system7_0/inst/FCLK_CLK_unbuffered[1]
    BUFGCTRL_X0Y3        BUFG (Prop_bufg_I_O)         0.026     0.341 r  Soc_Tracking_i/processing_system7_0/inst/buffer_fclk_clk_1.FCLK_CLK_1_BUFG/O
                         net (fo=37, routed)          0.559     0.900    Soc_Tracking_i/VGA_controller_0/U0/clk_VGA
    SLICE_X28Y35         FDRE                                         r  Soc_Tracking_i/VGA_controller_0/U0/h_cntr_reg_reg[8]/C
  -------------------------------------------------------------------    -------------------
    SLICE_X28Y35         FDRE (Prop_fdre_C_Q)         0.148     1.048 r  Soc_Tracking_i/VGA_controller_0/U0/h_cntr_reg_reg[8]/Q
                         net (fo=13, routed)          0.143     1.190    Soc_Tracking_i/VGA_controller_0/U0/h_cntr_reg_reg[8]
    SLICE_X28Y35         LUT6 (Prop_lut6_I4_O)        0.099     1.289 r  Soc_Tracking_i/VGA_controller_0/U0/h_cntr_reg[9]_i_2/O
                         net (fo=1, routed)           0.000     1.289    Soc_Tracking_i/VGA_controller_0/U0/plusOp[9]
    SLICE_X28Y35         FDRE                                         r  Soc_Tracking_i/VGA_controller_0/U0/h_cntr_reg_reg[9]/D
  -------------------------------------------------------------------    -------------------

                         (clock clk_fpga_1 rise edge)
                                                      0.000     0.000 r  
    PS7_X0Y0             PS7                          0.000     0.000 r  Soc_Tracking_i/processing_system7_0/inst/PS7_i/FCLKCLK[1]
                         net (fo=1, routed)           0.341     0.341    Soc_Tracking_i/processing_system7_0/inst/FCLK_CLK_unbuffered[1]
    BUFGCTRL_X0Y3        BUFG (Prop_bufg_I_O)         0.029     0.370 r  Soc_Tracking_i/processing_system7_0/inst/buffer_fclk_clk_1.FCLK_CLK_1_BUFG/O
                         net (fo=37, routed)          0.826     1.196    Soc_Tracking_i/VGA_controller_0/U0/clk_VGA
    SLICE_X28Y35         FDRE                                         r  Soc_Tracking_i/VGA_controller_0/U0/h_cntr_reg_reg[9]/C
                         clock pessimism             -0.296     0.900    
    SLICE_X28Y35         FDRE (Hold_fdre_C_D)         0.121     1.021    Soc_Tracking_i/VGA_controller_0/U0/h_cntr_reg_reg[9]
  -------------------------------------------------------------------
                         required time                         -1.021    
                         arrival time                           1.289    
  -------------------------------------------------------------------
                         slack                                  0.269    

Slack (MET) :             0.274ns  (arrival time - required time)
  Source:                 Soc_Tracking_i/VGA_controller_0/U0/v_cntr_reg_reg[7]/C
                            (rising edge-triggered cell FDRE clocked by clk_fpga_1  {rise@0.000ns fall@20.000ns period=40.000ns})
  Destination:            Soc_Tracking_i/VGA_controller_0/U0/v_cntr_reg_reg[8]/D
                            (rising edge-triggered cell FDRE clocked by clk_fpga_1  {rise@0.000ns fall@20.000ns period=40.000ns})
  Path Group:             clk_fpga_1
  Path Type:              Hold (Min at Fast Process Corner)
  Requirement:            0.000ns  (clk_fpga_1 rise@0.000ns - clk_fpga_1 rise@0.000ns)
  Data Path Delay:        0.381ns  (logic 0.183ns (48.023%)  route 0.198ns (51.977%))
  Logic Levels:           1  (LUT5=1)
  Clock Path Skew:        0.000ns (DCD - SCD - CPR)
    Destination Clock Delay (DCD):    1.195ns
    Source Clock Delay      (SCD):    0.900ns
    Clock Pessimism Removal (CPR):    0.295ns

    Location             Delay type                Incr(ns)  Path(ns)    Netlist Resource(s)
  -------------------------------------------------------------------    -------------------
                         (clock clk_fpga_1 rise edge)
                                                      0.000     0.000 r  
    PS7_X0Y0             PS7                          0.000     0.000 r  Soc_Tracking_i/processing_system7_0/inst/PS7_i/FCLKCLK[1]
                         net (fo=1, routed)           0.315     0.315    Soc_Tracking_i/processing_system7_0/inst/FCLK_CLK_unbuffered[1]
    BUFGCTRL_X0Y3        BUFG (Prop_bufg_I_O)         0.026     0.341 r  Soc_Tracking_i/processing_system7_0/inst/buffer_fclk_clk_1.FCLK_CLK_1_BUFG/O
                         net (fo=37, routed)          0.559     0.900    Soc_Tracking_i/VGA_controller_0/U0/clk_VGA
    SLICE_X26Y34         FDRE                                         r  Soc_Tracking_i/VGA_controller_0/U0/v_cntr_reg_reg[7]/C
  -------------------------------------------------------------------    -------------------
    SLICE_X26Y34         FDRE (Prop_fdre_C_Q)         0.141     1.041 r  Soc_Tracking_i/VGA_controller_0/U0/v_cntr_reg_reg[7]/Q
                         net (fo=8, routed)           0.198     1.239    Soc_Tracking_i/VGA_controller_0/U0/v_cntr_reg_reg[7]
    SLICE_X26Y34         LUT5 (Prop_lut5_I2_O)        0.042     1.281 r  Soc_Tracking_i/VGA_controller_0/U0/v_cntr_reg[8]_i_1/O
                         net (fo=1, routed)           0.000     1.281    Soc_Tracking_i/VGA_controller_0/U0/plusOp__0[8]
    SLICE_X26Y34         FDRE                                         r  Soc_Tracking_i/VGA_controller_0/U0/v_cntr_reg_reg[8]/D
  -------------------------------------------------------------------    -------------------

                         (clock clk_fpga_1 rise edge)
                                                      0.000     0.000 r  
    PS7_X0Y0             PS7                          0.000     0.000 r  Soc_Tracking_i/processing_system7_0/inst/PS7_i/FCLKCLK[1]
                         net (fo=1, routed)           0.341     0.341    Soc_Tracking_i/processing_system7_0/inst/FCLK_CLK_unbuffered[1]
    BUFGCTRL_X0Y3        BUFG (Prop_bufg_I_O)         0.029     0.370 r  Soc_Tracking_i/processing_system7_0/inst/buffer_fclk_clk_1.FCLK_CLK_1_BUFG/O
                         net (fo=37, routed)          0.825     1.195    Soc_Tracking_i/VGA_controller_0/U0/clk_VGA
    SLICE_X26Y34         FDRE                                         r  Soc_Tracking_i/VGA_controller_0/U0/v_cntr_reg_reg[8]/C
                         clock pessimism             -0.295     0.900    
    SLICE_X26Y34         FDRE (Hold_fdre_C_D)         0.107     1.007    Soc_Tracking_i/VGA_controller_0/U0/v_cntr_reg_reg[8]
  -------------------------------------------------------------------
                         required time                         -1.007    
                         arrival time                           1.281    
  -------------------------------------------------------------------
                         slack                                  0.274    

Slack (MET) :             0.285ns  (arrival time - required time)
  Source:                 Soc_Tracking_i/VGA_controller_0/U0/h_cntr_reg_reg[0]/C
                            (rising edge-triggered cell FDRE clocked by clk_fpga_1  {rise@0.000ns fall@20.000ns period=40.000ns})
  Destination:            Soc_Tracking_i/VGA_controller_0/U0/h_cntr_reg_reg[0]/D
                            (rising edge-triggered cell FDRE clocked by clk_fpga_1  {rise@0.000ns fall@20.000ns period=40.000ns})
  Path Group:             clk_fpga_1
  Path Type:              Hold (Min at Fast Process Corner)
  Requirement:            0.000ns  (clk_fpga_1 rise@0.000ns - clk_fpga_1 rise@0.000ns)
  Data Path Delay:        0.376ns  (logic 0.186ns (49.409%)  route 0.190ns (50.591%))
  Logic Levels:           1  (LUT1=1)
  Clock Path Skew:        0.000ns (DCD - SCD - CPR)
    Destination Clock Delay (DCD):    1.196ns
    Source Clock Delay      (SCD):    0.900ns
    Clock Pessimism Removal (CPR):    0.296ns

    Location             Delay type                Incr(ns)  Path(ns)    Netlist Resource(s)
  -------------------------------------------------------------------    -------------------
                         (clock clk_fpga_1 rise edge)
                                                      0.000     0.000 r  
    PS7_X0Y0             PS7                          0.000     0.000 r  Soc_Tracking_i/processing_system7_0/inst/PS7_i/FCLKCLK[1]
                         net (fo=1, routed)           0.315     0.315    Soc_Tracking_i/processing_system7_0/inst/FCLK_CLK_unbuffered[1]
    BUFGCTRL_X0Y3        BUFG (Prop_bufg_I_O)         0.026     0.341 r  Soc_Tracking_i/processing_system7_0/inst/buffer_fclk_clk_1.FCLK_CLK_1_BUFG/O
                         net (fo=37, routed)          0.559     0.900    Soc_Tracking_i/VGA_controller_0/U0/clk_VGA
    SLICE_X31Y35         FDRE                                         r  Soc_Tracking_i/VGA_controller_0/U0/h_cntr_reg_reg[0]/C
  -------------------------------------------------------------------    -------------------
    SLICE_X31Y35         FDRE (Prop_fdre_C_Q)         0.141     1.041 f  Soc_Tracking_i/VGA_controller_0/U0/h_cntr_reg_reg[0]/Q
                         net (fo=8, routed)           0.190     1.231    Soc_Tracking_i/VGA_controller_0/U0/h_cntr_reg_reg[0]
    SLICE_X31Y35         LUT1 (Prop_lut1_I0_O)        0.045     1.276 r  Soc_Tracking_i/VGA_controller_0/U0/h_cntr_reg[0]_i_1/O
                         net (fo=1, routed)           0.000     1.276    Soc_Tracking_i/VGA_controller_0/U0/h_cntr_reg[0]_i_1_n_0
    SLICE_X31Y35         FDRE                                         r  Soc_Tracking_i/VGA_controller_0/U0/h_cntr_reg_reg[0]/D
  -------------------------------------------------------------------    -------------------

                         (clock clk_fpga_1 rise edge)
                                                      0.000     0.000 r  
    PS7_X0Y0             PS7                          0.000     0.000 r  Soc_Tracking_i/processing_system7_0/inst/PS7_i/FCLKCLK[1]
                         net (fo=1, routed)           0.341     0.341    Soc_Tracking_i/processing_system7_0/inst/FCLK_CLK_unbuffered[1]
    BUFGCTRL_X0Y3        BUFG (Prop_bufg_I_O)         0.029     0.370 r  Soc_Tracking_i/processing_system7_0/inst/buffer_fclk_clk_1.FCLK_CLK_1_BUFG/O
                         net (fo=37, routed)          0.826     1.196    Soc_Tracking_i/VGA_controller_0/U0/clk_VGA
    SLICE_X31Y35         FDRE                                         r  Soc_Tracking_i/VGA_controller_0/U0/h_cntr_reg_reg[0]/C
                         clock pessimism             -0.296     0.900    
    SLICE_X31Y35         FDRE (Hold_fdre_C_D)         0.091     0.991    Soc_Tracking_i/VGA_controller_0/U0/h_cntr_reg_reg[0]
  -------------------------------------------------------------------
                         required time                         -0.991    
                         arrival time                           1.276    
  -------------------------------------------------------------------
                         slack                                  0.285    





Pulse Width Checks
--------------------------------------------------------------------------------------
Clock Name:         clk_fpga_1
Waveform(ns):       { 0.000 20.000 }
Period(ns):         40.000
Sources:            { Soc_Tracking_i/processing_system7_0/inst/PS7_i/FCLKCLK[1] }

Check Type        Corner  Lib Pin  Reference Pin  Required(ns)  Actual(ns)  Slack(ns)  Location       Pin
Min Period        n/a     BUFG/I   n/a            2.155         40.000      37.845     BUFGCTRL_X0Y3  Soc_Tracking_i/processing_system7_0/inst/buffer_fclk_clk_1.FCLK_CLK_1_BUFG/I
Min Period        n/a     FDRE/C   n/a            1.000         40.000      39.000     SLICE_X31Y35   Soc_Tracking_i/VGA_controller_0/U0/h_cntr_reg_reg[0]/C
Min Period        n/a     FDRE/C   n/a            1.000         40.000      39.000     SLICE_X30Y35   Soc_Tracking_i/VGA_controller_0/U0/h_cntr_reg_reg[1]/C
Min Period        n/a     FDRE/C   n/a            1.000         40.000      39.000     SLICE_X30Y35   Soc_Tracking_i/VGA_controller_0/U0/h_cntr_reg_reg[2]/C
Min Period        n/a     FDRE/C   n/a            1.000         40.000      39.000     SLICE_X31Y35   Soc_Tracking_i/VGA_controller_0/U0/h_cntr_reg_reg[3]/C
Min Period        n/a     FDRE/C   n/a            1.000         40.000      39.000     SLICE_X30Y35   Soc_Tracking_i/VGA_controller_0/U0/h_cntr_reg_reg[4]/C
Min Period        n/a     FDRE/C   n/a            1.000         40.000      39.000     SLICE_X30Y35   Soc_Tracking_i/VGA_controller_0/U0/h_cntr_reg_reg[5]/C
Min Period        n/a     FDRE/C   n/a            1.000         40.000      39.000     SLICE_X28Y35   Soc_Tracking_i/VGA_controller_0/U0/h_cntr_reg_reg[6]/C
Min Period        n/a     FDRE/C   n/a            1.000         40.000      39.000     SLICE_X28Y35   Soc_Tracking_i/VGA_controller_0/U0/h_cntr_reg_reg[7]/C
Min Period        n/a     FDRE/C   n/a            1.000         40.000      39.000     SLICE_X28Y35   Soc_Tracking_i/VGA_controller_0/U0/h_cntr_reg_reg[8]/C
Low Pulse Width   Slow    FDRE/C   n/a            0.500         20.000      19.500     SLICE_X33Y35   Soc_Tracking_i/VGA_controller_0/U0/h_sync_dly_reg_reg/C
Low Pulse Width   Fast    FDRE/C   n/a            0.500         20.000      19.500     SLICE_X24Y35   Soc_Tracking_i/VGA_controller_0/U0/v_cntr_reg_reg[0]/C
Low Pulse Width   Slow    FDRE/C   n/a            0.500         20.000      19.500     SLICE_X24Y34   Soc_Tracking_i/VGA_controller_0/U0/v_cntr_reg_reg[1]/C
Low Pulse Width   Fast    FDRE/C   n/a            0.500         20.000      19.500     SLICE_X24Y34   Soc_Tracking_i/VGA_controller_0/U0/v_cntr_reg_reg[1]/C
Low Pulse Width   Slow    FDRE/C   n/a            0.500         20.000      19.500     SLICE_X24Y34   Soc_Tracking_i/VGA_controller_0/U0/v_cntr_reg_reg[2]/C
Low Pulse Width   Fast    FDRE/C   n/a            0.500         20.000      19.500     SLICE_X24Y34   Soc_Tracking_i/VGA_controller_0/U0/v_cntr_reg_reg[2]/C
Low Pulse Width   Slow    FDRE/C   n/a            0.500         20.000      19.500     SLICE_X24Y34   Soc_Tracking_i/VGA_controller_0/U0/v_cntr_reg_reg[3]/C
Low Pulse Width   Fast    FDRE/C   n/a            0.500         20.000      19.500     SLICE_X24Y34   Soc_Tracking_i/VGA_controller_0/U0/v_cntr_reg_reg[3]/C
Low Pulse Width   Fast    FDRE/C   n/a            0.500         20.000      19.500     SLICE_X24Y35   Soc_Tracking_i/VGA_controller_0/U0/v_cntr_reg_reg[4]/C
Low Pulse Width   Fast    FDRE/C   n/a            0.500         20.000      19.500     SLICE_X25Y35   Soc_Tracking_i/VGA_controller_0/U0/v_cntr_reg_reg[5]/C
High Pulse Width  Slow    FDCE/C   n/a            0.500         20.000      19.500     SLICE_X26Y35   Soc_Tracking_i/VGA_controller_0/U0/t_ready_reg/C
High Pulse Width  Slow    FDRE/C   n/a            0.500         20.000      19.500     SLICE_X28Y39   Soc_Tracking_i/VGA_controller_0/U0/vga_green_reg_reg[2]/C
High Pulse Width  Fast    FDRE/C   n/a            0.500         20.000      19.500     SLICE_X28Y39   Soc_Tracking_i/VGA_controller_0/U0/vga_green_reg_reg[2]/C
High Pulse Width  Slow    FDRE/C   n/a            0.500         20.000      19.500     SLICE_X28Y39   Soc_Tracking_i/VGA_controller_0/U0/vga_green_reg_reg[3]/C
High Pulse Width  Fast    FDRE/C   n/a            0.500         20.000      19.500     SLICE_X28Y39   Soc_Tracking_i/VGA_controller_0/U0/vga_green_reg_reg[3]/C
High Pulse Width  Slow    FDRE/C   n/a            0.500         20.000      19.500     SLICE_X31Y35   Soc_Tracking_i/VGA_controller_0/U0/h_cntr_reg_reg[0]/C
High Pulse Width  Fast    FDRE/C   n/a            0.500         20.000      19.500     SLICE_X31Y35   Soc_Tracking_i/VGA_controller_0/U0/h_cntr_reg_reg[0]/C
High Pulse Width  Slow    FDRE/C   n/a            0.500         20.000      19.500     SLICE_X30Y35   Soc_Tracking_i/VGA_controller_0/U0/h_cntr_reg_reg[1]/C
High Pulse Width  Fast    FDRE/C   n/a            0.500         20.000      19.500     SLICE_X30Y35   Soc_Tracking_i/VGA_controller_0/U0/h_cntr_reg_reg[1]/C
High Pulse Width  Slow    FDRE/C   n/a            0.500         20.000      19.500     SLICE_X30Y35   Soc_Tracking_i/VGA_controller_0/U0/h_cntr_reg_reg[2]/C



---------------------------------------------------------------------------------------------------
From Clock:  clk_fpga_1
  To Clock:  clk_fpga_0

Setup :            0  Failing Endpoints,  Worst Slack        1.344ns,  Total Violation        0.000ns
Hold  :            0  Failing Endpoints,  Worst Slack        0.221ns,  Total Violation        0.000ns
---------------------------------------------------------------------------------------------------


Max Delay Paths
--------------------------------------------------------------------------------------
Slack (MET) :             1.344ns  (required time - arrival time)
  Source:                 Soc_Tracking_i/VGA_controller_0/U0/t_ready_reg/C
                            (rising edge-triggered cell FDCE clocked by clk_fpga_1  {rise@0.000ns fall@20.000ns period=40.000ns})
  Destination:            Soc_Tracking_i/AXI4S_fifo_buf_sw_H/U0/g_fifo_638.fifo_2/U0/inst_fifo_gen/gconvfifo.rf/gbi.bi/v7_bi_fifo.fblk/gextw[1].gnll_fifo.inst_extd/gonep.inst_prim/gf18e1_inst.sngfifo18e1/RDEN
                            (rising edge-triggered cell FIFO18E1 clocked by clk_fpga_0  {rise@0.000ns fall@5.000ns period=10.000ns})
  Path Group:             clk_fpga_0
  Path Type:              Setup (Max at Slow Process Corner)
  Requirement:            10.000ns  (clk_fpga_0 rise@10.000ns - clk_fpga_1 rise@0.000ns)
  Data Path Delay:        7.144ns  (logic 1.588ns (22.228%)  route 5.556ns (77.772%))
  Logic Levels:           6  (LUT3=2 LUT4=1 LUT5=3)
  Clock Path Skew:        -0.249ns (DCD - SCD + CPR)
    Destination Clock Delay (DCD):    2.727ns = ( 12.727 - 10.000 ) 
    Source Clock Delay      (SCD):    2.976ns
    Clock Pessimism Removal (CPR):    0.000ns
  Clock Uncertainty:      0.619ns  ((TSJ^2 + TIJ^2)^1/2 + DJ) / 2 + PE
    Total System Jitter     (TSJ):    0.071ns
    Total Input Jitter      (TIJ):    1.237ns
    Discrete Jitter          (DJ):    0.000ns
    Phase Error              (PE):    0.000ns
  Clock Domain Crossing:  Inter clock paths are considered valid unless explicitly excluded by timing constraints such as set_clock_groups or set_false_path.

    Location             Delay type                Incr(ns)  Path(ns)    Netlist Resource(s)
  -------------------------------------------------------------------    -------------------
                         (clock clk_fpga_1 rise edge)
                                                      0.000     0.000 r  
    PS7_X0Y0             PS7                          0.000     0.000 r  Soc_Tracking_i/processing_system7_0/inst/PS7_i/FCLKCLK[1]
                         net (fo=1, routed)           1.207     1.207    Soc_Tracking_i/processing_system7_0/inst/FCLK_CLK_unbuffered[1]
    BUFGCTRL_X0Y3        BUFG (Prop_bufg_I_O)         0.101     1.308 r  Soc_Tracking_i/processing_system7_0/inst/buffer_fclk_clk_1.FCLK_CLK_1_BUFG/O
                         net (fo=37, routed)          1.668     2.976    Soc_Tracking_i/VGA_controller_0/U0/clk_VGA
    SLICE_X26Y35         FDCE                                         r  Soc_Tracking_i/VGA_controller_0/U0/t_ready_reg/C
  -------------------------------------------------------------------    -------------------
    SLICE_X26Y35         FDCE (Prop_fdce_C_Q)         0.456     3.432 r  Soc_Tracking_i/VGA_controller_0/U0/t_ready_reg/Q
                         net (fo=3, routed)           1.366     4.798    Soc_Tracking_i/AXI4S_Overlay_AXI4L_0/U0/m00_axis_tready
    SLICE_X24Y36         LUT3 (Prop_lut3_I2_O)        0.124     4.922 r  Soc_Tracking_i/AXI4S_Overlay_AXI4L_0/U0/transmit_ok0/O
                         net (fo=18, routed)          0.788     5.710    Soc_Tracking_i/AXI4S_zero_padding_0/U0/m00_axis_tready
    SLICE_X24Y37         LUT3 (Prop_lut3_I2_O)        0.124     5.834 r  Soc_Tracking_i/AXI4S_zero_padding_0/U0/s00_axis_tready_INST_0/O
                         net (fo=4, routed)           0.628     6.462    Soc_Tracking_i/AXI4S_Filter_Harris/U0/m00_axis_tready
    SLICE_X24Y37         LUT4 (Prop_lut4_I1_O)        0.116     6.578 r  Soc_Tracking_i/AXI4S_Filter_Harris/U0/s00_axis_tready_INST_0/O
                         net (fo=1, routed)           1.035     7.612    Soc_Tracking_i/AXI4S_fifo_buf_sw_H/U0/m00_axis_tready
    SLICE_X32Y32         LUT5 (Prop_lut5_I0_O)        0.321     7.933 r  Soc_Tracking_i/AXI4S_fifo_buf_sw_H/U0/m_tlast_i_3/O
                         net (fo=3, routed)           0.386     8.319    Soc_Tracking_i/AXI4S_fifo_buf_sw_H/U0/m_handshake
    SLICE_X32Y31         LUT5 (Prop_lut5_I4_O)        0.331     8.650 r  Soc_Tracking_i/AXI4S_fifo_buf_sw_H/U0/g_fifo_638.fifo_3_i_2/O
                         net (fo=23, routed)          0.650     9.300    Soc_Tracking_i/AXI4S_fifo_buf_sw_H/U0/read_enable_3
    SLICE_X32Y28         LUT5 (Prop_lut5_I1_O)        0.116     9.416 r  Soc_Tracking_i/AXI4S_fifo_buf_sw_H/U0/g_fifo_638.fifo_2_i_3/O
                         net (fo=2, routed)           0.704    10.120    Soc_Tracking_i/AXI4S_fifo_buf_sw_H/U0/g_fifo_638.fifo_2/U0/inst_fifo_gen/gconvfifo.rf/gbi.bi/v7_bi_fifo.fblk/gextw[1].gnll_fifo.inst_extd/gonep.inst_prim/rd_en
    RAMB18_X1Y12         FIFO18E1                                     r  Soc_Tracking_i/AXI4S_fifo_buf_sw_H/U0/g_fifo_638.fifo_2/U0/inst_fifo_gen/gconvfifo.rf/gbi.bi/v7_bi_fifo.fblk/gextw[1].gnll_fifo.inst_extd/gonep.inst_prim/gf18e1_inst.sngfifo18e1/RDEN
  -------------------------------------------------------------------    -------------------

                         (clock clk_fpga_0 rise edge)
                                                     10.000    10.000 r  
    PS7_X0Y0             PS7                          0.000    10.000 r  Soc_Tracking_i/processing_system7_0/inst/PS7_i/FCLKCLK[0]
                         net (fo=1, routed)           1.101    11.101    Soc_Tracking_i/processing_system7_0/inst/FCLK_CLK_unbuffered[0]
    BUFGCTRL_X0Y0        BUFG (Prop_bufg_I_O)         0.091    11.192 r  Soc_Tracking_i/processing_system7_0/inst/buffer_fclk_clk_0.FCLK_CLK_0_BUFG/O
                         net (fo=5076, routed)        1.535    12.727    Soc_Tracking_i/AXI4S_fifo_buf_sw_H/U0/g_fifo_638.fifo_2/U0/inst_fifo_gen/gconvfifo.rf/gbi.bi/v7_bi_fifo.fblk/gextw[1].gnll_fifo.inst_extd/gonep.inst_prim/clk
    RAMB18_X1Y12         FIFO18E1                                     r  Soc_Tracking_i/AXI4S_fifo_buf_sw_H/U0/g_fifo_638.fifo_2/U0/inst_fifo_gen/gconvfifo.rf/gbi.bi/v7_bi_fifo.fblk/gextw[1].gnll_fifo.inst_extd/gonep.inst_prim/gf18e1_inst.sngfifo18e1/RDCLK
                         clock pessimism              0.000    12.727    
                         clock uncertainty           -0.619    12.108    
    RAMB18_X1Y12         FIFO18E1 (Setup_fifo18e1_RDCLK_RDEN)
                                                     -0.643    11.465    Soc_Tracking_i/AXI4S_fifo_buf_sw_H/U0/g_fifo_638.fifo_2/U0/inst_fifo_gen/gconvfifo.rf/gbi.bi/v7_bi_fifo.fblk/gextw[1].gnll_fifo.inst_extd/gonep.inst_prim/gf18e1_inst.sngfifo18e1
  -------------------------------------------------------------------
                         required time                         11.465    
                         arrival time                         -10.120    
  -------------------------------------------------------------------
                         slack                                  1.344    

Slack (MET) :             1.464ns  (required time - arrival time)
  Source:                 Soc_Tracking_i/VGA_controller_0/U0/t_ready_reg/C
                            (rising edge-triggered cell FDCE clocked by clk_fpga_1  {rise@0.000ns fall@20.000ns period=40.000ns})
  Destination:            Soc_Tracking_i/AXI4S_fifo_buf_sw_H/U0/h_cntr_reg[2]/R
                            (rising edge-triggered cell FDRE clocked by clk_fpga_0  {rise@0.000ns fall@5.000ns period=10.000ns})
  Path Group:             clk_fpga_0
  Path Type:              Setup (Max at Slow Process Corner)
  Requirement:            10.000ns  (clk_fpga_0 rise@10.000ns - clk_fpga_1 rise@0.000ns)
  Data Path Delay:        7.101ns  (logic 1.596ns (22.476%)  route 5.505ns (77.524%))
  Logic Levels:           6  (LUT3=3 LUT4=1 LUT5=2)
  Clock Path Skew:        -0.291ns (DCD - SCD + CPR)
    Destination Clock Delay (DCD):    2.684ns = ( 12.684 - 10.000 ) 
    Source Clock Delay      (SCD):    2.976ns
    Clock Pessimism Removal (CPR):    0.000ns
  Clock Uncertainty:      0.619ns  ((TSJ^2 + TIJ^2)^1/2 + DJ) / 2 + PE
    Total System Jitter     (TSJ):    0.071ns
    Total Input Jitter      (TIJ):    1.237ns
    Discrete Jitter          (DJ):    0.000ns
    Phase Error              (PE):    0.000ns
  Clock Domain Crossing:  Inter clock paths are considered valid unless explicitly excluded by timing constraints such as set_clock_groups or set_false_path.

    Location             Delay type                Incr(ns)  Path(ns)    Netlist Resource(s)
  -------------------------------------------------------------------    -------------------
                         (clock clk_fpga_1 rise edge)
                                                      0.000     0.000 r  
    PS7_X0Y0             PS7                          0.000     0.000 r  Soc_Tracking_i/processing_system7_0/inst/PS7_i/FCLKCLK[1]
                         net (fo=1, routed)           1.207     1.207    Soc_Tracking_i/processing_system7_0/inst/FCLK_CLK_unbuffered[1]
    BUFGCTRL_X0Y3        BUFG (Prop_bufg_I_O)         0.101     1.308 r  Soc_Tracking_i/processing_system7_0/inst/buffer_fclk_clk_1.FCLK_CLK_1_BUFG/O
                         net (fo=37, routed)          1.668     2.976    Soc_Tracking_i/VGA_controller_0/U0/clk_VGA
    SLICE_X26Y35         FDCE                                         r  Soc_Tracking_i/VGA_controller_0/U0/t_ready_reg/C
  -------------------------------------------------------------------    -------------------
    SLICE_X26Y35         FDCE (Prop_fdce_C_Q)         0.456     3.432 r  Soc_Tracking_i/VGA_controller_0/U0/t_ready_reg/Q
                         net (fo=3, routed)           1.366     4.798    Soc_Tracking_i/AXI4S_Overlay_AXI4L_0/U0/m00_axis_tready
    SLICE_X24Y36         LUT3 (Prop_lut3_I2_O)        0.124     4.922 r  Soc_Tracking_i/AXI4S_Overlay_AXI4L_0/U0/transmit_ok0/O
                         net (fo=18, routed)          0.788     5.710    Soc_Tracking_i/AXI4S_zero_padding_0/U0/m00_axis_tready
    SLICE_X24Y37         LUT3 (Prop_lut3_I2_O)        0.124     5.834 r  Soc_Tracking_i/AXI4S_zero_padding_0/U0/s00_axis_tready_INST_0/O
                         net (fo=4, routed)           0.628     6.462    Soc_Tracking_i/AXI4S_Filter_Harris/U0/m00_axis_tready
    SLICE_X24Y37         LUT4 (Prop_lut4_I1_O)        0.116     6.578 r  Soc_Tracking_i/AXI4S_Filter_Harris/U0/s00_axis_tready_INST_0/O
                         net (fo=1, routed)           1.035     7.612    Soc_Tracking_i/AXI4S_fifo_buf_sw_H/U0/m00_axis_tready
    SLICE_X32Y32         LUT5 (Prop_lut5_I0_O)        0.321     7.933 r  Soc_Tracking_i/AXI4S_fifo_buf_sw_H/U0/m_tlast_i_3/O
                         net (fo=3, routed)           0.386     8.319    Soc_Tracking_i/AXI4S_fifo_buf_sw_H/U0/m_handshake
    SLICE_X32Y31         LUT5 (Prop_lut5_I4_O)        0.331     8.650 r  Soc_Tracking_i/AXI4S_fifo_buf_sw_H/U0/g_fifo_638.fifo_3_i_2/O
                         net (fo=23, routed)          0.662     9.312    Soc_Tracking_i/AXI4S_fifo_buf_sw_H/U0/read_enable_3
    SLICE_X34Y29         LUT3 (Prop_lut3_I1_O)        0.124     9.436 r  Soc_Tracking_i/AXI4S_fifo_buf_sw_H/U0/h_cntr[9]_i_1/O
                         net (fo=10, routed)          0.641    10.077    Soc_Tracking_i/AXI4S_fifo_buf_sw_H/U0/h_cntr[9]_i_1_n_0
    SLICE_X34Y32         FDRE                                         r  Soc_Tracking_i/AXI4S_fifo_buf_sw_H/U0/h_cntr_reg[2]/R
  -------------------------------------------------------------------    -------------------

                         (clock clk_fpga_0 rise edge)
                                                     10.000    10.000 r  
    PS7_X0Y0             PS7                          0.000    10.000 r  Soc_Tracking_i/processing_system7_0/inst/PS7_i/FCLKCLK[0]
                         net (fo=1, routed)           1.101    11.101    Soc_Tracking_i/processing_system7_0/inst/FCLK_CLK_unbuffered[0]
    BUFGCTRL_X0Y0        BUFG (Prop_bufg_I_O)         0.091    11.192 r  Soc_Tracking_i/processing_system7_0/inst/buffer_fclk_clk_0.FCLK_CLK_0_BUFG/O
                         net (fo=5076, routed)        1.492    12.684    Soc_Tracking_i/AXI4S_fifo_buf_sw_H/U0/s00_axis_aclk
    SLICE_X34Y32         FDRE                                         r  Soc_Tracking_i/AXI4S_fifo_buf_sw_H/U0/h_cntr_reg[2]/C
                         clock pessimism              0.000    12.684    
                         clock uncertainty           -0.619    12.065    
    SLICE_X34Y32         FDRE (Setup_fdre_C_R)       -0.524    11.541    Soc_Tracking_i/AXI4S_fifo_buf_sw_H/U0/h_cntr_reg[2]
  -------------------------------------------------------------------
                         required time                         11.541    
                         arrival time                         -10.077    
  -------------------------------------------------------------------
                         slack                                  1.464    

Slack (MET) :             1.464ns  (required time - arrival time)
  Source:                 Soc_Tracking_i/VGA_controller_0/U0/t_ready_reg/C
                            (rising edge-triggered cell FDCE clocked by clk_fpga_1  {rise@0.000ns fall@20.000ns period=40.000ns})
  Destination:            Soc_Tracking_i/AXI4S_fifo_buf_sw_H/U0/h_cntr_reg[4]/R
                            (rising edge-triggered cell FDRE clocked by clk_fpga_0  {rise@0.000ns fall@5.000ns period=10.000ns})
  Path Group:             clk_fpga_0
  Path Type:              Setup (Max at Slow Process Corner)
  Requirement:            10.000ns  (clk_fpga_0 rise@10.000ns - clk_fpga_1 rise@0.000ns)
  Data Path Delay:        7.101ns  (logic 1.596ns (22.476%)  route 5.505ns (77.524%))
  Logic Levels:           6  (LUT3=3 LUT4=1 LUT5=2)
  Clock Path Skew:        -0.291ns (DCD - SCD + CPR)
    Destination Clock Delay (DCD):    2.684ns = ( 12.684 - 10.000 ) 
    Source Clock Delay      (SCD):    2.976ns
    Clock Pessimism Removal (CPR):    0.000ns
  Clock Uncertainty:      0.619ns  ((TSJ^2 + TIJ^2)^1/2 + DJ) / 2 + PE
    Total System Jitter     (TSJ):    0.071ns
    Total Input Jitter      (TIJ):    1.237ns
    Discrete Jitter          (DJ):    0.000ns
    Phase Error              (PE):    0.000ns
  Clock Domain Crossing:  Inter clock paths are considered valid unless explicitly excluded by timing constraints such as set_clock_groups or set_false_path.

    Location             Delay type                Incr(ns)  Path(ns)    Netlist Resource(s)
  -------------------------------------------------------------------    -------------------
                         (clock clk_fpga_1 rise edge)
                                                      0.000     0.000 r  
    PS7_X0Y0             PS7                          0.000     0.000 r  Soc_Tracking_i/processing_system7_0/inst/PS7_i/FCLKCLK[1]
                         net (fo=1, routed)           1.207     1.207    Soc_Tracking_i/processing_system7_0/inst/FCLK_CLK_unbuffered[1]
    BUFGCTRL_X0Y3        BUFG (Prop_bufg_I_O)         0.101     1.308 r  Soc_Tracking_i/processing_system7_0/inst/buffer_fclk_clk_1.FCLK_CLK_1_BUFG/O
                         net (fo=37, routed)          1.668     2.976    Soc_Tracking_i/VGA_controller_0/U0/clk_VGA
    SLICE_X26Y35         FDCE                                         r  Soc_Tracking_i/VGA_controller_0/U0/t_ready_reg/C
  -------------------------------------------------------------------    -------------------
    SLICE_X26Y35         FDCE (Prop_fdce_C_Q)         0.456     3.432 r  Soc_Tracking_i/VGA_controller_0/U0/t_ready_reg/Q
                         net (fo=3, routed)           1.366     4.798    Soc_Tracking_i/AXI4S_Overlay_AXI4L_0/U0/m00_axis_tready
    SLICE_X24Y36         LUT3 (Prop_lut3_I2_O)        0.124     4.922 r  Soc_Tracking_i/AXI4S_Overlay_AXI4L_0/U0/transmit_ok0/O
                         net (fo=18, routed)          0.788     5.710    Soc_Tracking_i/AXI4S_zero_padding_0/U0/m00_axis_tready
    SLICE_X24Y37         LUT3 (Prop_lut3_I2_O)        0.124     5.834 r  Soc_Tracking_i/AXI4S_zero_padding_0/U0/s00_axis_tready_INST_0/O
                         net (fo=4, routed)           0.628     6.462    Soc_Tracking_i/AXI4S_Filter_Harris/U0/m00_axis_tready
    SLICE_X24Y37         LUT4 (Prop_lut4_I1_O)        0.116     6.578 r  Soc_Tracking_i/AXI4S_Filter_Harris/U0/s00_axis_tready_INST_0/O
                         net (fo=1, routed)           1.035     7.612    Soc_Tracking_i/AXI4S_fifo_buf_sw_H/U0/m00_axis_tready
    SLICE_X32Y32         LUT5 (Prop_lut5_I0_O)        0.321     7.933 r  Soc_Tracking_i/AXI4S_fifo_buf_sw_H/U0/m_tlast_i_3/O
                         net (fo=3, routed)           0.386     8.319    Soc_Tracking_i/AXI4S_fifo_buf_sw_H/U0/m_handshake
    SLICE_X32Y31         LUT5 (Prop_lut5_I4_O)        0.331     8.650 r  Soc_Tracking_i/AXI4S_fifo_buf_sw_H/U0/g_fifo_638.fifo_3_i_2/O
                         net (fo=23, routed)          0.662     9.312    Soc_Tracking_i/AXI4S_fifo_buf_sw_H/U0/read_enable_3
    SLICE_X34Y29         LUT3 (Prop_lut3_I1_O)        0.124     9.436 r  Soc_Tracking_i/AXI4S_fifo_buf_sw_H/U0/h_cntr[9]_i_1/O
                         net (fo=10, routed)          0.641    10.077    Soc_Tracking_i/AXI4S_fifo_buf_sw_H/U0/h_cntr[9]_i_1_n_0
    SLICE_X34Y32         FDRE                                         r  Soc_Tracking_i/AXI4S_fifo_buf_sw_H/U0/h_cntr_reg[4]/R
  -------------------------------------------------------------------    -------------------

                         (clock clk_fpga_0 rise edge)
                                                     10.000    10.000 r  
    PS7_X0Y0             PS7                          0.000    10.000 r  Soc_Tracking_i/processing_system7_0/inst/PS7_i/FCLKCLK[0]
                         net (fo=1, routed)           1.101    11.101    Soc_Tracking_i/processing_system7_0/inst/FCLK_CLK_unbuffered[0]
    BUFGCTRL_X0Y0        BUFG (Prop_bufg_I_O)         0.091    11.192 r  Soc_Tracking_i/processing_system7_0/inst/buffer_fclk_clk_0.FCLK_CLK_0_BUFG/O
                         net (fo=5076, routed)        1.492    12.684    Soc_Tracking_i/AXI4S_fifo_buf_sw_H/U0/s00_axis_aclk
    SLICE_X34Y32         FDRE                                         r  Soc_Tracking_i/AXI4S_fifo_buf_sw_H/U0/h_cntr_reg[4]/C
                         clock pessimism              0.000    12.684    
                         clock uncertainty           -0.619    12.065    
    SLICE_X34Y32         FDRE (Setup_fdre_C_R)       -0.524    11.541    Soc_Tracking_i/AXI4S_fifo_buf_sw_H/U0/h_cntr_reg[4]
  -------------------------------------------------------------------
                         required time                         11.541    
                         arrival time                         -10.077    
  -------------------------------------------------------------------
                         slack                                  1.464    

Slack (MET) :             1.464ns  (required time - arrival time)
  Source:                 Soc_Tracking_i/VGA_controller_0/U0/t_ready_reg/C
                            (rising edge-triggered cell FDCE clocked by clk_fpga_1  {rise@0.000ns fall@20.000ns period=40.000ns})
  Destination:            Soc_Tracking_i/AXI4S_fifo_buf_sw_H/U0/h_cntr_reg[5]/R
                            (rising edge-triggered cell FDRE clocked by clk_fpga_0  {rise@0.000ns fall@5.000ns period=10.000ns})
  Path Group:             clk_fpga_0
  Path Type:              Setup (Max at Slow Process Corner)
  Requirement:            10.000ns  (clk_fpga_0 rise@10.000ns - clk_fpga_1 rise@0.000ns)
  Data Path Delay:        7.101ns  (logic 1.596ns (22.476%)  route 5.505ns (77.524%))
  Logic Levels:           6  (LUT3=3 LUT4=1 LUT5=2)
  Clock Path Skew:        -0.291ns (DCD - SCD + CPR)
    Destination Clock Delay (DCD):    2.684ns = ( 12.684 - 10.000 ) 
    Source Clock Delay      (SCD):    2.976ns
    Clock Pessimism Removal (CPR):    0.000ns
  Clock Uncertainty:      0.619ns  ((TSJ^2 + TIJ^2)^1/2 + DJ) / 2 + PE
    Total System Jitter     (TSJ):    0.071ns
    Total Input Jitter      (TIJ):    1.237ns
    Discrete Jitter          (DJ):    0.000ns
    Phase Error              (PE):    0.000ns
  Clock Domain Crossing:  Inter clock paths are considered valid unless explicitly excluded by timing constraints such as set_clock_groups or set_false_path.

    Location             Delay type                Incr(ns)  Path(ns)    Netlist Resource(s)
  -------------------------------------------------------------------    -------------------
                         (clock clk_fpga_1 rise edge)
                                                      0.000     0.000 r  
    PS7_X0Y0             PS7                          0.000     0.000 r  Soc_Tracking_i/processing_system7_0/inst/PS7_i/FCLKCLK[1]
                         net (fo=1, routed)           1.207     1.207    Soc_Tracking_i/processing_system7_0/inst/FCLK_CLK_unbuffered[1]
    BUFGCTRL_X0Y3        BUFG (Prop_bufg_I_O)         0.101     1.308 r  Soc_Tracking_i/processing_system7_0/inst/buffer_fclk_clk_1.FCLK_CLK_1_BUFG/O
                         net (fo=37, routed)          1.668     2.976    Soc_Tracking_i/VGA_controller_0/U0/clk_VGA
    SLICE_X26Y35         FDCE                                         r  Soc_Tracking_i/VGA_controller_0/U0/t_ready_reg/C
  -------------------------------------------------------------------    -------------------
    SLICE_X26Y35         FDCE (Prop_fdce_C_Q)         0.456     3.432 r  Soc_Tracking_i/VGA_controller_0/U0/t_ready_reg/Q
                         net (fo=3, routed)           1.366     4.798    Soc_Tracking_i/AXI4S_Overlay_AXI4L_0/U0/m00_axis_tready
    SLICE_X24Y36         LUT3 (Prop_lut3_I2_O)        0.124     4.922 r  Soc_Tracking_i/AXI4S_Overlay_AXI4L_0/U0/transmit_ok0/O
                         net (fo=18, routed)          0.788     5.710    Soc_Tracking_i/AXI4S_zero_padding_0/U0/m00_axis_tready
    SLICE_X24Y37         LUT3 (Prop_lut3_I2_O)        0.124     5.834 r  Soc_Tracking_i/AXI4S_zero_padding_0/U0/s00_axis_tready_INST_0/O
                         net (fo=4, routed)           0.628     6.462    Soc_Tracking_i/AXI4S_Filter_Harris/U0/m00_axis_tready
    SLICE_X24Y37         LUT4 (Prop_lut4_I1_O)        0.116     6.578 r  Soc_Tracking_i/AXI4S_Filter_Harris/U0/s00_axis_tready_INST_0/O
                         net (fo=1, routed)           1.035     7.612    Soc_Tracking_i/AXI4S_fifo_buf_sw_H/U0/m00_axis_tready
    SLICE_X32Y32         LUT5 (Prop_lut5_I0_O)        0.321     7.933 r  Soc_Tracking_i/AXI4S_fifo_buf_sw_H/U0/m_tlast_i_3/O
                         net (fo=3, routed)           0.386     8.319    Soc_Tracking_i/AXI4S_fifo_buf_sw_H/U0/m_handshake
    SLICE_X32Y31         LUT5 (Prop_lut5_I4_O)        0.331     8.650 r  Soc_Tracking_i/AXI4S_fifo_buf_sw_H/U0/g_fifo_638.fifo_3_i_2/O
                         net (fo=23, routed)          0.662     9.312    Soc_Tracking_i/AXI4S_fifo_buf_sw_H/U0/read_enable_3
    SLICE_X34Y29         LUT3 (Prop_lut3_I1_O)        0.124     9.436 r  Soc_Tracking_i/AXI4S_fifo_buf_sw_H/U0/h_cntr[9]_i_1/O
                         net (fo=10, routed)          0.641    10.077    Soc_Tracking_i/AXI4S_fifo_buf_sw_H/U0/h_cntr[9]_i_1_n_0
    SLICE_X34Y32         FDRE                                         r  Soc_Tracking_i/AXI4S_fifo_buf_sw_H/U0/h_cntr_reg[5]/R
  -------------------------------------------------------------------    -------------------

                         (clock clk_fpga_0 rise edge)
                                                     10.000    10.000 r  
    PS7_X0Y0             PS7                          0.000    10.000 r  Soc_Tracking_i/processing_system7_0/inst/PS7_i/FCLKCLK[0]
                         net (fo=1, routed)           1.101    11.101    Soc_Tracking_i/processing_system7_0/inst/FCLK_CLK_unbuffered[0]
    BUFGCTRL_X0Y0        BUFG (Prop_bufg_I_O)         0.091    11.192 r  Soc_Tracking_i/processing_system7_0/inst/buffer_fclk_clk_0.FCLK_CLK_0_BUFG/O
                         net (fo=5076, routed)        1.492    12.684    Soc_Tracking_i/AXI4S_fifo_buf_sw_H/U0/s00_axis_aclk
    SLICE_X34Y32         FDRE                                         r  Soc_Tracking_i/AXI4S_fifo_buf_sw_H/U0/h_cntr_reg[5]/C
                         clock pessimism              0.000    12.684    
                         clock uncertainty           -0.619    12.065    
    SLICE_X34Y32         FDRE (Setup_fdre_C_R)       -0.524    11.541    Soc_Tracking_i/AXI4S_fifo_buf_sw_H/U0/h_cntr_reg[5]
  -------------------------------------------------------------------
                         required time                         11.541    
                         arrival time                         -10.077    
  -------------------------------------------------------------------
                         slack                                  1.464    

Slack (MET) :             1.464ns  (required time - arrival time)
  Source:                 Soc_Tracking_i/VGA_controller_0/U0/t_ready_reg/C
                            (rising edge-triggered cell FDCE clocked by clk_fpga_1  {rise@0.000ns fall@20.000ns period=40.000ns})
  Destination:            Soc_Tracking_i/AXI4S_fifo_buf_sw_H/U0/h_cntr_reg[6]/R
                            (rising edge-triggered cell FDRE clocked by clk_fpga_0  {rise@0.000ns fall@5.000ns period=10.000ns})
  Path Group:             clk_fpga_0
  Path Type:              Setup (Max at Slow Process Corner)
  Requirement:            10.000ns  (clk_fpga_0 rise@10.000ns - clk_fpga_1 rise@0.000ns)
  Data Path Delay:        7.101ns  (logic 1.596ns (22.476%)  route 5.505ns (77.524%))
  Logic Levels:           6  (LUT3=3 LUT4=1 LUT5=2)
  Clock Path Skew:        -0.291ns (DCD - SCD + CPR)
    Destination Clock Delay (DCD):    2.684ns = ( 12.684 - 10.000 ) 
    Source Clock Delay      (SCD):    2.976ns
    Clock Pessimism Removal (CPR):    0.000ns
  Clock Uncertainty:      0.619ns  ((TSJ^2 + TIJ^2)^1/2 + DJ) / 2 + PE
    Total System Jitter     (TSJ):    0.071ns
    Total Input Jitter      (TIJ):    1.237ns
    Discrete Jitter          (DJ):    0.000ns
    Phase Error              (PE):    0.000ns
  Clock Domain Crossing:  Inter clock paths are considered valid unless explicitly excluded by timing constraints such as set_clock_groups or set_false_path.

    Location             Delay type                Incr(ns)  Path(ns)    Netlist Resource(s)
  -------------------------------------------------------------------    -------------------
                         (clock clk_fpga_1 rise edge)
                                                      0.000     0.000 r  
    PS7_X0Y0             PS7                          0.000     0.000 r  Soc_Tracking_i/processing_system7_0/inst/PS7_i/FCLKCLK[1]
                         net (fo=1, routed)           1.207     1.207    Soc_Tracking_i/processing_system7_0/inst/FCLK_CLK_unbuffered[1]
    BUFGCTRL_X0Y3        BUFG (Prop_bufg_I_O)         0.101     1.308 r  Soc_Tracking_i/processing_system7_0/inst/buffer_fclk_clk_1.FCLK_CLK_1_BUFG/O
                         net (fo=37, routed)          1.668     2.976    Soc_Tracking_i/VGA_controller_0/U0/clk_VGA
    SLICE_X26Y35         FDCE                                         r  Soc_Tracking_i/VGA_controller_0/U0/t_ready_reg/C
  -------------------------------------------------------------------    -------------------
    SLICE_X26Y35         FDCE (Prop_fdce_C_Q)         0.456     3.432 r  Soc_Tracking_i/VGA_controller_0/U0/t_ready_reg/Q
                         net (fo=3, routed)           1.366     4.798    Soc_Tracking_i/AXI4S_Overlay_AXI4L_0/U0/m00_axis_tready
    SLICE_X24Y36         LUT3 (Prop_lut3_I2_O)        0.124     4.922 r  Soc_Tracking_i/AXI4S_Overlay_AXI4L_0/U0/transmit_ok0/O
                         net (fo=18, routed)          0.788     5.710    Soc_Tracking_i/AXI4S_zero_padding_0/U0/m00_axis_tready
    SLICE_X24Y37         LUT3 (Prop_lut3_I2_O)        0.124     5.834 r  Soc_Tracking_i/AXI4S_zero_padding_0/U0/s00_axis_tready_INST_0/O
                         net (fo=4, routed)           0.628     6.462    Soc_Tracking_i/AXI4S_Filter_Harris/U0/m00_axis_tready
    SLICE_X24Y37         LUT4 (Prop_lut4_I1_O)        0.116     6.578 r  Soc_Tracking_i/AXI4S_Filter_Harris/U0/s00_axis_tready_INST_0/O
                         net (fo=1, routed)           1.035     7.612    Soc_Tracking_i/AXI4S_fifo_buf_sw_H/U0/m00_axis_tready
    SLICE_X32Y32         LUT5 (Prop_lut5_I0_O)        0.321     7.933 r  Soc_Tracking_i/AXI4S_fifo_buf_sw_H/U0/m_tlast_i_3/O
                         net (fo=3, routed)           0.386     8.319    Soc_Tracking_i/AXI4S_fifo_buf_sw_H/U0/m_handshake
    SLICE_X32Y31         LUT5 (Prop_lut5_I4_O)        0.331     8.650 r  Soc_Tracking_i/AXI4S_fifo_buf_sw_H/U0/g_fifo_638.fifo_3_i_2/O
                         net (fo=23, routed)          0.662     9.312    Soc_Tracking_i/AXI4S_fifo_buf_sw_H/U0/read_enable_3
    SLICE_X34Y29         LUT3 (Prop_lut3_I1_O)        0.124     9.436 r  Soc_Tracking_i/AXI4S_fifo_buf_sw_H/U0/h_cntr[9]_i_1/O
                         net (fo=10, routed)          0.641    10.077    Soc_Tracking_i/AXI4S_fifo_buf_sw_H/U0/h_cntr[9]_i_1_n_0
    SLICE_X34Y32         FDRE                                         r  Soc_Tracking_i/AXI4S_fifo_buf_sw_H/U0/h_cntr_reg[6]/R
  -------------------------------------------------------------------    -------------------

                         (clock clk_fpga_0 rise edge)
                                                     10.000    10.000 r  
    PS7_X0Y0             PS7                          0.000    10.000 r  Soc_Tracking_i/processing_system7_0/inst/PS7_i/FCLKCLK[0]
                         net (fo=1, routed)           1.101    11.101    Soc_Tracking_i/processing_system7_0/inst/FCLK_CLK_unbuffered[0]
    BUFGCTRL_X0Y0        BUFG (Prop_bufg_I_O)         0.091    11.192 r  Soc_Tracking_i/processing_system7_0/inst/buffer_fclk_clk_0.FCLK_CLK_0_BUFG/O
                         net (fo=5076, routed)        1.492    12.684    Soc_Tracking_i/AXI4S_fifo_buf_sw_H/U0/s00_axis_aclk
    SLICE_X34Y32         FDRE                                         r  Soc_Tracking_i/AXI4S_fifo_buf_sw_H/U0/h_cntr_reg[6]/C
                         clock pessimism              0.000    12.684    
                         clock uncertainty           -0.619    12.065    
    SLICE_X34Y32         FDRE (Setup_fdre_C_R)       -0.524    11.541    Soc_Tracking_i/AXI4S_fifo_buf_sw_H/U0/h_cntr_reg[6]
  -------------------------------------------------------------------
                         required time                         11.541    
                         arrival time                         -10.077    
  -------------------------------------------------------------------
                         slack                                  1.464    

Slack (MET) :             1.467ns  (required time - arrival time)
  Source:                 Soc_Tracking_i/VGA_controller_0/U0/t_ready_reg/C
                            (rising edge-triggered cell FDCE clocked by clk_fpga_1  {rise@0.000ns fall@20.000ns period=40.000ns})
  Destination:            Soc_Tracking_i/AXI4S_fifo_buf_sw_H/U0/v_cntr_reg[2]/R
                            (rising edge-triggered cell FDRE clocked by clk_fpga_0  {rise@0.000ns fall@5.000ns period=10.000ns})
  Path Group:             clk_fpga_0
  Path Type:              Setup (Max at Slow Process Corner)
  Requirement:            10.000ns  (clk_fpga_0 rise@10.000ns - clk_fpga_1 rise@0.000ns)
  Data Path Delay:        7.091ns  (logic 1.596ns (22.506%)  route 5.495ns (77.494%))
  Logic Levels:           6  (LUT3=2 LUT4=2 LUT5=2)
  Clock Path Skew:        -0.299ns (DCD - SCD + CPR)
    Destination Clock Delay (DCD):    2.677ns = ( 12.677 - 10.000 ) 
    Source Clock Delay      (SCD):    2.976ns
    Clock Pessimism Removal (CPR):    0.000ns
  Clock Uncertainty:      0.619ns  ((TSJ^2 + TIJ^2)^1/2 + DJ) / 2 + PE
    Total System Jitter     (TSJ):    0.071ns
    Total Input Jitter      (TIJ):    1.237ns
    Discrete Jitter          (DJ):    0.000ns
    Phase Error              (PE):    0.000ns
  Clock Domain Crossing:  Inter clock paths are considered valid unless explicitly excluded by timing constraints such as set_clock_groups or set_false_path.

    Location             Delay type                Incr(ns)  Path(ns)    Netlist Resource(s)
  -------------------------------------------------------------------    -------------------
                         (clock clk_fpga_1 rise edge)
                                                      0.000     0.000 r  
    PS7_X0Y0             PS7                          0.000     0.000 r  Soc_Tracking_i/processing_system7_0/inst/PS7_i/FCLKCLK[1]
                         net (fo=1, routed)           1.207     1.207    Soc_Tracking_i/processing_system7_0/inst/FCLK_CLK_unbuffered[1]
    BUFGCTRL_X0Y3        BUFG (Prop_bufg_I_O)         0.101     1.308 r  Soc_Tracking_i/processing_system7_0/inst/buffer_fclk_clk_1.FCLK_CLK_1_BUFG/O
                         net (fo=37, routed)          1.668     2.976    Soc_Tracking_i/VGA_controller_0/U0/clk_VGA
    SLICE_X26Y35         FDCE                                         r  Soc_Tracking_i/VGA_controller_0/U0/t_ready_reg/C
  -------------------------------------------------------------------    -------------------
    SLICE_X26Y35         FDCE (Prop_fdce_C_Q)         0.456     3.432 r  Soc_Tracking_i/VGA_controller_0/U0/t_ready_reg/Q
                         net (fo=3, routed)           1.366     4.798    Soc_Tracking_i/AXI4S_Overlay_AXI4L_0/U0/m00_axis_tready
    SLICE_X24Y36         LUT3 (Prop_lut3_I2_O)        0.124     4.922 r  Soc_Tracking_i/AXI4S_Overlay_AXI4L_0/U0/transmit_ok0/O
                         net (fo=18, routed)          0.788     5.710    Soc_Tracking_i/AXI4S_zero_padding_0/U0/m00_axis_tready
    SLICE_X24Y37         LUT3 (Prop_lut3_I2_O)        0.124     5.834 r  Soc_Tracking_i/AXI4S_zero_padding_0/U0/s00_axis_tready_INST_0/O
                         net (fo=4, routed)           0.628     6.462    Soc_Tracking_i/AXI4S_Filter_Harris/U0/m00_axis_tready
    SLICE_X24Y37         LUT4 (Prop_lut4_I1_O)        0.116     6.578 r  Soc_Tracking_i/AXI4S_Filter_Harris/U0/s00_axis_tready_INST_0/O
                         net (fo=1, routed)           1.035     7.612    Soc_Tracking_i/AXI4S_fifo_buf_sw_H/U0/m00_axis_tready
    SLICE_X32Y32         LUT5 (Prop_lut5_I0_O)        0.321     7.933 r  Soc_Tracking_i/AXI4S_fifo_buf_sw_H/U0/m_tlast_i_3/O
                         net (fo=3, routed)           0.386     8.319    Soc_Tracking_i/AXI4S_fifo_buf_sw_H/U0/m_handshake
    SLICE_X32Y31         LUT5 (Prop_lut5_I4_O)        0.331     8.650 r  Soc_Tracking_i/AXI4S_fifo_buf_sw_H/U0/g_fifo_638.fifo_3_i_2/O
                         net (fo=23, routed)          0.646     9.296    Soc_Tracking_i/AXI4S_fifo_buf_sw_H/U0/read_enable_3
    SLICE_X33Y28         LUT4 (Prop_lut4_I0_O)        0.124     9.420 r  Soc_Tracking_i/AXI4S_fifo_buf_sw_H/U0/v_cntr[8]_i_1/O
                         net (fo=9, routed)           0.647    10.067    Soc_Tracking_i/AXI4S_fifo_buf_sw_H/U0/v_cntr[8]_i_1_n_0
    SLICE_X34Y26         FDRE                                         r  Soc_Tracking_i/AXI4S_fifo_buf_sw_H/U0/v_cntr_reg[2]/R
  -------------------------------------------------------------------    -------------------

                         (clock clk_fpga_0 rise edge)
                                                     10.000    10.000 r  
    PS7_X0Y0             PS7                          0.000    10.000 r  Soc_Tracking_i/processing_system7_0/inst/PS7_i/FCLKCLK[0]
                         net (fo=1, routed)           1.101    11.101    Soc_Tracking_i/processing_system7_0/inst/FCLK_CLK_unbuffered[0]
    BUFGCTRL_X0Y0        BUFG (Prop_bufg_I_O)         0.091    11.192 r  Soc_Tracking_i/processing_system7_0/inst/buffer_fclk_clk_0.FCLK_CLK_0_BUFG/O
                         net (fo=5076, routed)        1.485    12.677    Soc_Tracking_i/AXI4S_fifo_buf_sw_H/U0/s00_axis_aclk
    SLICE_X34Y26         FDRE                                         r  Soc_Tracking_i/AXI4S_fifo_buf_sw_H/U0/v_cntr_reg[2]/C
                         clock pessimism              0.000    12.677    
                         clock uncertainty           -0.619    12.058    
    SLICE_X34Y26         FDRE (Setup_fdre_C_R)       -0.524    11.534    Soc_Tracking_i/AXI4S_fifo_buf_sw_H/U0/v_cntr_reg[2]
  -------------------------------------------------------------------
                         required time                         11.534    
                         arrival time                         -10.067    
  -------------------------------------------------------------------
                         slack                                  1.467    

Slack (MET) :             1.467ns  (required time - arrival time)
  Source:                 Soc_Tracking_i/VGA_controller_0/U0/t_ready_reg/C
                            (rising edge-triggered cell FDCE clocked by clk_fpga_1  {rise@0.000ns fall@20.000ns period=40.000ns})
  Destination:            Soc_Tracking_i/AXI4S_fifo_buf_sw_H/U0/v_cntr_reg[6]/R
                            (rising edge-triggered cell FDRE clocked by clk_fpga_0  {rise@0.000ns fall@5.000ns period=10.000ns})
  Path Group:             clk_fpga_0
  Path Type:              Setup (Max at Slow Process Corner)
  Requirement:            10.000ns  (clk_fpga_0 rise@10.000ns - clk_fpga_1 rise@0.000ns)
  Data Path Delay:        7.091ns  (logic 1.596ns (22.506%)  route 5.495ns (77.494%))
  Logic Levels:           6  (LUT3=2 LUT4=2 LUT5=2)
  Clock Path Skew:        -0.299ns (DCD - SCD + CPR)
    Destination Clock Delay (DCD):    2.677ns = ( 12.677 - 10.000 ) 
    Source Clock Delay      (SCD):    2.976ns
    Clock Pessimism Removal (CPR):    0.000ns
  Clock Uncertainty:      0.619ns  ((TSJ^2 + TIJ^2)^1/2 + DJ) / 2 + PE
    Total System Jitter     (TSJ):    0.071ns
    Total Input Jitter      (TIJ):    1.237ns
    Discrete Jitter          (DJ):    0.000ns
    Phase Error              (PE):    0.000ns
  Clock Domain Crossing:  Inter clock paths are considered valid unless explicitly excluded by timing constraints such as set_clock_groups or set_false_path.

    Location             Delay type                Incr(ns)  Path(ns)    Netlist Resource(s)
  -------------------------------------------------------------------    -------------------
                         (clock clk_fpga_1 rise edge)
                                                      0.000     0.000 r  
    PS7_X0Y0             PS7                          0.000     0.000 r  Soc_Tracking_i/processing_system7_0/inst/PS7_i/FCLKCLK[1]
                         net (fo=1, routed)           1.207     1.207    Soc_Tracking_i/processing_system7_0/inst/FCLK_CLK_unbuffered[1]
    BUFGCTRL_X0Y3        BUFG (Prop_bufg_I_O)         0.101     1.308 r  Soc_Tracking_i/processing_system7_0/inst/buffer_fclk_clk_1.FCLK_CLK_1_BUFG/O
                         net (fo=37, routed)          1.668     2.976    Soc_Tracking_i/VGA_controller_0/U0/clk_VGA
    SLICE_X26Y35         FDCE                                         r  Soc_Tracking_i/VGA_controller_0/U0/t_ready_reg/C
  -------------------------------------------------------------------    -------------------
    SLICE_X26Y35         FDCE (Prop_fdce_C_Q)         0.456     3.432 r  Soc_Tracking_i/VGA_controller_0/U0/t_ready_reg/Q
                         net (fo=3, routed)           1.366     4.798    Soc_Tracking_i/AXI4S_Overlay_AXI4L_0/U0/m00_axis_tready
    SLICE_X24Y36         LUT3 (Prop_lut3_I2_O)        0.124     4.922 r  Soc_Tracking_i/AXI4S_Overlay_AXI4L_0/U0/transmit_ok0/O
                         net (fo=18, routed)          0.788     5.710    Soc_Tracking_i/AXI4S_zero_padding_0/U0/m00_axis_tready
    SLICE_X24Y37         LUT3 (Prop_lut3_I2_O)        0.124     5.834 r  Soc_Tracking_i/AXI4S_zero_padding_0/U0/s00_axis_tready_INST_0/O
                         net (fo=4, routed)           0.628     6.462    Soc_Tracking_i/AXI4S_Filter_Harris/U0/m00_axis_tready
    SLICE_X24Y37         LUT4 (Prop_lut4_I1_O)        0.116     6.578 r  Soc_Tracking_i/AXI4S_Filter_Harris/U0/s00_axis_tready_INST_0/O
                         net (fo=1, routed)           1.035     7.612    Soc_Tracking_i/AXI4S_fifo_buf_sw_H/U0/m00_axis_tready
    SLICE_X32Y32         LUT5 (Prop_lut5_I0_O)        0.321     7.933 r  Soc_Tracking_i/AXI4S_fifo_buf_sw_H/U0/m_tlast_i_3/O
                         net (fo=3, routed)           0.386     8.319    Soc_Tracking_i/AXI4S_fifo_buf_sw_H/U0/m_handshake
    SLICE_X32Y31         LUT5 (Prop_lut5_I4_O)        0.331     8.650 r  Soc_Tracking_i/AXI4S_fifo_buf_sw_H/U0/g_fifo_638.fifo_3_i_2/O
                         net (fo=23, routed)          0.646     9.296    Soc_Tracking_i/AXI4S_fifo_buf_sw_H/U0/read_enable_3
    SLICE_X33Y28         LUT4 (Prop_lut4_I0_O)        0.124     9.420 r  Soc_Tracking_i/AXI4S_fifo_buf_sw_H/U0/v_cntr[8]_i_1/O
                         net (fo=9, routed)           0.647    10.067    Soc_Tracking_i/AXI4S_fifo_buf_sw_H/U0/v_cntr[8]_i_1_n_0
    SLICE_X34Y26         FDRE                                         r  Soc_Tracking_i/AXI4S_fifo_buf_sw_H/U0/v_cntr_reg[6]/R
  -------------------------------------------------------------------    -------------------

                         (clock clk_fpga_0 rise edge)
                                                     10.000    10.000 r  
    PS7_X0Y0             PS7                          0.000    10.000 r  Soc_Tracking_i/processing_system7_0/inst/PS7_i/FCLKCLK[0]
                         net (fo=1, routed)           1.101    11.101    Soc_Tracking_i/processing_system7_0/inst/FCLK_CLK_unbuffered[0]
    BUFGCTRL_X0Y0        BUFG (Prop_bufg_I_O)         0.091    11.192 r  Soc_Tracking_i/processing_system7_0/inst/buffer_fclk_clk_0.FCLK_CLK_0_BUFG/O
                         net (fo=5076, routed)        1.485    12.677    Soc_Tracking_i/AXI4S_fifo_buf_sw_H/U0/s00_axis_aclk
    SLICE_X34Y26         FDRE                                         r  Soc_Tracking_i/AXI4S_fifo_buf_sw_H/U0/v_cntr_reg[6]/C
                         clock pessimism              0.000    12.677    
                         clock uncertainty           -0.619    12.058    
    SLICE_X34Y26         FDRE (Setup_fdre_C_R)       -0.524    11.534    Soc_Tracking_i/AXI4S_fifo_buf_sw_H/U0/v_cntr_reg[6]
  -------------------------------------------------------------------
                         required time                         11.534    
                         arrival time                         -10.067    
  -------------------------------------------------------------------
                         slack                                  1.467    

Slack (MET) :             1.467ns  (required time - arrival time)
  Source:                 Soc_Tracking_i/VGA_controller_0/U0/t_ready_reg/C
                            (rising edge-triggered cell FDCE clocked by clk_fpga_1  {rise@0.000ns fall@20.000ns period=40.000ns})
  Destination:            Soc_Tracking_i/AXI4S_fifo_buf_sw_H/U0/v_cntr_reg[7]/R
                            (rising edge-triggered cell FDRE clocked by clk_fpga_0  {rise@0.000ns fall@5.000ns period=10.000ns})
  Path Group:             clk_fpga_0
  Path Type:              Setup (Max at Slow Process Corner)
  Requirement:            10.000ns  (clk_fpga_0 rise@10.000ns - clk_fpga_1 rise@0.000ns)
  Data Path Delay:        7.091ns  (logic 1.596ns (22.506%)  route 5.495ns (77.494%))
  Logic Levels:           6  (LUT3=2 LUT4=2 LUT5=2)
  Clock Path Skew:        -0.299ns (DCD - SCD + CPR)
    Destination Clock Delay (DCD):    2.677ns = ( 12.677 - 10.000 ) 
    Source Clock Delay      (SCD):    2.976ns
    Clock Pessimism Removal (CPR):    0.000ns
  Clock Uncertainty:      0.619ns  ((TSJ^2 + TIJ^2)^1/2 + DJ) / 2 + PE
    Total System Jitter     (TSJ):    0.071ns
    Total Input Jitter      (TIJ):    1.237ns
    Discrete Jitter          (DJ):    0.000ns
    Phase Error              (PE):    0.000ns
  Clock Domain Crossing:  Inter clock paths are considered valid unless explicitly excluded by timing constraints such as set_clock_groups or set_false_path.

    Location             Delay type                Incr(ns)  Path(ns)    Netlist Resource(s)
  -------------------------------------------------------------------    -------------------
                         (clock clk_fpga_1 rise edge)
                                                      0.000     0.000 r  
    PS7_X0Y0             PS7                          0.000     0.000 r  Soc_Tracking_i/processing_system7_0/inst/PS7_i/FCLKCLK[1]
                         net (fo=1, routed)           1.207     1.207    Soc_Tracking_i/processing_system7_0/inst/FCLK_CLK_unbuffered[1]
    BUFGCTRL_X0Y3        BUFG (Prop_bufg_I_O)         0.101     1.308 r  Soc_Tracking_i/processing_system7_0/inst/buffer_fclk_clk_1.FCLK_CLK_1_BUFG/O
                         net (fo=37, routed)          1.668     2.976    Soc_Tracking_i/VGA_controller_0/U0/clk_VGA
    SLICE_X26Y35         FDCE                                         r  Soc_Tracking_i/VGA_controller_0/U0/t_ready_reg/C
  -------------------------------------------------------------------    -------------------
    SLICE_X26Y35         FDCE (Prop_fdce_C_Q)         0.456     3.432 r  Soc_Tracking_i/VGA_controller_0/U0/t_ready_reg/Q
                         net (fo=3, routed)           1.366     4.798    Soc_Tracking_i/AXI4S_Overlay_AXI4L_0/U0/m00_axis_tready
    SLICE_X24Y36         LUT3 (Prop_lut3_I2_O)        0.124     4.922 r  Soc_Tracking_i/AXI4S_Overlay_AXI4L_0/U0/transmit_ok0/O
                         net (fo=18, routed)          0.788     5.710    Soc_Tracking_i/AXI4S_zero_padding_0/U0/m00_axis_tready
    SLICE_X24Y37         LUT3 (Prop_lut3_I2_O)        0.124     5.834 r  Soc_Tracking_i/AXI4S_zero_padding_0/U0/s00_axis_tready_INST_0/O
                         net (fo=4, routed)           0.628     6.462    Soc_Tracking_i/AXI4S_Filter_Harris/U0/m00_axis_tready
    SLICE_X24Y37         LUT4 (Prop_lut4_I1_O)        0.116     6.578 r  Soc_Tracking_i/AXI4S_Filter_Harris/U0/s00_axis_tready_INST_0/O
                         net (fo=1, routed)           1.035     7.612    Soc_Tracking_i/AXI4S_fifo_buf_sw_H/U0/m00_axis_tready
    SLICE_X32Y32         LUT5 (Prop_lut5_I0_O)        0.321     7.933 r  Soc_Tracking_i/AXI4S_fifo_buf_sw_H/U0/m_tlast_i_3/O
                         net (fo=3, routed)           0.386     8.319    Soc_Tracking_i/AXI4S_fifo_buf_sw_H/U0/m_handshake
    SLICE_X32Y31         LUT5 (Prop_lut5_I4_O)        0.331     8.650 r  Soc_Tracking_i/AXI4S_fifo_buf_sw_H/U0/g_fifo_638.fifo_3_i_2/O
                         net (fo=23, routed)          0.646     9.296    Soc_Tracking_i/AXI4S_fifo_buf_sw_H/U0/read_enable_3
    SLICE_X33Y28         LUT4 (Prop_lut4_I0_O)        0.124     9.420 r  Soc_Tracking_i/AXI4S_fifo_buf_sw_H/U0/v_cntr[8]_i_1/O
                         net (fo=9, routed)           0.647    10.067    Soc_Tracking_i/AXI4S_fifo_buf_sw_H/U0/v_cntr[8]_i_1_n_0
    SLICE_X34Y26         FDRE                                         r  Soc_Tracking_i/AXI4S_fifo_buf_sw_H/U0/v_cntr_reg[7]/R
  -------------------------------------------------------------------    -------------------

                         (clock clk_fpga_0 rise edge)
                                                     10.000    10.000 r  
    PS7_X0Y0             PS7                          0.000    10.000 r  Soc_Tracking_i/processing_system7_0/inst/PS7_i/FCLKCLK[0]
                         net (fo=1, routed)           1.101    11.101    Soc_Tracking_i/processing_system7_0/inst/FCLK_CLK_unbuffered[0]
    BUFGCTRL_X0Y0        BUFG (Prop_bufg_I_O)         0.091    11.192 r  Soc_Tracking_i/processing_system7_0/inst/buffer_fclk_clk_0.FCLK_CLK_0_BUFG/O
                         net (fo=5076, routed)        1.485    12.677    Soc_Tracking_i/AXI4S_fifo_buf_sw_H/U0/s00_axis_aclk
    SLICE_X34Y26         FDRE                                         r  Soc_Tracking_i/AXI4S_fifo_buf_sw_H/U0/v_cntr_reg[7]/C
                         clock pessimism              0.000    12.677    
                         clock uncertainty           -0.619    12.058    
    SLICE_X34Y26         FDRE (Setup_fdre_C_R)       -0.524    11.534    Soc_Tracking_i/AXI4S_fifo_buf_sw_H/U0/v_cntr_reg[7]
  -------------------------------------------------------------------
                         required time                         11.534    
                         arrival time                         -10.067    
  -------------------------------------------------------------------
                         slack                                  1.467    

Slack (MET) :             1.467ns  (required time - arrival time)
  Source:                 Soc_Tracking_i/VGA_controller_0/U0/t_ready_reg/C
                            (rising edge-triggered cell FDCE clocked by clk_fpga_1  {rise@0.000ns fall@20.000ns period=40.000ns})
  Destination:            Soc_Tracking_i/AXI4S_fifo_buf_sw_H/U0/v_cntr_reg[8]/R
                            (rising edge-triggered cell FDRE clocked by clk_fpga_0  {rise@0.000ns fall@5.000ns period=10.000ns})
  Path Group:             clk_fpga_0
  Path Type:              Setup (Max at Slow Process Corner)
  Requirement:            10.000ns  (clk_fpga_0 rise@10.000ns - clk_fpga_1 rise@0.000ns)
  Data Path Delay:        7.091ns  (logic 1.596ns (22.506%)  route 5.495ns (77.494%))
  Logic Levels:           6  (LUT3=2 LUT4=2 LUT5=2)
  Clock Path Skew:        -0.299ns (DCD - SCD + CPR)
    Destination Clock Delay (DCD):    2.677ns = ( 12.677 - 10.000 ) 
    Source Clock Delay      (SCD):    2.976ns
    Clock Pessimism Removal (CPR):    0.000ns
  Clock Uncertainty:      0.619ns  ((TSJ^2 + TIJ^2)^1/2 + DJ) / 2 + PE
    Total System Jitter     (TSJ):    0.071ns
    Total Input Jitter      (TIJ):    1.237ns
    Discrete Jitter          (DJ):    0.000ns
    Phase Error              (PE):    0.000ns
  Clock Domain Crossing:  Inter clock paths are considered valid unless explicitly excluded by timing constraints such as set_clock_groups or set_false_path.

    Location             Delay type                Incr(ns)  Path(ns)    Netlist Resource(s)
  -------------------------------------------------------------------    -------------------
                         (clock clk_fpga_1 rise edge)
                                                      0.000     0.000 r  
    PS7_X0Y0             PS7                          0.000     0.000 r  Soc_Tracking_i/processing_system7_0/inst/PS7_i/FCLKCLK[1]
                         net (fo=1, routed)           1.207     1.207    Soc_Tracking_i/processing_system7_0/inst/FCLK_CLK_unbuffered[1]
    BUFGCTRL_X0Y3        BUFG (Prop_bufg_I_O)         0.101     1.308 r  Soc_Tracking_i/processing_system7_0/inst/buffer_fclk_clk_1.FCLK_CLK_1_BUFG/O
                         net (fo=37, routed)          1.668     2.976    Soc_Tracking_i/VGA_controller_0/U0/clk_VGA
    SLICE_X26Y35         FDCE                                         r  Soc_Tracking_i/VGA_controller_0/U0/t_ready_reg/C
  -------------------------------------------------------------------    -------------------
    SLICE_X26Y35         FDCE (Prop_fdce_C_Q)         0.456     3.432 r  Soc_Tracking_i/VGA_controller_0/U0/t_ready_reg/Q
                         net (fo=3, routed)           1.366     4.798    Soc_Tracking_i/AXI4S_Overlay_AXI4L_0/U0/m00_axis_tready
    SLICE_X24Y36         LUT3 (Prop_lut3_I2_O)        0.124     4.922 r  Soc_Tracking_i/AXI4S_Overlay_AXI4L_0/U0/transmit_ok0/O
                         net (fo=18, routed)          0.788     5.710    Soc_Tracking_i/AXI4S_zero_padding_0/U0/m00_axis_tready
    SLICE_X24Y37         LUT3 (Prop_lut3_I2_O)        0.124     5.834 r  Soc_Tracking_i/AXI4S_zero_padding_0/U0/s00_axis_tready_INST_0/O
                         net (fo=4, routed)           0.628     6.462    Soc_Tracking_i/AXI4S_Filter_Harris/U0/m00_axis_tready
    SLICE_X24Y37         LUT4 (Prop_lut4_I1_O)        0.116     6.578 r  Soc_Tracking_i/AXI4S_Filter_Harris/U0/s00_axis_tready_INST_0/O
                         net (fo=1, routed)           1.035     7.612    Soc_Tracking_i/AXI4S_fifo_buf_sw_H/U0/m00_axis_tready
    SLICE_X32Y32         LUT5 (Prop_lut5_I0_O)        0.321     7.933 r  Soc_Tracking_i/AXI4S_fifo_buf_sw_H/U0/m_tlast_i_3/O
                         net (fo=3, routed)           0.386     8.319    Soc_Tracking_i/AXI4S_fifo_buf_sw_H/U0/m_handshake
    SLICE_X32Y31         LUT5 (Prop_lut5_I4_O)        0.331     8.650 r  Soc_Tracking_i/AXI4S_fifo_buf_sw_H/U0/g_fifo_638.fifo_3_i_2/O
                         net (fo=23, routed)          0.646     9.296    Soc_Tracking_i/AXI4S_fifo_buf_sw_H/U0/read_enable_3
    SLICE_X33Y28         LUT4 (Prop_lut4_I0_O)        0.124     9.420 r  Soc_Tracking_i/AXI4S_fifo_buf_sw_H/U0/v_cntr[8]_i_1/O
                         net (fo=9, routed)           0.647    10.067    Soc_Tracking_i/AXI4S_fifo_buf_sw_H/U0/v_cntr[8]_i_1_n_0
    SLICE_X34Y26         FDRE                                         r  Soc_Tracking_i/AXI4S_fifo_buf_sw_H/U0/v_cntr_reg[8]/R
  -------------------------------------------------------------------    -------------------

                         (clock clk_fpga_0 rise edge)
                                                     10.000    10.000 r  
    PS7_X0Y0             PS7                          0.000    10.000 r  Soc_Tracking_i/processing_system7_0/inst/PS7_i/FCLKCLK[0]
                         net (fo=1, routed)           1.101    11.101    Soc_Tracking_i/processing_system7_0/inst/FCLK_CLK_unbuffered[0]
    BUFGCTRL_X0Y0        BUFG (Prop_bufg_I_O)         0.091    11.192 r  Soc_Tracking_i/processing_system7_0/inst/buffer_fclk_clk_0.FCLK_CLK_0_BUFG/O
                         net (fo=5076, routed)        1.485    12.677    Soc_Tracking_i/AXI4S_fifo_buf_sw_H/U0/s00_axis_aclk
    SLICE_X34Y26         FDRE                                         r  Soc_Tracking_i/AXI4S_fifo_buf_sw_H/U0/v_cntr_reg[8]/C
                         clock pessimism              0.000    12.677    
                         clock uncertainty           -0.619    12.058    
    SLICE_X34Y26         FDRE (Setup_fdre_C_R)       -0.524    11.534    Soc_Tracking_i/AXI4S_fifo_buf_sw_H/U0/v_cntr_reg[8]
  -------------------------------------------------------------------
                         required time                         11.534    
                         arrival time                         -10.067    
  -------------------------------------------------------------------
                         slack                                  1.467    

Slack (MET) :             1.541ns  (required time - arrival time)
  Source:                 Soc_Tracking_i/VGA_controller_0/U0/t_ready_reg/C
                            (rising edge-triggered cell FDCE clocked by clk_fpga_1  {rise@0.000ns fall@20.000ns period=40.000ns})
  Destination:            Soc_Tracking_i/AXI4S_fifo_buf_sw_H/U0/h_cntr_reg[3]/R
                            (rising edge-triggered cell FDRE clocked by clk_fpga_0  {rise@0.000ns fall@5.000ns period=10.000ns})
  Path Group:             clk_fpga_0
  Path Type:              Setup (Max at Slow Process Corner)
  Requirement:            10.000ns  (clk_fpga_0 rise@10.000ns - clk_fpga_1 rise@0.000ns)
  Data Path Delay:        7.119ns  (logic 1.596ns (22.420%)  route 5.523ns (77.580%))
  Logic Levels:           6  (LUT3=3 LUT4=1 LUT5=2)
  Clock Path Skew:        -0.291ns (DCD - SCD + CPR)
    Destination Clock Delay (DCD):    2.684ns = ( 12.684 - 10.000 ) 
    Source Clock Delay      (SCD):    2.976ns
    Clock Pessimism Removal (CPR):    0.000ns
  Clock Uncertainty:      0.619ns  ((TSJ^2 + TIJ^2)^1/2 + DJ) / 2 + PE
    Total System Jitter     (TSJ):    0.071ns
    Total Input Jitter      (TIJ):    1.237ns
    Discrete Jitter          (DJ):    0.000ns
    Phase Error              (PE):    0.000ns
  Clock Domain Crossing:  Inter clock paths are considered valid unless explicitly excluded by timing constraints such as set_clock_groups or set_false_path.

    Location             Delay type                Incr(ns)  Path(ns)    Netlist Resource(s)
  -------------------------------------------------------------------    -------------------
                         (clock clk_fpga_1 rise edge)
                                                      0.000     0.000 r  
    PS7_X0Y0             PS7                          0.000     0.000 r  Soc_Tracking_i/processing_system7_0/inst/PS7_i/FCLKCLK[1]
                         net (fo=1, routed)           1.207     1.207    Soc_Tracking_i/processing_system7_0/inst/FCLK_CLK_unbuffered[1]
    BUFGCTRL_X0Y3        BUFG (Prop_bufg_I_O)         0.101     1.308 r  Soc_Tracking_i/processing_system7_0/inst/buffer_fclk_clk_1.FCLK_CLK_1_BUFG/O
                         net (fo=37, routed)          1.668     2.976    Soc_Tracking_i/VGA_controller_0/U0/clk_VGA
    SLICE_X26Y35         FDCE                                         r  Soc_Tracking_i/VGA_controller_0/U0/t_ready_reg/C
  -------------------------------------------------------------------    -------------------
    SLICE_X26Y35         FDCE (Prop_fdce_C_Q)         0.456     3.432 r  Soc_Tracking_i/VGA_controller_0/U0/t_ready_reg/Q
                         net (fo=3, routed)           1.366     4.798    Soc_Tracking_i/AXI4S_Overlay_AXI4L_0/U0/m00_axis_tready
    SLICE_X24Y36         LUT3 (Prop_lut3_I2_O)        0.124     4.922 r  Soc_Tracking_i/AXI4S_Overlay_AXI4L_0/U0/transmit_ok0/O
                         net (fo=18, routed)          0.788     5.710    Soc_Tracking_i/AXI4S_zero_padding_0/U0/m00_axis_tready
    SLICE_X24Y37         LUT3 (Prop_lut3_I2_O)        0.124     5.834 r  Soc_Tracking_i/AXI4S_zero_padding_0/U0/s00_axis_tready_INST_0/O
                         net (fo=4, routed)           0.628     6.462    Soc_Tracking_i/AXI4S_Filter_Harris/U0/m00_axis_tready
    SLICE_X24Y37         LUT4 (Prop_lut4_I1_O)        0.116     6.578 r  Soc_Tracking_i/AXI4S_Filter_Harris/U0/s00_axis_tready_INST_0/O
                         net (fo=1, routed)           1.035     7.612    Soc_Tracking_i/AXI4S_fifo_buf_sw_H/U0/m00_axis_tready
    SLICE_X32Y32         LUT5 (Prop_lut5_I0_O)        0.321     7.933 r  Soc_Tracking_i/AXI4S_fifo_buf_sw_H/U0/m_tlast_i_3/O
                         net (fo=3, routed)           0.386     8.319    Soc_Tracking_i/AXI4S_fifo_buf_sw_H/U0/m_handshake
    SLICE_X32Y31         LUT5 (Prop_lut5_I4_O)        0.331     8.650 r  Soc_Tracking_i/AXI4S_fifo_buf_sw_H/U0/g_fifo_638.fifo_3_i_2/O
                         net (fo=23, routed)          0.662     9.312    Soc_Tracking_i/AXI4S_fifo_buf_sw_H/U0/read_enable_3
    SLICE_X34Y29         LUT3 (Prop_lut3_I1_O)        0.124     9.436 r  Soc_Tracking_i/AXI4S_fifo_buf_sw_H/U0/h_cntr[9]_i_1/O
                         net (fo=10, routed)          0.659    10.095    Soc_Tracking_i/AXI4S_fifo_buf_sw_H/U0/h_cntr[9]_i_1_n_0
    SLICE_X33Y32         FDRE                                         r  Soc_Tracking_i/AXI4S_fifo_buf_sw_H/U0/h_cntr_reg[3]/R
  -------------------------------------------------------------------    -------------------

                         (clock clk_fpga_0 rise edge)
                                                     10.000    10.000 r  
    PS7_X0Y0             PS7                          0.000    10.000 r  Soc_Tracking_i/processing_system7_0/inst/PS7_i/FCLKCLK[0]
                         net (fo=1, routed)           1.101    11.101    Soc_Tracking_i/processing_system7_0/inst/FCLK_CLK_unbuffered[0]
    BUFGCTRL_X0Y0        BUFG (Prop_bufg_I_O)         0.091    11.192 r  Soc_Tracking_i/processing_system7_0/inst/buffer_fclk_clk_0.FCLK_CLK_0_BUFG/O
                         net (fo=5076, routed)        1.492    12.684    Soc_Tracking_i/AXI4S_fifo_buf_sw_H/U0/s00_axis_aclk
    SLICE_X33Y32         FDRE                                         r  Soc_Tracking_i/AXI4S_fifo_buf_sw_H/U0/h_cntr_reg[3]/C
                         clock pessimism              0.000    12.684    
                         clock uncertainty           -0.619    12.065    
    SLICE_X33Y32         FDRE (Setup_fdre_C_R)       -0.429    11.636    Soc_Tracking_i/AXI4S_fifo_buf_sw_H/U0/h_cntr_reg[3]
  -------------------------------------------------------------------
                         required time                         11.636    
                         arrival time                         -10.095    
  -------------------------------------------------------------------
                         slack                                  1.541    





Min Delay Paths
--------------------------------------------------------------------------------------
Slack (MET) :             0.221ns  (arrival time - required time)
  Source:                 Soc_Tracking_i/VGA_controller_0/U0/t_ready_reg/C
                            (rising edge-triggered cell FDCE clocked by clk_fpga_1  {rise@0.000ns fall@20.000ns period=40.000ns})
  Destination:            Soc_Tracking_i/VGA_controller_0/U0/start_vga_reg/D
                            (rising edge-triggered cell FDRE clocked by clk_fpga_0  {rise@0.000ns fall@5.000ns period=10.000ns})
  Path Group:             clk_fpga_0
  Path Type:              Hold (Min at Fast Process Corner)
  Requirement:            0.000ns  (clk_fpga_0 rise@0.000ns - clk_fpga_1 rise@0.000ns)
  Data Path Delay:        1.229ns  (logic 0.307ns (24.987%)  route 0.922ns (75.013%))
  Logic Levels:           2  (LUT2=1 LUT6=1)
  Clock Path Skew:        0.296ns (DCD - SCD - CPR)
    Destination Clock Delay (DCD):    1.196ns
    Source Clock Delay      (SCD):    0.900ns
    Clock Pessimism Removal (CPR):    -0.000ns
  Clock Uncertainty:      0.619ns  ((TSJ^2 + TIJ^2)^1/2 + DJ) / 2 + PE
    Total System Jitter     (TSJ):    0.071ns
    Total Input Jitter      (TIJ):    1.237ns
    Discrete Jitter          (DJ):    0.000ns
    Phase Error              (PE):    0.000ns
  Clock Domain Crossing:  Inter clock paths are considered valid unless explicitly excluded by timing constraints such as set_clock_groups or set_false_path.

    Location             Delay type                Incr(ns)  Path(ns)    Netlist Resource(s)
  -------------------------------------------------------------------    -------------------
                         (clock clk_fpga_1 rise edge)
                                                      0.000     0.000 r  
    PS7_X0Y0             PS7                          0.000     0.000 r  Soc_Tracking_i/processing_system7_0/inst/PS7_i/FCLKCLK[1]
                         net (fo=1, routed)           0.315     0.315    Soc_Tracking_i/processing_system7_0/inst/FCLK_CLK_unbuffered[1]
    BUFGCTRL_X0Y3        BUFG (Prop_bufg_I_O)         0.026     0.341 r  Soc_Tracking_i/processing_system7_0/inst/buffer_fclk_clk_1.FCLK_CLK_1_BUFG/O
                         net (fo=37, routed)          0.559     0.900    Soc_Tracking_i/VGA_controller_0/U0/clk_VGA
    SLICE_X26Y35         FDCE                                         r  Soc_Tracking_i/VGA_controller_0/U0/t_ready_reg/C
  -------------------------------------------------------------------    -------------------
    SLICE_X26Y35         FDCE (Prop_fdce_C_Q)         0.141     1.041 r  Soc_Tracking_i/VGA_controller_0/U0/t_ready_reg/Q
                         net (fo=3, routed)           0.528     1.569    Soc_Tracking_i/VGA_controller_0/U0/S_AXIS_TREADY
    SLICE_X24Y36         LUT2 (Prop_lut2_I1_O)        0.047     1.616 r  Soc_Tracking_i/VGA_controller_0/U0/vga_red[3]_i_2/O
                         net (fo=15, routed)          0.393     2.009    Soc_Tracking_i/VGA_controller_0/U0/vga_red0
    SLICE_X26Y36         LUT6 (Prop_lut6_I1_O)        0.119     2.128 r  Soc_Tracking_i/VGA_controller_0/U0/start_vga_i_1/O
                         net (fo=1, routed)           0.000     2.128    Soc_Tracking_i/VGA_controller_0/U0/start_vga_i_1_n_0
    SLICE_X26Y36         FDRE                                         r  Soc_Tracking_i/VGA_controller_0/U0/start_vga_reg/D
  -------------------------------------------------------------------    -------------------

                         (clock clk_fpga_0 rise edge)
                                                      0.000     0.000 r  
    PS7_X0Y0             PS7                          0.000     0.000 r  Soc_Tracking_i/processing_system7_0/inst/PS7_i/FCLKCLK[0]
                         net (fo=1, routed)           0.341     0.341    Soc_Tracking_i/processing_system7_0/inst/FCLK_CLK_unbuffered[0]
    BUFGCTRL_X0Y0        BUFG (Prop_bufg_I_O)         0.029     0.370 r  Soc_Tracking_i/processing_system7_0/inst/buffer_fclk_clk_0.FCLK_CLK_0_BUFG/O
                         net (fo=5076, routed)        0.826     1.196    Soc_Tracking_i/VGA_controller_0/U0/S_AXIS_ACLK
    SLICE_X26Y36         FDRE                                         r  Soc_Tracking_i/VGA_controller_0/U0/start_vga_reg/C
                         clock pessimism              0.000     1.196    
                         clock uncertainty            0.619     1.815    
    SLICE_X26Y36         FDRE (Hold_fdre_C_D)         0.092     1.907    Soc_Tracking_i/VGA_controller_0/U0/start_vga_reg
  -------------------------------------------------------------------
                         required time                         -1.907    
                         arrival time                           2.128    
  -------------------------------------------------------------------
                         slack                                  0.221    

Slack (MET) :             0.246ns  (arrival time - required time)
  Source:                 Soc_Tracking_i/VGA_controller_0/U0/h_cntr_reg_reg[7]/C
                            (rising edge-triggered cell FDRE clocked by clk_fpga_1  {rise@0.000ns fall@20.000ns period=40.000ns})
  Destination:            Soc_Tracking_i/VGA_controller_0/U0/reset_ready_reg/D
                            (rising edge-triggered cell FDRE clocked by clk_fpga_0  {rise@0.000ns fall@5.000ns period=10.000ns})
  Path Group:             clk_fpga_0
  Path Type:              Hold (Min at Fast Process Corner)
  Requirement:            0.000ns  (clk_fpga_0 rise@0.000ns - clk_fpga_1 rise@0.000ns)
  Data Path Delay:        1.253ns  (logic 0.254ns (20.275%)  route 0.999ns (79.725%))
  Logic Levels:           2  (LUT6=2)
  Clock Path Skew:        0.296ns (DCD - SCD - CPR)
    Destination Clock Delay (DCD):    1.196ns
    Source Clock Delay      (SCD):    0.900ns
    Clock Pessimism Removal (CPR):    -0.000ns
  Clock Uncertainty:      0.619ns  ((TSJ^2 + TIJ^2)^1/2 + DJ) / 2 + PE
    Total System Jitter     (TSJ):    0.071ns
    Total Input Jitter      (TIJ):    1.237ns
    Discrete Jitter          (DJ):    0.000ns
    Phase Error              (PE):    0.000ns
  Clock Domain Crossing:  Inter clock paths are considered valid unless explicitly excluded by timing constraints such as set_clock_groups or set_false_path.

    Location             Delay type                Incr(ns)  Path(ns)    Netlist Resource(s)
  -------------------------------------------------------------------    -------------------
                         (clock clk_fpga_1 rise edge)
                                                      0.000     0.000 r  
    PS7_X0Y0             PS7                          0.000     0.000 r  Soc_Tracking_i/processing_system7_0/inst/PS7_i/FCLKCLK[1]
                         net (fo=1, routed)           0.315     0.315    Soc_Tracking_i/processing_system7_0/inst/FCLK_CLK_unbuffered[1]
    BUFGCTRL_X0Y3        BUFG (Prop_bufg_I_O)         0.026     0.341 r  Soc_Tracking_i/processing_system7_0/inst/buffer_fclk_clk_1.FCLK_CLK_1_BUFG/O
                         net (fo=37, routed)          0.559     0.900    Soc_Tracking_i/VGA_controller_0/U0/clk_VGA
    SLICE_X28Y35         FDRE                                         r  Soc_Tracking_i/VGA_controller_0/U0/h_cntr_reg_reg[7]/C
  -------------------------------------------------------------------    -------------------
    SLICE_X28Y35         FDRE (Prop_fdre_C_Q)         0.164     1.064 r  Soc_Tracking_i/VGA_controller_0/U0/h_cntr_reg_reg[7]/Q
                         net (fo=10, routed)          0.591     1.654    Soc_Tracking_i/VGA_controller_0/U0/h_cntr_reg_reg[7]
    SLICE_X26Y35         LUT6 (Prop_lut6_I0_O)        0.045     1.699 r  Soc_Tracking_i/VGA_controller_0/U0/reset_ready_i_3/O
                         net (fo=1, routed)           0.408     2.107    Soc_Tracking_i/VGA_controller_0/U0/reset_ready_i_3_n_0
    SLICE_X26Y36         LUT6 (Prop_lut6_I2_O)        0.045     2.152 r  Soc_Tracking_i/VGA_controller_0/U0/reset_ready_i_1/O
                         net (fo=1, routed)           0.000     2.152    Soc_Tracking_i/VGA_controller_0/U0/reset_ready_i_1_n_0
    SLICE_X26Y36         FDRE                                         r  Soc_Tracking_i/VGA_controller_0/U0/reset_ready_reg/D
  -------------------------------------------------------------------    -------------------

                         (clock clk_fpga_0 rise edge)
                                                      0.000     0.000 r  
    PS7_X0Y0             PS7                          0.000     0.000 r  Soc_Tracking_i/processing_system7_0/inst/PS7_i/FCLKCLK[0]
                         net (fo=1, routed)           0.341     0.341    Soc_Tracking_i/processing_system7_0/inst/FCLK_CLK_unbuffered[0]
    BUFGCTRL_X0Y0        BUFG (Prop_bufg_I_O)         0.029     0.370 r  Soc_Tracking_i/processing_system7_0/inst/buffer_fclk_clk_0.FCLK_CLK_0_BUFG/O
                         net (fo=5076, routed)        0.826     1.196    Soc_Tracking_i/VGA_controller_0/U0/S_AXIS_ACLK
    SLICE_X26Y36         FDRE                                         r  Soc_Tracking_i/VGA_controller_0/U0/reset_ready_reg/C
                         clock pessimism              0.000     1.196    
                         clock uncertainty            0.619     1.815    
    SLICE_X26Y36         FDRE (Hold_fdre_C_D)         0.091     1.906    Soc_Tracking_i/VGA_controller_0/U0/reset_ready_reg
  -------------------------------------------------------------------
                         required time                         -1.906    
                         arrival time                           2.152    
  -------------------------------------------------------------------
                         slack                                  0.246    

Slack (MET) :             0.310ns  (arrival time - required time)
  Source:                 Soc_Tracking_i/VGA_controller_0/U0/t_ready_reg/C
                            (rising edge-triggered cell FDCE clocked by clk_fpga_1  {rise@0.000ns fall@20.000ns period=40.000ns})
  Destination:            Soc_Tracking_i/AXI4S_Filter_Harris/U0/delay1_s_handshake_reg/D
                            (rising edge-triggered cell FDRE clocked by clk_fpga_0  {rise@0.000ns fall@5.000ns period=10.000ns})
  Path Group:             clk_fpga_0
  Path Type:              Hold (Min at Fast Process Corner)
  Requirement:            0.000ns  (clk_fpga_0 rise@0.000ns - clk_fpga_1 rise@0.000ns)
  Data Path Delay:        1.344ns  (logic 0.276ns (20.541%)  route 1.068ns (79.459%))
  Logic Levels:           3  (LUT3=2 LUT5=1)
  Clock Path Skew:        0.294ns (DCD - SCD - CPR)
    Destination Clock Delay (DCD):    1.194ns
    Source Clock Delay      (SCD):    0.900ns
    Clock Pessimism Removal (CPR):    -0.000ns
  Clock Uncertainty:      0.619ns  ((TSJ^2 + TIJ^2)^1/2 + DJ) / 2 + PE
    Total System Jitter     (TSJ):    0.071ns
    Total Input Jitter      (TIJ):    1.237ns
    Discrete Jitter          (DJ):    0.000ns
    Phase Error              (PE):    0.000ns
  Clock Domain Crossing:  Inter clock paths are considered valid unless explicitly excluded by timing constraints such as set_clock_groups or set_false_path.

    Location             Delay type                Incr(ns)  Path(ns)    Netlist Resource(s)
  -------------------------------------------------------------------    -------------------
                         (clock clk_fpga_1 rise edge)
                                                      0.000     0.000 r  
    PS7_X0Y0             PS7                          0.000     0.000 r  Soc_Tracking_i/processing_system7_0/inst/PS7_i/FCLKCLK[1]
                         net (fo=1, routed)           0.315     0.315    Soc_Tracking_i/processing_system7_0/inst/FCLK_CLK_unbuffered[1]
    BUFGCTRL_X0Y3        BUFG (Prop_bufg_I_O)         0.026     0.341 r  Soc_Tracking_i/processing_system7_0/inst/buffer_fclk_clk_1.FCLK_CLK_1_BUFG/O
                         net (fo=37, routed)          0.559     0.900    Soc_Tracking_i/VGA_controller_0/U0/clk_VGA
    SLICE_X26Y35         FDCE                                         r  Soc_Tracking_i/VGA_controller_0/U0/t_ready_reg/C
  -------------------------------------------------------------------    -------------------
    SLICE_X26Y35         FDCE (Prop_fdce_C_Q)         0.141     1.041 r  Soc_Tracking_i/VGA_controller_0/U0/t_ready_reg/Q
                         net (fo=3, routed)           0.528     1.569    Soc_Tracking_i/AXI4S_Overlay_AXI4L_0/U0/m00_axis_tready
    SLICE_X24Y36         LUT3 (Prop_lut3_I2_O)        0.045     1.614 r  Soc_Tracking_i/AXI4S_Overlay_AXI4L_0/U0/transmit_ok0/O
                         net (fo=18, routed)          0.316     1.929    Soc_Tracking_i/AXI4S_zero_padding_0/U0/m00_axis_tready
    SLICE_X24Y37         LUT3 (Prop_lut3_I2_O)        0.045     1.974 r  Soc_Tracking_i/AXI4S_zero_padding_0/U0/s00_axis_tready_INST_0/O
                         net (fo=4, routed)           0.224     2.198    Soc_Tracking_i/AXI4S_Filter_Harris/U0/m00_axis_tready
    SLICE_X24Y37         LUT5 (Prop_lut5_I2_O)        0.045     2.243 r  Soc_Tracking_i/AXI4S_Filter_Harris/U0/delay1_s_handshake_i_1/O
                         net (fo=1, routed)           0.000     2.243    Soc_Tracking_i/AXI4S_Filter_Harris/U0/s_handshake
    SLICE_X24Y37         FDRE                                         r  Soc_Tracking_i/AXI4S_Filter_Harris/U0/delay1_s_handshake_reg/D
  -------------------------------------------------------------------    -------------------

                         (clock clk_fpga_0 rise edge)
                                                      0.000     0.000 r  
    PS7_X0Y0             PS7                          0.000     0.000 r  Soc_Tracking_i/processing_system7_0/inst/PS7_i/FCLKCLK[0]
                         net (fo=1, routed)           0.341     0.341    Soc_Tracking_i/processing_system7_0/inst/FCLK_CLK_unbuffered[0]
    BUFGCTRL_X0Y0        BUFG (Prop_bufg_I_O)         0.029     0.370 r  Soc_Tracking_i/processing_system7_0/inst/buffer_fclk_clk_0.FCLK_CLK_0_BUFG/O
                         net (fo=5076, routed)        0.824     1.194    Soc_Tracking_i/AXI4S_Filter_Harris/U0/s00_axis_aclk
    SLICE_X24Y37         FDRE                                         r  Soc_Tracking_i/AXI4S_Filter_Harris/U0/delay1_s_handshake_reg/C
                         clock pessimism              0.000     1.194    
                         clock uncertainty            0.619     1.813    
    SLICE_X24Y37         FDRE (Hold_fdre_C_D)         0.120     1.933    Soc_Tracking_i/AXI4S_Filter_Harris/U0/delay1_s_handshake_reg
  -------------------------------------------------------------------
                         required time                         -1.933    
                         arrival time                           2.243    
  -------------------------------------------------------------------
                         slack                                  0.310    

Slack (MET) :             0.313ns  (arrival time - required time)
  Source:                 Soc_Tracking_i/VGA_controller_0/U0/t_ready_reg/C
                            (rising edge-triggered cell FDCE clocked by clk_fpga_1  {rise@0.000ns fall@20.000ns period=40.000ns})
  Destination:            Soc_Tracking_i/AXI4S_Filter_Harris/U0/m_tvalid_reg/D
                            (rising edge-triggered cell FDRE clocked by clk_fpga_0  {rise@0.000ns fall@5.000ns period=10.000ns})
  Path Group:             clk_fpga_0
  Path Type:              Hold (Min at Fast Process Corner)
  Requirement:            0.000ns  (clk_fpga_0 rise@0.000ns - clk_fpga_1 rise@0.000ns)
  Data Path Delay:        1.348ns  (logic 0.276ns (20.480%)  route 1.072ns (79.520%))
  Logic Levels:           3  (LUT3=3)
  Clock Path Skew:        0.294ns (DCD - SCD - CPR)
    Destination Clock Delay (DCD):    1.194ns
    Source Clock Delay      (SCD):    0.900ns
    Clock Pessimism Removal (CPR):    -0.000ns
  Clock Uncertainty:      0.619ns  ((TSJ^2 + TIJ^2)^1/2 + DJ) / 2 + PE
    Total System Jitter     (TSJ):    0.071ns
    Total Input Jitter      (TIJ):    1.237ns
    Discrete Jitter          (DJ):    0.000ns
    Phase Error              (PE):    0.000ns
  Clock Domain Crossing:  Inter clock paths are considered valid unless explicitly excluded by timing constraints such as set_clock_groups or set_false_path.

    Location             Delay type                Incr(ns)  Path(ns)    Netlist Resource(s)
  -------------------------------------------------------------------    -------------------
                         (clock clk_fpga_1 rise edge)
                                                      0.000     0.000 r  
    PS7_X0Y0             PS7                          0.000     0.000 r  Soc_Tracking_i/processing_system7_0/inst/PS7_i/FCLKCLK[1]
                         net (fo=1, routed)           0.315     0.315    Soc_Tracking_i/processing_system7_0/inst/FCLK_CLK_unbuffered[1]
    BUFGCTRL_X0Y3        BUFG (Prop_bufg_I_O)         0.026     0.341 r  Soc_Tracking_i/processing_system7_0/inst/buffer_fclk_clk_1.FCLK_CLK_1_BUFG/O
                         net (fo=37, routed)          0.559     0.900    Soc_Tracking_i/VGA_controller_0/U0/clk_VGA
    SLICE_X26Y35         FDCE                                         r  Soc_Tracking_i/VGA_controller_0/U0/t_ready_reg/C
  -------------------------------------------------------------------    -------------------
    SLICE_X26Y35         FDCE (Prop_fdce_C_Q)         0.141     1.041 f  Soc_Tracking_i/VGA_controller_0/U0/t_ready_reg/Q
                         net (fo=3, routed)           0.528     1.569    Soc_Tracking_i/AXI4S_Overlay_AXI4L_0/U0/m00_axis_tready
    SLICE_X24Y36         LUT3 (Prop_lut3_I2_O)        0.045     1.614 f  Soc_Tracking_i/AXI4S_Overlay_AXI4L_0/U0/transmit_ok0/O
                         net (fo=18, routed)          0.316     1.929    Soc_Tracking_i/AXI4S_zero_padding_0/U0/m00_axis_tready
    SLICE_X24Y37         LUT3 (Prop_lut3_I2_O)        0.045     1.974 f  Soc_Tracking_i/AXI4S_zero_padding_0/U0/s00_axis_tready_INST_0/O
                         net (fo=4, routed)           0.228     2.202    Soc_Tracking_i/AXI4S_Filter_Harris/U0/m00_axis_tready
    SLICE_X24Y37         LUT3 (Prop_lut3_I1_O)        0.045     2.247 r  Soc_Tracking_i/AXI4S_Filter_Harris/U0/m_tvalid_i_2/O
                         net (fo=1, routed)           0.000     2.247    Soc_Tracking_i/AXI4S_Filter_Harris/U0/nxt_m_tvalid
    SLICE_X24Y37         FDRE                                         r  Soc_Tracking_i/AXI4S_Filter_Harris/U0/m_tvalid_reg/D
  -------------------------------------------------------------------    -------------------

                         (clock clk_fpga_0 rise edge)
                                                      0.000     0.000 r  
    PS7_X0Y0             PS7                          0.000     0.000 r  Soc_Tracking_i/processing_system7_0/inst/PS7_i/FCLKCLK[0]
                         net (fo=1, routed)           0.341     0.341    Soc_Tracking_i/processing_system7_0/inst/FCLK_CLK_unbuffered[0]
    BUFGCTRL_X0Y0        BUFG (Prop_bufg_I_O)         0.029     0.370 r  Soc_Tracking_i/processing_system7_0/inst/buffer_fclk_clk_0.FCLK_CLK_0_BUFG/O
                         net (fo=5076, routed)        0.824     1.194    Soc_Tracking_i/AXI4S_Filter_Harris/U0/s00_axis_aclk
    SLICE_X24Y37         FDRE                                         r  Soc_Tracking_i/AXI4S_Filter_Harris/U0/m_tvalid_reg/C
                         clock pessimism              0.000     1.194    
                         clock uncertainty            0.619     1.813    
    SLICE_X24Y37         FDRE (Hold_fdre_C_D)         0.121     1.934    Soc_Tracking_i/AXI4S_Filter_Harris/U0/m_tvalid_reg
  -------------------------------------------------------------------
                         required time                         -1.934    
                         arrival time                           2.247    
  -------------------------------------------------------------------
                         slack                                  0.313    

Slack (MET) :             0.339ns  (arrival time - required time)
  Source:                 Soc_Tracking_i/VGA_controller_0/U0/t_ready_reg/C
                            (rising edge-triggered cell FDCE clocked by clk_fpga_1  {rise@0.000ns fall@20.000ns period=40.000ns})
  Destination:            Soc_Tracking_i/VGA_controller_0/U0/vga_red_reg[2]/CE
                            (rising edge-triggered cell FDRE clocked by clk_fpga_0  {rise@0.000ns fall@5.000ns period=10.000ns})
  Path Group:             clk_fpga_0
  Path Type:              Hold (Min at Fast Process Corner)
  Requirement:            0.000ns  (clk_fpga_0 rise@0.000ns - clk_fpga_1 rise@0.000ns)
  Data Path Delay:        1.143ns  (logic 0.188ns (16.450%)  route 0.955ns (83.550%))
  Logic Levels:           1  (LUT2=1)
  Clock Path Skew:        0.297ns (DCD - SCD - CPR)
    Destination Clock Delay (DCD):    1.197ns
    Source Clock Delay      (SCD):    0.900ns
    Clock Pessimism Removal (CPR):    -0.000ns
  Clock Uncertainty:      0.619ns  ((TSJ^2 + TIJ^2)^1/2 + DJ) / 2 + PE
    Total System Jitter     (TSJ):    0.071ns
    Total Input Jitter      (TIJ):    1.237ns
    Discrete Jitter          (DJ):    0.000ns
    Phase Error              (PE):    0.000ns
  Clock Domain Crossing:  Inter clock paths are considered valid unless explicitly excluded by timing constraints such as set_clock_groups or set_false_path.

    Location             Delay type                Incr(ns)  Path(ns)    Netlist Resource(s)
  -------------------------------------------------------------------    -------------------
                         (clock clk_fpga_1 rise edge)
                                                      0.000     0.000 r  
    PS7_X0Y0             PS7                          0.000     0.000 r  Soc_Tracking_i/processing_system7_0/inst/PS7_i/FCLKCLK[1]
                         net (fo=1, routed)           0.315     0.315    Soc_Tracking_i/processing_system7_0/inst/FCLK_CLK_unbuffered[1]
    BUFGCTRL_X0Y3        BUFG (Prop_bufg_I_O)         0.026     0.341 r  Soc_Tracking_i/processing_system7_0/inst/buffer_fclk_clk_1.FCLK_CLK_1_BUFG/O
                         net (fo=37, routed)          0.559     0.900    Soc_Tracking_i/VGA_controller_0/U0/clk_VGA
    SLICE_X26Y35         FDCE                                         r  Soc_Tracking_i/VGA_controller_0/U0/t_ready_reg/C
  -------------------------------------------------------------------    -------------------
    SLICE_X26Y35         FDCE (Prop_fdce_C_Q)         0.141     1.041 r  Soc_Tracking_i/VGA_controller_0/U0/t_ready_reg/Q
                         net (fo=3, routed)           0.528     1.569    Soc_Tracking_i/VGA_controller_0/U0/S_AXIS_TREADY
    SLICE_X24Y36         LUT2 (Prop_lut2_I1_O)        0.047     1.616 r  Soc_Tracking_i/VGA_controller_0/U0/vga_red[3]_i_2/O
                         net (fo=15, routed)          0.426     2.042    Soc_Tracking_i/VGA_controller_0/U0/vga_red0
    SLICE_X26Y37         FDRE                                         r  Soc_Tracking_i/VGA_controller_0/U0/vga_red_reg[2]/CE
  -------------------------------------------------------------------    -------------------

                         (clock clk_fpga_0 rise edge)
                                                      0.000     0.000 r  
    PS7_X0Y0             PS7                          0.000     0.000 r  Soc_Tracking_i/processing_system7_0/inst/PS7_i/FCLKCLK[0]
                         net (fo=1, routed)           0.341     0.341    Soc_Tracking_i/processing_system7_0/inst/FCLK_CLK_unbuffered[0]
    BUFGCTRL_X0Y0        BUFG (Prop_bufg_I_O)         0.029     0.370 r  Soc_Tracking_i/processing_system7_0/inst/buffer_fclk_clk_0.FCLK_CLK_0_BUFG/O
                         net (fo=5076, routed)        0.827     1.197    Soc_Tracking_i/VGA_controller_0/U0/S_AXIS_ACLK
    SLICE_X26Y37         FDRE                                         r  Soc_Tracking_i/VGA_controller_0/U0/vga_red_reg[2]/C
                         clock pessimism              0.000     1.197    
                         clock uncertainty            0.619     1.816    
    SLICE_X26Y37         FDRE (Hold_fdre_C_CE)       -0.113     1.703    Soc_Tracking_i/VGA_controller_0/U0/vga_red_reg[2]
  -------------------------------------------------------------------
                         required time                         -1.703    
                         arrival time                           2.042    
  -------------------------------------------------------------------
                         slack                                  0.339    

Slack (MET) :             0.339ns  (arrival time - required time)
  Source:                 Soc_Tracking_i/VGA_controller_0/U0/t_ready_reg/C
                            (rising edge-triggered cell FDCE clocked by clk_fpga_1  {rise@0.000ns fall@20.000ns period=40.000ns})
  Destination:            Soc_Tracking_i/VGA_controller_0/U0/vga_red_reg[3]/CE
                            (rising edge-triggered cell FDRE clocked by clk_fpga_0  {rise@0.000ns fall@5.000ns period=10.000ns})
  Path Group:             clk_fpga_0
  Path Type:              Hold (Min at Fast Process Corner)
  Requirement:            0.000ns  (clk_fpga_0 rise@0.000ns - clk_fpga_1 rise@0.000ns)
  Data Path Delay:        1.143ns  (logic 0.188ns (16.450%)  route 0.955ns (83.550%))
  Logic Levels:           1  (LUT2=1)
  Clock Path Skew:        0.297ns (DCD - SCD - CPR)
    Destination Clock Delay (DCD):    1.197ns
    Source Clock Delay      (SCD):    0.900ns
    Clock Pessimism Removal (CPR):    -0.000ns
  Clock Uncertainty:      0.619ns  ((TSJ^2 + TIJ^2)^1/2 + DJ) / 2 + PE
    Total System Jitter     (TSJ):    0.071ns
    Total Input Jitter      (TIJ):    1.237ns
    Discrete Jitter          (DJ):    0.000ns
    Phase Error              (PE):    0.000ns
  Clock Domain Crossing:  Inter clock paths are considered valid unless explicitly excluded by timing constraints such as set_clock_groups or set_false_path.

    Location             Delay type                Incr(ns)  Path(ns)    Netlist Resource(s)
  -------------------------------------------------------------------    -------------------
                         (clock clk_fpga_1 rise edge)
                                                      0.000     0.000 r  
    PS7_X0Y0             PS7                          0.000     0.000 r  Soc_Tracking_i/processing_system7_0/inst/PS7_i/FCLKCLK[1]
                         net (fo=1, routed)           0.315     0.315    Soc_Tracking_i/processing_system7_0/inst/FCLK_CLK_unbuffered[1]
    BUFGCTRL_X0Y3        BUFG (Prop_bufg_I_O)         0.026     0.341 r  Soc_Tracking_i/processing_system7_0/inst/buffer_fclk_clk_1.FCLK_CLK_1_BUFG/O
                         net (fo=37, routed)          0.559     0.900    Soc_Tracking_i/VGA_controller_0/U0/clk_VGA
    SLICE_X26Y35         FDCE                                         r  Soc_Tracking_i/VGA_controller_0/U0/t_ready_reg/C
  -------------------------------------------------------------------    -------------------
    SLICE_X26Y35         FDCE (Prop_fdce_C_Q)         0.141     1.041 r  Soc_Tracking_i/VGA_controller_0/U0/t_ready_reg/Q
                         net (fo=3, routed)           0.528     1.569    Soc_Tracking_i/VGA_controller_0/U0/S_AXIS_TREADY
    SLICE_X24Y36         LUT2 (Prop_lut2_I1_O)        0.047     1.616 r  Soc_Tracking_i/VGA_controller_0/U0/vga_red[3]_i_2/O
                         net (fo=15, routed)          0.426     2.042    Soc_Tracking_i/VGA_controller_0/U0/vga_red0
    SLICE_X26Y37         FDRE                                         r  Soc_Tracking_i/VGA_controller_0/U0/vga_red_reg[3]/CE
  -------------------------------------------------------------------    -------------------

                         (clock clk_fpga_0 rise edge)
                                                      0.000     0.000 r  
    PS7_X0Y0             PS7                          0.000     0.000 r  Soc_Tracking_i/processing_system7_0/inst/PS7_i/FCLKCLK[0]
                         net (fo=1, routed)           0.341     0.341    Soc_Tracking_i/processing_system7_0/inst/FCLK_CLK_unbuffered[0]
    BUFGCTRL_X0Y0        BUFG (Prop_bufg_I_O)         0.029     0.370 r  Soc_Tracking_i/processing_system7_0/inst/buffer_fclk_clk_0.FCLK_CLK_0_BUFG/O
                         net (fo=5076, routed)        0.827     1.197    Soc_Tracking_i/VGA_controller_0/U0/S_AXIS_ACLK
    SLICE_X26Y37         FDRE                                         r  Soc_Tracking_i/VGA_controller_0/U0/vga_red_reg[3]/C
                         clock pessimism              0.000     1.197    
                         clock uncertainty            0.619     1.816    
    SLICE_X26Y37         FDRE (Hold_fdre_C_CE)       -0.113     1.703    Soc_Tracking_i/VGA_controller_0/U0/vga_red_reg[3]
  -------------------------------------------------------------------
                         required time                         -1.703    
                         arrival time                           2.042    
  -------------------------------------------------------------------
                         slack                                  0.339    

Slack (MET) :             0.380ns  (arrival time - required time)
  Source:                 Soc_Tracking_i/VGA_controller_0/U0/t_ready_reg/C
                            (rising edge-triggered cell FDCE clocked by clk_fpga_1  {rise@0.000ns fall@20.000ns period=40.000ns})
  Destination:            Soc_Tracking_i/AXI4S_Stream_Duplica_0/U0/m1_tvalid_reg/D
                            (rising edge-triggered cell FDRE clocked by clk_fpga_0  {rise@0.000ns fall@5.000ns period=10.000ns})
  Path Group:             clk_fpga_0
  Path Type:              Hold (Min at Fast Process Corner)
  Requirement:            0.000ns  (clk_fpga_0 rise@0.000ns - clk_fpga_1 rise@0.000ns)
  Data Path Delay:        1.376ns  (logic 0.231ns (16.792%)  route 1.145ns (83.208%))
  Logic Levels:           2  (LUT3=1 LUT4=1)
  Clock Path Skew:        0.285ns (DCD - SCD - CPR)
    Destination Clock Delay (DCD):    1.185ns
    Source Clock Delay      (SCD):    0.900ns
    Clock Pessimism Removal (CPR):    -0.000ns
  Clock Uncertainty:      0.619ns  ((TSJ^2 + TIJ^2)^1/2 + DJ) / 2 + PE
    Total System Jitter     (TSJ):    0.071ns
    Total Input Jitter      (TIJ):    1.237ns
    Discrete Jitter          (DJ):    0.000ns
    Phase Error              (PE):    0.000ns
  Clock Domain Crossing:  Inter clock paths are considered valid unless explicitly excluded by timing constraints such as set_clock_groups or set_false_path.

    Location             Delay type                Incr(ns)  Path(ns)    Netlist Resource(s)
  -------------------------------------------------------------------    -------------------
                         (clock clk_fpga_1 rise edge)
                                                      0.000     0.000 r  
    PS7_X0Y0             PS7                          0.000     0.000 r  Soc_Tracking_i/processing_system7_0/inst/PS7_i/FCLKCLK[1]
                         net (fo=1, routed)           0.315     0.315    Soc_Tracking_i/processing_system7_0/inst/FCLK_CLK_unbuffered[1]
    BUFGCTRL_X0Y3        BUFG (Prop_bufg_I_O)         0.026     0.341 r  Soc_Tracking_i/processing_system7_0/inst/buffer_fclk_clk_1.FCLK_CLK_1_BUFG/O
                         net (fo=37, routed)          0.559     0.900    Soc_Tracking_i/VGA_controller_0/U0/clk_VGA
    SLICE_X26Y35         FDCE                                         r  Soc_Tracking_i/VGA_controller_0/U0/t_ready_reg/C
  -------------------------------------------------------------------    -------------------
    SLICE_X26Y35         FDCE (Prop_fdce_C_Q)         0.141     1.041 f  Soc_Tracking_i/VGA_controller_0/U0/t_ready_reg/Q
                         net (fo=3, routed)           0.528     1.569    Soc_Tracking_i/AXI4S_Overlay_AXI4L_0/U0/m00_axis_tready
    SLICE_X24Y36         LUT3 (Prop_lut3_I2_O)        0.045     1.614 f  Soc_Tracking_i/AXI4S_Overlay_AXI4L_0/U0/transmit_ok0/O
                         net (fo=18, routed)          0.616     2.230    Soc_Tracking_i/AXI4S_Stream_Duplica_0/U0/m01_axis_tready
    SLICE_X22Y27         LUT4 (Prop_lut4_I0_O)        0.045     2.275 r  Soc_Tracking_i/AXI4S_Stream_Duplica_0/U0/m1_tvalid_i_1/O
                         net (fo=1, routed)           0.000     2.275    Soc_Tracking_i/AXI4S_Stream_Duplica_0/U0/m1_tvalid_i_1_n_0
    SLICE_X22Y27         FDRE                                         r  Soc_Tracking_i/AXI4S_Stream_Duplica_0/U0/m1_tvalid_reg/D
  -------------------------------------------------------------------    -------------------

                         (clock clk_fpga_0 rise edge)
                                                      0.000     0.000 r  
    PS7_X0Y0             PS7                          0.000     0.000 r  Soc_Tracking_i/processing_system7_0/inst/PS7_i/FCLKCLK[0]
                         net (fo=1, routed)           0.341     0.341    Soc_Tracking_i/processing_system7_0/inst/FCLK_CLK_unbuffered[0]
    BUFGCTRL_X0Y0        BUFG (Prop_bufg_I_O)         0.029     0.370 r  Soc_Tracking_i/processing_system7_0/inst/buffer_fclk_clk_0.FCLK_CLK_0_BUFG/O
                         net (fo=5076, routed)        0.815     1.185    Soc_Tracking_i/AXI4S_Stream_Duplica_0/U0/s00_axis_aclk
    SLICE_X22Y27         FDRE                                         r  Soc_Tracking_i/AXI4S_Stream_Duplica_0/U0/m1_tvalid_reg/C
                         clock pessimism              0.000     1.185    
                         clock uncertainty            0.619     1.804    
    SLICE_X22Y27         FDRE (Hold_fdre_C_D)         0.091     1.895    Soc_Tracking_i/AXI4S_Stream_Duplica_0/U0/m1_tvalid_reg
  -------------------------------------------------------------------
                         required time                         -1.895    
                         arrival time                           2.275    
  -------------------------------------------------------------------
                         slack                                  0.380    

Slack (MET) :             0.396ns  (arrival time - required time)
  Source:                 Soc_Tracking_i/VGA_controller_0/U0/t_ready_reg/C
                            (rising edge-triggered cell FDCE clocked by clk_fpga_1  {rise@0.000ns fall@20.000ns period=40.000ns})
  Destination:            Soc_Tracking_i/VGA_controller_0/U0/vga_green_reg[0]/CE
                            (rising edge-triggered cell FDRE clocked by clk_fpga_0  {rise@0.000ns fall@5.000ns period=10.000ns})
  Path Group:             clk_fpga_0
  Path Type:              Hold (Min at Fast Process Corner)
  Requirement:            0.000ns  (clk_fpga_0 rise@0.000ns - clk_fpga_1 rise@0.000ns)
  Data Path Delay:        1.219ns  (logic 0.188ns (15.421%)  route 1.031ns (84.579%))
  Logic Levels:           1  (LUT2=1)
  Clock Path Skew:        0.293ns (DCD - SCD - CPR)
    Destination Clock Delay (DCD):    1.193ns
    Source Clock Delay      (SCD):    0.900ns
    Clock Pessimism Removal (CPR):    -0.000ns
  Clock Uncertainty:      0.619ns  ((TSJ^2 + TIJ^2)^1/2 + DJ) / 2 + PE
    Total System Jitter     (TSJ):    0.071ns
    Total Input Jitter      (TIJ):    1.237ns
    Discrete Jitter          (DJ):    0.000ns
    Phase Error              (PE):    0.000ns
  Clock Domain Crossing:  Inter clock paths are considered valid unless explicitly excluded by timing constraints such as set_clock_groups or set_false_path.

    Location             Delay type                Incr(ns)  Path(ns)    Netlist Resource(s)
  -------------------------------------------------------------------    -------------------
                         (clock clk_fpga_1 rise edge)
                                                      0.000     0.000 r  
    PS7_X0Y0             PS7                          0.000     0.000 r  Soc_Tracking_i/processing_system7_0/inst/PS7_i/FCLKCLK[1]
                         net (fo=1, routed)           0.315     0.315    Soc_Tracking_i/processing_system7_0/inst/FCLK_CLK_unbuffered[1]
    BUFGCTRL_X0Y3        BUFG (Prop_bufg_I_O)         0.026     0.341 r  Soc_Tracking_i/processing_system7_0/inst/buffer_fclk_clk_1.FCLK_CLK_1_BUFG/O
                         net (fo=37, routed)          0.559     0.900    Soc_Tracking_i/VGA_controller_0/U0/clk_VGA
    SLICE_X26Y35         FDCE                                         r  Soc_Tracking_i/VGA_controller_0/U0/t_ready_reg/C
  -------------------------------------------------------------------    -------------------
    SLICE_X26Y35         FDCE (Prop_fdce_C_Q)         0.141     1.041 r  Soc_Tracking_i/VGA_controller_0/U0/t_ready_reg/Q
                         net (fo=3, routed)           0.528     1.569    Soc_Tracking_i/VGA_controller_0/U0/S_AXIS_TREADY
    SLICE_X24Y36         LUT2 (Prop_lut2_I1_O)        0.047     1.616 r  Soc_Tracking_i/VGA_controller_0/U0/vga_red[3]_i_2/O
                         net (fo=15, routed)          0.503     2.119    Soc_Tracking_i/VGA_controller_0/U0/vga_red0
    SLICE_X24Y36         FDRE                                         r  Soc_Tracking_i/VGA_controller_0/U0/vga_green_reg[0]/CE
  -------------------------------------------------------------------    -------------------

                         (clock clk_fpga_0 rise edge)
                                                      0.000     0.000 r  
    PS7_X0Y0             PS7                          0.000     0.000 r  Soc_Tracking_i/processing_system7_0/inst/PS7_i/FCLKCLK[0]
                         net (fo=1, routed)           0.341     0.341    Soc_Tracking_i/processing_system7_0/inst/FCLK_CLK_unbuffered[0]
    BUFGCTRL_X0Y0        BUFG (Prop_bufg_I_O)         0.029     0.370 r  Soc_Tracking_i/processing_system7_0/inst/buffer_fclk_clk_0.FCLK_CLK_0_BUFG/O
                         net (fo=5076, routed)        0.823     1.193    Soc_Tracking_i/VGA_controller_0/U0/S_AXIS_ACLK
    SLICE_X24Y36         FDRE                                         r  Soc_Tracking_i/VGA_controller_0/U0/vga_green_reg[0]/C
                         clock pessimism              0.000     1.193    
                         clock uncertainty            0.619     1.812    
    SLICE_X24Y36         FDRE (Hold_fdre_C_CE)       -0.090     1.722    Soc_Tracking_i/VGA_controller_0/U0/vga_green_reg[0]
  -------------------------------------------------------------------
                         required time                         -1.722    
                         arrival time                           2.119    
  -------------------------------------------------------------------
                         slack                                  0.396    

Slack (MET) :             0.396ns  (arrival time - required time)
  Source:                 Soc_Tracking_i/VGA_controller_0/U0/t_ready_reg/C
                            (rising edge-triggered cell FDCE clocked by clk_fpga_1  {rise@0.000ns fall@20.000ns period=40.000ns})
  Destination:            Soc_Tracking_i/VGA_controller_0/U0/vga_green_reg[1]/CE
                            (rising edge-triggered cell FDRE clocked by clk_fpga_0  {rise@0.000ns fall@5.000ns period=10.000ns})
  Path Group:             clk_fpga_0
  Path Type:              Hold (Min at Fast Process Corner)
  Requirement:            0.000ns  (clk_fpga_0 rise@0.000ns - clk_fpga_1 rise@0.000ns)
  Data Path Delay:        1.219ns  (logic 0.188ns (15.421%)  route 1.031ns (84.579%))
  Logic Levels:           1  (LUT2=1)
  Clock Path Skew:        0.293ns (DCD - SCD - CPR)
    Destination Clock Delay (DCD):    1.193ns
    Source Clock Delay      (SCD):    0.900ns
    Clock Pessimism Removal (CPR):    -0.000ns
  Clock Uncertainty:      0.619ns  ((TSJ^2 + TIJ^2)^1/2 + DJ) / 2 + PE
    Total System Jitter     (TSJ):    0.071ns
    Total Input Jitter      (TIJ):    1.237ns
    Discrete Jitter          (DJ):    0.000ns
    Phase Error              (PE):    0.000ns
  Clock Domain Crossing:  Inter clock paths are considered valid unless explicitly excluded by timing constraints such as set_clock_groups or set_false_path.

    Location             Delay type                Incr(ns)  Path(ns)    Netlist Resource(s)
  -------------------------------------------------------------------    -------------------
                         (clock clk_fpga_1 rise edge)
                                                      0.000     0.000 r  
    PS7_X0Y0             PS7                          0.000     0.000 r  Soc_Tracking_i/processing_system7_0/inst/PS7_i/FCLKCLK[1]
                         net (fo=1, routed)           0.315     0.315    Soc_Tracking_i/processing_system7_0/inst/FCLK_CLK_unbuffered[1]
    BUFGCTRL_X0Y3        BUFG (Prop_bufg_I_O)         0.026     0.341 r  Soc_Tracking_i/processing_system7_0/inst/buffer_fclk_clk_1.FCLK_CLK_1_BUFG/O
                         net (fo=37, routed)          0.559     0.900    Soc_Tracking_i/VGA_controller_0/U0/clk_VGA
    SLICE_X26Y35         FDCE                                         r  Soc_Tracking_i/VGA_controller_0/U0/t_ready_reg/C
  -------------------------------------------------------------------    -------------------
    SLICE_X26Y35         FDCE (Prop_fdce_C_Q)         0.141     1.041 r  Soc_Tracking_i/VGA_controller_0/U0/t_ready_reg/Q
                         net (fo=3, routed)           0.528     1.569    Soc_Tracking_i/VGA_controller_0/U0/S_AXIS_TREADY
    SLICE_X24Y36         LUT2 (Prop_lut2_I1_O)        0.047     1.616 r  Soc_Tracking_i/VGA_controller_0/U0/vga_red[3]_i_2/O
                         net (fo=15, routed)          0.503     2.119    Soc_Tracking_i/VGA_controller_0/U0/vga_red0
    SLICE_X24Y36         FDRE                                         r  Soc_Tracking_i/VGA_controller_0/U0/vga_green_reg[1]/CE
  -------------------------------------------------------------------    -------------------

                         (clock clk_fpga_0 rise edge)
                                                      0.000     0.000 r  
    PS7_X0Y0             PS7                          0.000     0.000 r  Soc_Tracking_i/processing_system7_0/inst/PS7_i/FCLKCLK[0]
                         net (fo=1, routed)           0.341     0.341    Soc_Tracking_i/processing_system7_0/inst/FCLK_CLK_unbuffered[0]
    BUFGCTRL_X0Y0        BUFG (Prop_bufg_I_O)         0.029     0.370 r  Soc_Tracking_i/processing_system7_0/inst/buffer_fclk_clk_0.FCLK_CLK_0_BUFG/O
                         net (fo=5076, routed)        0.823     1.193    Soc_Tracking_i/VGA_controller_0/U0/S_AXIS_ACLK
    SLICE_X24Y36         FDRE                                         r  Soc_Tracking_i/VGA_controller_0/U0/vga_green_reg[1]/C
                         clock pessimism              0.000     1.193    
                         clock uncertainty            0.619     1.812    
    SLICE_X24Y36         FDRE (Hold_fdre_C_CE)       -0.090     1.722    Soc_Tracking_i/VGA_controller_0/U0/vga_green_reg[1]
  -------------------------------------------------------------------
                         required time                         -1.722    
                         arrival time                           2.119    
  -------------------------------------------------------------------
                         slack                                  0.396    

Slack (MET) :             0.396ns  (arrival time - required time)
  Source:                 Soc_Tracking_i/VGA_controller_0/U0/t_ready_reg/C
                            (rising edge-triggered cell FDCE clocked by clk_fpga_1  {rise@0.000ns fall@20.000ns period=40.000ns})
  Destination:            Soc_Tracking_i/VGA_controller_0/U0/vga_red_reg[0]/CE
                            (rising edge-triggered cell FDRE clocked by clk_fpga_0  {rise@0.000ns fall@5.000ns period=10.000ns})
  Path Group:             clk_fpga_0
  Path Type:              Hold (Min at Fast Process Corner)
  Requirement:            0.000ns  (clk_fpga_0 rise@0.000ns - clk_fpga_1 rise@0.000ns)
  Data Path Delay:        1.219ns  (logic 0.188ns (15.421%)  route 1.031ns (84.579%))
  Logic Levels:           1  (LUT2=1)
  Clock Path Skew:        0.293ns (DCD - SCD - CPR)
    Destination Clock Delay (DCD):    1.193ns
    Source Clock Delay      (SCD):    0.900ns
    Clock Pessimism Removal (CPR):    -0.000ns
  Clock Uncertainty:      0.619ns  ((TSJ^2 + TIJ^2)^1/2 + DJ) / 2 + PE
    Total System Jitter     (TSJ):    0.071ns
    Total Input Jitter      (TIJ):    1.237ns
    Discrete Jitter          (DJ):    0.000ns
    Phase Error              (PE):    0.000ns
  Clock Domain Crossing:  Inter clock paths are considered valid unless explicitly excluded by timing constraints such as set_clock_groups or set_false_path.

    Location             Delay type                Incr(ns)  Path(ns)    Netlist Resource(s)
  -------------------------------------------------------------------    -------------------
                         (clock clk_fpga_1 rise edge)
                                                      0.000     0.000 r  
    PS7_X0Y0             PS7                          0.000     0.000 r  Soc_Tracking_i/processing_system7_0/inst/PS7_i/FCLKCLK[1]
                         net (fo=1, routed)           0.315     0.315    Soc_Tracking_i/processing_system7_0/inst/FCLK_CLK_unbuffered[1]
    BUFGCTRL_X0Y3        BUFG (Prop_bufg_I_O)         0.026     0.341 r  Soc_Tracking_i/processing_system7_0/inst/buffer_fclk_clk_1.FCLK_CLK_1_BUFG/O
                         net (fo=37, routed)          0.559     0.900    Soc_Tracking_i/VGA_controller_0/U0/clk_VGA
    SLICE_X26Y35         FDCE                                         r  Soc_Tracking_i/VGA_controller_0/U0/t_ready_reg/C
  -------------------------------------------------------------------    -------------------
    SLICE_X26Y35         FDCE (Prop_fdce_C_Q)         0.141     1.041 r  Soc_Tracking_i/VGA_controller_0/U0/t_ready_reg/Q
                         net (fo=3, routed)           0.528     1.569    Soc_Tracking_i/VGA_controller_0/U0/S_AXIS_TREADY
    SLICE_X24Y36         LUT2 (Prop_lut2_I1_O)        0.047     1.616 r  Soc_Tracking_i/VGA_controller_0/U0/vga_red[3]_i_2/O
                         net (fo=15, routed)          0.503     2.119    Soc_Tracking_i/VGA_controller_0/U0/vga_red0
    SLICE_X24Y36         FDRE                                         r  Soc_Tracking_i/VGA_controller_0/U0/vga_red_reg[0]/CE
  -------------------------------------------------------------------    -------------------

                         (clock clk_fpga_0 rise edge)
                                                      0.000     0.000 r  
    PS7_X0Y0             PS7                          0.000     0.000 r  Soc_Tracking_i/processing_system7_0/inst/PS7_i/FCLKCLK[0]
                         net (fo=1, routed)           0.341     0.341    Soc_Tracking_i/processing_system7_0/inst/FCLK_CLK_unbuffered[0]
    BUFGCTRL_X0Y0        BUFG (Prop_bufg_I_O)         0.029     0.370 r  Soc_Tracking_i/processing_system7_0/inst/buffer_fclk_clk_0.FCLK_CLK_0_BUFG/O
                         net (fo=5076, routed)        0.823     1.193    Soc_Tracking_i/VGA_controller_0/U0/S_AXIS_ACLK
    SLICE_X24Y36         FDRE                                         r  Soc_Tracking_i/VGA_controller_0/U0/vga_red_reg[0]/C
                         clock pessimism              0.000     1.193    
                         clock uncertainty            0.619     1.812    
    SLICE_X24Y36         FDRE (Hold_fdre_C_CE)       -0.090     1.722    Soc_Tracking_i/VGA_controller_0/U0/vga_red_reg[0]
  -------------------------------------------------------------------
                         required time                         -1.722    
                         arrival time                           2.119    
  -------------------------------------------------------------------
                         slack                                  0.396    





---------------------------------------------------------------------------------------------------
From Clock:  clk_fpga_0
  To Clock:  clk_fpga_1

Setup :            0  Failing Endpoints,  Worst Slack        2.358ns,  Total Violation        0.000ns
Hold  :            0  Failing Endpoints,  Worst Slack        0.120ns,  Total Violation        0.000ns
---------------------------------------------------------------------------------------------------


Max Delay Paths
--------------------------------------------------------------------------------------
Slack (MET) :             2.358ns  (required time - arrival time)
  Source:                 Soc_Tracking_i/rst_ps7_0_100M/U0/ACTIVE_LOW_PR_OUT_DFF[0].FDRE_PER_N/C
                            (rising edge-triggered cell FDRE clocked by clk_fpga_0  {rise@0.000ns fall@5.000ns period=10.000ns})
  Destination:            Soc_Tracking_i/VGA_controller_0/U0/h_cntr_reg_reg[1]/R
                            (rising edge-triggered cell FDRE clocked by clk_fpga_1  {rise@0.000ns fall@20.000ns period=40.000ns})
  Path Group:             clk_fpga_1
  Path Type:              Setup (Max at Slow Process Corner)
  Requirement:            10.000ns  (clk_fpga_1 rise@40.000ns - clk_fpga_0 rise@30.000ns)
  Data Path Delay:        6.009ns  (logic 0.802ns (13.347%)  route 5.207ns (86.653%))
  Logic Levels:           1  (LUT5=1)
  Clock Path Skew:        -0.287ns (DCD - SCD + CPR)
    Destination Clock Delay (DCD):    2.686ns = ( 42.687 - 40.000 ) 
    Source Clock Delay      (SCD):    2.973ns = ( 32.973 - 30.000 ) 
    Clock Pessimism Removal (CPR):    0.000ns
  Clock Uncertainty:      0.619ns  ((TSJ^2 + TIJ^2)^1/2 + DJ) / 2 + PE
    Total System Jitter     (TSJ):    0.071ns
    Total Input Jitter      (TIJ):    1.237ns
    Discrete Jitter          (DJ):    0.000ns
    Phase Error              (PE):    0.000ns
  Clock Domain Crossing:  Inter clock paths are considered valid unless explicitly excluded by timing constraints such as set_clock_groups or set_false_path.

    Location             Delay type                Incr(ns)  Path(ns)    Netlist Resource(s)
  -------------------------------------------------------------------    -------------------
                         (clock clk_fpga_0 rise edge)
                                                     30.000    30.000 r  
    PS7_X0Y0             PS7                          0.000    30.000 r  Soc_Tracking_i/processing_system7_0/inst/PS7_i/FCLKCLK[0]
                         net (fo=1, routed)           1.207    31.207    Soc_Tracking_i/processing_system7_0/inst/FCLK_CLK_unbuffered[0]
    BUFGCTRL_X0Y0        BUFG (Prop_bufg_I_O)         0.101    31.308 r  Soc_Tracking_i/processing_system7_0/inst/buffer_fclk_clk_0.FCLK_CLK_0_BUFG/O
                         net (fo=5076, routed)        1.665    32.973    Soc_Tracking_i/rst_ps7_0_100M/U0/slowest_sync_clk
    SLICE_X30Y17         FDRE                                         r  Soc_Tracking_i/rst_ps7_0_100M/U0/ACTIVE_LOW_PR_OUT_DFF[0].FDRE_PER_N/C
  -------------------------------------------------------------------    -------------------
    SLICE_X30Y17         FDRE (Prop_fdre_C_Q)         0.478    33.451 f  Soc_Tracking_i/rst_ps7_0_100M/U0/ACTIVE_LOW_PR_OUT_DFF[0].FDRE_PER_N/Q
                         net (fo=72, routed)          3.833    37.284    Soc_Tracking_i/VGA_controller_0/U0/S_AXIS_ARESETN
    SLICE_X27Y35         LUT5 (Prop_lut5_I4_O)        0.324    37.608 r  Soc_Tracking_i/VGA_controller_0/U0/h_cntr_reg[9]_i_1/O
                         net (fo=10, routed)          1.374    38.982    Soc_Tracking_i/VGA_controller_0/U0/h_cntr_reg[9]_i_1_n_0
    SLICE_X30Y35         FDRE                                         r  Soc_Tracking_i/VGA_controller_0/U0/h_cntr_reg_reg[1]/R
  -------------------------------------------------------------------    -------------------

                         (clock clk_fpga_1 rise edge)
                                                     40.000    40.000 r  
    PS7_X0Y0             PS7                          0.000    40.000 r  Soc_Tracking_i/processing_system7_0/inst/PS7_i/FCLKCLK[1]
                         net (fo=1, routed)           1.101    41.101    Soc_Tracking_i/processing_system7_0/inst/FCLK_CLK_unbuffered[1]
    BUFGCTRL_X0Y3        BUFG (Prop_bufg_I_O)         0.091    41.192 r  Soc_Tracking_i/processing_system7_0/inst/buffer_fclk_clk_1.FCLK_CLK_1_BUFG/O
                         net (fo=37, routed)          1.494    42.687    Soc_Tracking_i/VGA_controller_0/U0/clk_VGA
    SLICE_X30Y35         FDRE                                         r  Soc_Tracking_i/VGA_controller_0/U0/h_cntr_reg_reg[1]/C
                         clock pessimism              0.000    42.687    
                         clock uncertainty           -0.619    42.067    
    SLICE_X30Y35         FDRE (Setup_fdre_C_R)       -0.727    41.340    Soc_Tracking_i/VGA_controller_0/U0/h_cntr_reg_reg[1]
  -------------------------------------------------------------------
                         required time                         41.340    
                         arrival time                         -38.982    
  -------------------------------------------------------------------
                         slack                                  2.358    

Slack (MET) :             2.358ns  (required time - arrival time)
  Source:                 Soc_Tracking_i/rst_ps7_0_100M/U0/ACTIVE_LOW_PR_OUT_DFF[0].FDRE_PER_N/C
                            (rising edge-triggered cell FDRE clocked by clk_fpga_0  {rise@0.000ns fall@5.000ns period=10.000ns})
  Destination:            Soc_Tracking_i/VGA_controller_0/U0/h_cntr_reg_reg[2]/R
                            (rising edge-triggered cell FDRE clocked by clk_fpga_1  {rise@0.000ns fall@20.000ns period=40.000ns})
  Path Group:             clk_fpga_1
  Path Type:              Setup (Max at Slow Process Corner)
  Requirement:            10.000ns  (clk_fpga_1 rise@40.000ns - clk_fpga_0 rise@30.000ns)
  Data Path Delay:        6.009ns  (logic 0.802ns (13.347%)  route 5.207ns (86.653%))
  Logic Levels:           1  (LUT5=1)
  Clock Path Skew:        -0.287ns (DCD - SCD + CPR)
    Destination Clock Delay (DCD):    2.686ns = ( 42.687 - 40.000 ) 
    Source Clock Delay      (SCD):    2.973ns = ( 32.973 - 30.000 ) 
    Clock Pessimism Removal (CPR):    0.000ns
  Clock Uncertainty:      0.619ns  ((TSJ^2 + TIJ^2)^1/2 + DJ) / 2 + PE
    Total System Jitter     (TSJ):    0.071ns
    Total Input Jitter      (TIJ):    1.237ns
    Discrete Jitter          (DJ):    0.000ns
    Phase Error              (PE):    0.000ns
  Clock Domain Crossing:  Inter clock paths are considered valid unless explicitly excluded by timing constraints such as set_clock_groups or set_false_path.

    Location             Delay type                Incr(ns)  Path(ns)    Netlist Resource(s)
  -------------------------------------------------------------------    -------------------
                         (clock clk_fpga_0 rise edge)
                                                     30.000    30.000 r  
    PS7_X0Y0             PS7                          0.000    30.000 r  Soc_Tracking_i/processing_system7_0/inst/PS7_i/FCLKCLK[0]
                         net (fo=1, routed)           1.207    31.207    Soc_Tracking_i/processing_system7_0/inst/FCLK_CLK_unbuffered[0]
    BUFGCTRL_X0Y0        BUFG (Prop_bufg_I_O)         0.101    31.308 r  Soc_Tracking_i/processing_system7_0/inst/buffer_fclk_clk_0.FCLK_CLK_0_BUFG/O
                         net (fo=5076, routed)        1.665    32.973    Soc_Tracking_i/rst_ps7_0_100M/U0/slowest_sync_clk
    SLICE_X30Y17         FDRE                                         r  Soc_Tracking_i/rst_ps7_0_100M/U0/ACTIVE_LOW_PR_OUT_DFF[0].FDRE_PER_N/C
  -------------------------------------------------------------------    -------------------
    SLICE_X30Y17         FDRE (Prop_fdre_C_Q)         0.478    33.451 f  Soc_Tracking_i/rst_ps7_0_100M/U0/ACTIVE_LOW_PR_OUT_DFF[0].FDRE_PER_N/Q
                         net (fo=72, routed)          3.833    37.284    Soc_Tracking_i/VGA_controller_0/U0/S_AXIS_ARESETN
    SLICE_X27Y35         LUT5 (Prop_lut5_I4_O)        0.324    37.608 r  Soc_Tracking_i/VGA_controller_0/U0/h_cntr_reg[9]_i_1/O
                         net (fo=10, routed)          1.374    38.982    Soc_Tracking_i/VGA_controller_0/U0/h_cntr_reg[9]_i_1_n_0
    SLICE_X30Y35         FDRE                                         r  Soc_Tracking_i/VGA_controller_0/U0/h_cntr_reg_reg[2]/R
  -------------------------------------------------------------------    -------------------

                         (clock clk_fpga_1 rise edge)
                                                     40.000    40.000 r  
    PS7_X0Y0             PS7                          0.000    40.000 r  Soc_Tracking_i/processing_system7_0/inst/PS7_i/FCLKCLK[1]
                         net (fo=1, routed)           1.101    41.101    Soc_Tracking_i/processing_system7_0/inst/FCLK_CLK_unbuffered[1]
    BUFGCTRL_X0Y3        BUFG (Prop_bufg_I_O)         0.091    41.192 r  Soc_Tracking_i/processing_system7_0/inst/buffer_fclk_clk_1.FCLK_CLK_1_BUFG/O
                         net (fo=37, routed)          1.494    42.687    Soc_Tracking_i/VGA_controller_0/U0/clk_VGA
    SLICE_X30Y35         FDRE                                         r  Soc_Tracking_i/VGA_controller_0/U0/h_cntr_reg_reg[2]/C
                         clock pessimism              0.000    42.687    
                         clock uncertainty           -0.619    42.067    
    SLICE_X30Y35         FDRE (Setup_fdre_C_R)       -0.727    41.340    Soc_Tracking_i/VGA_controller_0/U0/h_cntr_reg_reg[2]
  -------------------------------------------------------------------
                         required time                         41.340    
                         arrival time                         -38.982    
  -------------------------------------------------------------------
                         slack                                  2.358    

Slack (MET) :             2.358ns  (required time - arrival time)
  Source:                 Soc_Tracking_i/rst_ps7_0_100M/U0/ACTIVE_LOW_PR_OUT_DFF[0].FDRE_PER_N/C
                            (rising edge-triggered cell FDRE clocked by clk_fpga_0  {rise@0.000ns fall@5.000ns period=10.000ns})
  Destination:            Soc_Tracking_i/VGA_controller_0/U0/h_cntr_reg_reg[4]/R
                            (rising edge-triggered cell FDRE clocked by clk_fpga_1  {rise@0.000ns fall@20.000ns period=40.000ns})
  Path Group:             clk_fpga_1
  Path Type:              Setup (Max at Slow Process Corner)
  Requirement:            10.000ns  (clk_fpga_1 rise@40.000ns - clk_fpga_0 rise@30.000ns)
  Data Path Delay:        6.009ns  (logic 0.802ns (13.347%)  route 5.207ns (86.653%))
  Logic Levels:           1  (LUT5=1)
  Clock Path Skew:        -0.287ns (DCD - SCD + CPR)
    Destination Clock Delay (DCD):    2.686ns = ( 42.687 - 40.000 ) 
    Source Clock Delay      (SCD):    2.973ns = ( 32.973 - 30.000 ) 
    Clock Pessimism Removal (CPR):    0.000ns
  Clock Uncertainty:      0.619ns  ((TSJ^2 + TIJ^2)^1/2 + DJ) / 2 + PE
    Total System Jitter     (TSJ):    0.071ns
    Total Input Jitter      (TIJ):    1.237ns
    Discrete Jitter          (DJ):    0.000ns
    Phase Error              (PE):    0.000ns
  Clock Domain Crossing:  Inter clock paths are considered valid unless explicitly excluded by timing constraints such as set_clock_groups or set_false_path.

    Location             Delay type                Incr(ns)  Path(ns)    Netlist Resource(s)
  -------------------------------------------------------------------    -------------------
                         (clock clk_fpga_0 rise edge)
                                                     30.000    30.000 r  
    PS7_X0Y0             PS7                          0.000    30.000 r  Soc_Tracking_i/processing_system7_0/inst/PS7_i/FCLKCLK[0]
                         net (fo=1, routed)           1.207    31.207    Soc_Tracking_i/processing_system7_0/inst/FCLK_CLK_unbuffered[0]
    BUFGCTRL_X0Y0        BUFG (Prop_bufg_I_O)         0.101    31.308 r  Soc_Tracking_i/processing_system7_0/inst/buffer_fclk_clk_0.FCLK_CLK_0_BUFG/O
                         net (fo=5076, routed)        1.665    32.973    Soc_Tracking_i/rst_ps7_0_100M/U0/slowest_sync_clk
    SLICE_X30Y17         FDRE                                         r  Soc_Tracking_i/rst_ps7_0_100M/U0/ACTIVE_LOW_PR_OUT_DFF[0].FDRE_PER_N/C
  -------------------------------------------------------------------    -------------------
    SLICE_X30Y17         FDRE (Prop_fdre_C_Q)         0.478    33.451 f  Soc_Tracking_i/rst_ps7_0_100M/U0/ACTIVE_LOW_PR_OUT_DFF[0].FDRE_PER_N/Q
                         net (fo=72, routed)          3.833    37.284    Soc_Tracking_i/VGA_controller_0/U0/S_AXIS_ARESETN
    SLICE_X27Y35         LUT5 (Prop_lut5_I4_O)        0.324    37.608 r  Soc_Tracking_i/VGA_controller_0/U0/h_cntr_reg[9]_i_1/O
                         net (fo=10, routed)          1.374    38.982    Soc_Tracking_i/VGA_controller_0/U0/h_cntr_reg[9]_i_1_n_0
    SLICE_X30Y35         FDRE                                         r  Soc_Tracking_i/VGA_controller_0/U0/h_cntr_reg_reg[4]/R
  -------------------------------------------------------------------    -------------------

                         (clock clk_fpga_1 rise edge)
                                                     40.000    40.000 r  
    PS7_X0Y0             PS7                          0.000    40.000 r  Soc_Tracking_i/processing_system7_0/inst/PS7_i/FCLKCLK[1]
                         net (fo=1, routed)           1.101    41.101    Soc_Tracking_i/processing_system7_0/inst/FCLK_CLK_unbuffered[1]
    BUFGCTRL_X0Y3        BUFG (Prop_bufg_I_O)         0.091    41.192 r  Soc_Tracking_i/processing_system7_0/inst/buffer_fclk_clk_1.FCLK_CLK_1_BUFG/O
                         net (fo=37, routed)          1.494    42.687    Soc_Tracking_i/VGA_controller_0/U0/clk_VGA
    SLICE_X30Y35         FDRE                                         r  Soc_Tracking_i/VGA_controller_0/U0/h_cntr_reg_reg[4]/C
                         clock pessimism              0.000    42.687    
                         clock uncertainty           -0.619    42.067    
    SLICE_X30Y35         FDRE (Setup_fdre_C_R)       -0.727    41.340    Soc_Tracking_i/VGA_controller_0/U0/h_cntr_reg_reg[4]
  -------------------------------------------------------------------
                         required time                         41.340    
                         arrival time                         -38.982    
  -------------------------------------------------------------------
                         slack                                  2.358    

Slack (MET) :             2.358ns  (required time - arrival time)
  Source:                 Soc_Tracking_i/rst_ps7_0_100M/U0/ACTIVE_LOW_PR_OUT_DFF[0].FDRE_PER_N/C
                            (rising edge-triggered cell FDRE clocked by clk_fpga_0  {rise@0.000ns fall@5.000ns period=10.000ns})
  Destination:            Soc_Tracking_i/VGA_controller_0/U0/h_cntr_reg_reg[5]/R
                            (rising edge-triggered cell FDRE clocked by clk_fpga_1  {rise@0.000ns fall@20.000ns period=40.000ns})
  Path Group:             clk_fpga_1
  Path Type:              Setup (Max at Slow Process Corner)
  Requirement:            10.000ns  (clk_fpga_1 rise@40.000ns - clk_fpga_0 rise@30.000ns)
  Data Path Delay:        6.009ns  (logic 0.802ns (13.347%)  route 5.207ns (86.653%))
  Logic Levels:           1  (LUT5=1)
  Clock Path Skew:        -0.287ns (DCD - SCD + CPR)
    Destination Clock Delay (DCD):    2.686ns = ( 42.687 - 40.000 ) 
    Source Clock Delay      (SCD):    2.973ns = ( 32.973 - 30.000 ) 
    Clock Pessimism Removal (CPR):    0.000ns
  Clock Uncertainty:      0.619ns  ((TSJ^2 + TIJ^2)^1/2 + DJ) / 2 + PE
    Total System Jitter     (TSJ):    0.071ns
    Total Input Jitter      (TIJ):    1.237ns
    Discrete Jitter          (DJ):    0.000ns
    Phase Error              (PE):    0.000ns
  Clock Domain Crossing:  Inter clock paths are considered valid unless explicitly excluded by timing constraints such as set_clock_groups or set_false_path.

    Location             Delay type                Incr(ns)  Path(ns)    Netlist Resource(s)
  -------------------------------------------------------------------    -------------------
                         (clock clk_fpga_0 rise edge)
                                                     30.000    30.000 r  
    PS7_X0Y0             PS7                          0.000    30.000 r  Soc_Tracking_i/processing_system7_0/inst/PS7_i/FCLKCLK[0]
                         net (fo=1, routed)           1.207    31.207    Soc_Tracking_i/processing_system7_0/inst/FCLK_CLK_unbuffered[0]
    BUFGCTRL_X0Y0        BUFG (Prop_bufg_I_O)         0.101    31.308 r  Soc_Tracking_i/processing_system7_0/inst/buffer_fclk_clk_0.FCLK_CLK_0_BUFG/O
                         net (fo=5076, routed)        1.665    32.973    Soc_Tracking_i/rst_ps7_0_100M/U0/slowest_sync_clk
    SLICE_X30Y17         FDRE                                         r  Soc_Tracking_i/rst_ps7_0_100M/U0/ACTIVE_LOW_PR_OUT_DFF[0].FDRE_PER_N/C
  -------------------------------------------------------------------    -------------------
    SLICE_X30Y17         FDRE (Prop_fdre_C_Q)         0.478    33.451 f  Soc_Tracking_i/rst_ps7_0_100M/U0/ACTIVE_LOW_PR_OUT_DFF[0].FDRE_PER_N/Q
                         net (fo=72, routed)          3.833    37.284    Soc_Tracking_i/VGA_controller_0/U0/S_AXIS_ARESETN
    SLICE_X27Y35         LUT5 (Prop_lut5_I4_O)        0.324    37.608 r  Soc_Tracking_i/VGA_controller_0/U0/h_cntr_reg[9]_i_1/O
                         net (fo=10, routed)          1.374    38.982    Soc_Tracking_i/VGA_controller_0/U0/h_cntr_reg[9]_i_1_n_0
    SLICE_X30Y35         FDRE                                         r  Soc_Tracking_i/VGA_controller_0/U0/h_cntr_reg_reg[5]/R
  -------------------------------------------------------------------    -------------------

                         (clock clk_fpga_1 rise edge)
                                                     40.000    40.000 r  
    PS7_X0Y0             PS7                          0.000    40.000 r  Soc_Tracking_i/processing_system7_0/inst/PS7_i/FCLKCLK[1]
                         net (fo=1, routed)           1.101    41.101    Soc_Tracking_i/processing_system7_0/inst/FCLK_CLK_unbuffered[1]
    BUFGCTRL_X0Y3        BUFG (Prop_bufg_I_O)         0.091    41.192 r  Soc_Tracking_i/processing_system7_0/inst/buffer_fclk_clk_1.FCLK_CLK_1_BUFG/O
                         net (fo=37, routed)          1.494    42.687    Soc_Tracking_i/VGA_controller_0/U0/clk_VGA
    SLICE_X30Y35         FDRE                                         r  Soc_Tracking_i/VGA_controller_0/U0/h_cntr_reg_reg[5]/C
                         clock pessimism              0.000    42.687    
                         clock uncertainty           -0.619    42.067    
    SLICE_X30Y35         FDRE (Setup_fdre_C_R)       -0.727    41.340    Soc_Tracking_i/VGA_controller_0/U0/h_cntr_reg_reg[5]
  -------------------------------------------------------------------
                         required time                         41.340    
                         arrival time                         -38.982    
  -------------------------------------------------------------------
                         slack                                  2.358    

Slack (MET) :             2.371ns  (required time - arrival time)
  Source:                 Soc_Tracking_i/rst_ps7_0_100M/U0/ACTIVE_LOW_PR_OUT_DFF[0].FDRE_PER_N/C
                            (rising edge-triggered cell FDRE clocked by clk_fpga_0  {rise@0.000ns fall@5.000ns period=10.000ns})
  Destination:            Soc_Tracking_i/VGA_controller_0/U0/h_cntr_reg_reg[6]/R
                            (rising edge-triggered cell FDRE clocked by clk_fpga_1  {rise@0.000ns fall@20.000ns period=40.000ns})
  Path Group:             clk_fpga_1
  Path Type:              Setup (Max at Slow Process Corner)
  Requirement:            10.000ns  (clk_fpga_1 rise@40.000ns - clk_fpga_0 rise@30.000ns)
  Data Path Delay:        5.996ns  (logic 0.802ns (13.376%)  route 5.194ns (86.624%))
  Logic Levels:           1  (LUT5=1)
  Clock Path Skew:        -0.287ns (DCD - SCD + CPR)
    Destination Clock Delay (DCD):    2.686ns = ( 42.687 - 40.000 ) 
    Source Clock Delay      (SCD):    2.973ns = ( 32.973 - 30.000 ) 
    Clock Pessimism Removal (CPR):    0.000ns
  Clock Uncertainty:      0.619ns  ((TSJ^2 + TIJ^2)^1/2 + DJ) / 2 + PE
    Total System Jitter     (TSJ):    0.071ns
    Total Input Jitter      (TIJ):    1.237ns
    Discrete Jitter          (DJ):    0.000ns
    Phase Error              (PE):    0.000ns
  Clock Domain Crossing:  Inter clock paths are considered valid unless explicitly excluded by timing constraints such as set_clock_groups or set_false_path.

    Location             Delay type                Incr(ns)  Path(ns)    Netlist Resource(s)
  -------------------------------------------------------------------    -------------------
                         (clock clk_fpga_0 rise edge)
                                                     30.000    30.000 r  
    PS7_X0Y0             PS7                          0.000    30.000 r  Soc_Tracking_i/processing_system7_0/inst/PS7_i/FCLKCLK[0]
                         net (fo=1, routed)           1.207    31.207    Soc_Tracking_i/processing_system7_0/inst/FCLK_CLK_unbuffered[0]
    BUFGCTRL_X0Y0        BUFG (Prop_bufg_I_O)         0.101    31.308 r  Soc_Tracking_i/processing_system7_0/inst/buffer_fclk_clk_0.FCLK_CLK_0_BUFG/O
                         net (fo=5076, routed)        1.665    32.973    Soc_Tracking_i/rst_ps7_0_100M/U0/slowest_sync_clk
    SLICE_X30Y17         FDRE                                         r  Soc_Tracking_i/rst_ps7_0_100M/U0/ACTIVE_LOW_PR_OUT_DFF[0].FDRE_PER_N/C
  -------------------------------------------------------------------    -------------------
    SLICE_X30Y17         FDRE (Prop_fdre_C_Q)         0.478    33.451 f  Soc_Tracking_i/rst_ps7_0_100M/U0/ACTIVE_LOW_PR_OUT_DFF[0].FDRE_PER_N/Q
                         net (fo=72, routed)          3.833    37.284    Soc_Tracking_i/VGA_controller_0/U0/S_AXIS_ARESETN
    SLICE_X27Y35         LUT5 (Prop_lut5_I4_O)        0.324    37.608 r  Soc_Tracking_i/VGA_controller_0/U0/h_cntr_reg[9]_i_1/O
                         net (fo=10, routed)          1.361    38.969    Soc_Tracking_i/VGA_controller_0/U0/h_cntr_reg[9]_i_1_n_0
    SLICE_X28Y35         FDRE                                         r  Soc_Tracking_i/VGA_controller_0/U0/h_cntr_reg_reg[6]/R
  -------------------------------------------------------------------    -------------------

                         (clock clk_fpga_1 rise edge)
                                                     40.000    40.000 r  
    PS7_X0Y0             PS7                          0.000    40.000 r  Soc_Tracking_i/processing_system7_0/inst/PS7_i/FCLKCLK[1]
                         net (fo=1, routed)           1.101    41.101    Soc_Tracking_i/processing_system7_0/inst/FCLK_CLK_unbuffered[1]
    BUFGCTRL_X0Y3        BUFG (Prop_bufg_I_O)         0.091    41.192 r  Soc_Tracking_i/processing_system7_0/inst/buffer_fclk_clk_1.FCLK_CLK_1_BUFG/O
                         net (fo=37, routed)          1.494    42.687    Soc_Tracking_i/VGA_controller_0/U0/clk_VGA
    SLICE_X28Y35         FDRE                                         r  Soc_Tracking_i/VGA_controller_0/U0/h_cntr_reg_reg[6]/C
                         clock pessimism              0.000    42.687    
                         clock uncertainty           -0.619    42.067    
    SLICE_X28Y35         FDRE (Setup_fdre_C_R)       -0.727    41.340    Soc_Tracking_i/VGA_controller_0/U0/h_cntr_reg_reg[6]
  -------------------------------------------------------------------
                         required time                         41.340    
                         arrival time                         -38.969    
  -------------------------------------------------------------------
                         slack                                  2.371    

Slack (MET) :             2.371ns  (required time - arrival time)
  Source:                 Soc_Tracking_i/rst_ps7_0_100M/U0/ACTIVE_LOW_PR_OUT_DFF[0].FDRE_PER_N/C
                            (rising edge-triggered cell FDRE clocked by clk_fpga_0  {rise@0.000ns fall@5.000ns period=10.000ns})
  Destination:            Soc_Tracking_i/VGA_controller_0/U0/h_cntr_reg_reg[7]/R
                            (rising edge-triggered cell FDRE clocked by clk_fpga_1  {rise@0.000ns fall@20.000ns period=40.000ns})
  Path Group:             clk_fpga_1
  Path Type:              Setup (Max at Slow Process Corner)
  Requirement:            10.000ns  (clk_fpga_1 rise@40.000ns - clk_fpga_0 rise@30.000ns)
  Data Path Delay:        5.996ns  (logic 0.802ns (13.376%)  route 5.194ns (86.624%))
  Logic Levels:           1  (LUT5=1)
  Clock Path Skew:        -0.287ns (DCD - SCD + CPR)
    Destination Clock Delay (DCD):    2.686ns = ( 42.687 - 40.000 ) 
    Source Clock Delay      (SCD):    2.973ns = ( 32.973 - 30.000 ) 
    Clock Pessimism Removal (CPR):    0.000ns
  Clock Uncertainty:      0.619ns  ((TSJ^2 + TIJ^2)^1/2 + DJ) / 2 + PE
    Total System Jitter     (TSJ):    0.071ns
    Total Input Jitter      (TIJ):    1.237ns
    Discrete Jitter          (DJ):    0.000ns
    Phase Error              (PE):    0.000ns
  Clock Domain Crossing:  Inter clock paths are considered valid unless explicitly excluded by timing constraints such as set_clock_groups or set_false_path.

    Location             Delay type                Incr(ns)  Path(ns)    Netlist Resource(s)
  -------------------------------------------------------------------    -------------------
                         (clock clk_fpga_0 rise edge)
                                                     30.000    30.000 r  
    PS7_X0Y0             PS7                          0.000    30.000 r  Soc_Tracking_i/processing_system7_0/inst/PS7_i/FCLKCLK[0]
                         net (fo=1, routed)           1.207    31.207    Soc_Tracking_i/processing_system7_0/inst/FCLK_CLK_unbuffered[0]
    BUFGCTRL_X0Y0        BUFG (Prop_bufg_I_O)         0.101    31.308 r  Soc_Tracking_i/processing_system7_0/inst/buffer_fclk_clk_0.FCLK_CLK_0_BUFG/O
                         net (fo=5076, routed)        1.665    32.973    Soc_Tracking_i/rst_ps7_0_100M/U0/slowest_sync_clk
    SLICE_X30Y17         FDRE                                         r  Soc_Tracking_i/rst_ps7_0_100M/U0/ACTIVE_LOW_PR_OUT_DFF[0].FDRE_PER_N/C
  -------------------------------------------------------------------    -------------------
    SLICE_X30Y17         FDRE (Prop_fdre_C_Q)         0.478    33.451 f  Soc_Tracking_i/rst_ps7_0_100M/U0/ACTIVE_LOW_PR_OUT_DFF[0].FDRE_PER_N/Q
                         net (fo=72, routed)          3.833    37.284    Soc_Tracking_i/VGA_controller_0/U0/S_AXIS_ARESETN
    SLICE_X27Y35         LUT5 (Prop_lut5_I4_O)        0.324    37.608 r  Soc_Tracking_i/VGA_controller_0/U0/h_cntr_reg[9]_i_1/O
                         net (fo=10, routed)          1.361    38.969    Soc_Tracking_i/VGA_controller_0/U0/h_cntr_reg[9]_i_1_n_0
    SLICE_X28Y35         FDRE                                         r  Soc_Tracking_i/VGA_controller_0/U0/h_cntr_reg_reg[7]/R
  -------------------------------------------------------------------    -------------------

                         (clock clk_fpga_1 rise edge)
                                                     40.000    40.000 r  
    PS7_X0Y0             PS7                          0.000    40.000 r  Soc_Tracking_i/processing_system7_0/inst/PS7_i/FCLKCLK[1]
                         net (fo=1, routed)           1.101    41.101    Soc_Tracking_i/processing_system7_0/inst/FCLK_CLK_unbuffered[1]
    BUFGCTRL_X0Y3        BUFG (Prop_bufg_I_O)         0.091    41.192 r  Soc_Tracking_i/processing_system7_0/inst/buffer_fclk_clk_1.FCLK_CLK_1_BUFG/O
                         net (fo=37, routed)          1.494    42.687    Soc_Tracking_i/VGA_controller_0/U0/clk_VGA
    SLICE_X28Y35         FDRE                                         r  Soc_Tracking_i/VGA_controller_0/U0/h_cntr_reg_reg[7]/C
                         clock pessimism              0.000    42.687    
                         clock uncertainty           -0.619    42.067    
    SLICE_X28Y35         FDRE (Setup_fdre_C_R)       -0.727    41.340    Soc_Tracking_i/VGA_controller_0/U0/h_cntr_reg_reg[7]
  -------------------------------------------------------------------
                         required time                         41.340    
                         arrival time                         -38.969    
  -------------------------------------------------------------------
                         slack                                  2.371    

Slack (MET) :             2.371ns  (required time - arrival time)
  Source:                 Soc_Tracking_i/rst_ps7_0_100M/U0/ACTIVE_LOW_PR_OUT_DFF[0].FDRE_PER_N/C
                            (rising edge-triggered cell FDRE clocked by clk_fpga_0  {rise@0.000ns fall@5.000ns period=10.000ns})
  Destination:            Soc_Tracking_i/VGA_controller_0/U0/h_cntr_reg_reg[8]/R
                            (rising edge-triggered cell FDRE clocked by clk_fpga_1  {rise@0.000ns fall@20.000ns period=40.000ns})
  Path Group:             clk_fpga_1
  Path Type:              Setup (Max at Slow Process Corner)
  Requirement:            10.000ns  (clk_fpga_1 rise@40.000ns - clk_fpga_0 rise@30.000ns)
  Data Path Delay:        5.996ns  (logic 0.802ns (13.376%)  route 5.194ns (86.624%))
  Logic Levels:           1  (LUT5=1)
  Clock Path Skew:        -0.287ns (DCD - SCD + CPR)
    Destination Clock Delay (DCD):    2.686ns = ( 42.687 - 40.000 ) 
    Source Clock Delay      (SCD):    2.973ns = ( 32.973 - 30.000 ) 
    Clock Pessimism Removal (CPR):    0.000ns
  Clock Uncertainty:      0.619ns  ((TSJ^2 + TIJ^2)^1/2 + DJ) / 2 + PE
    Total System Jitter     (TSJ):    0.071ns
    Total Input Jitter      (TIJ):    1.237ns
    Discrete Jitter          (DJ):    0.000ns
    Phase Error              (PE):    0.000ns
  Clock Domain Crossing:  Inter clock paths are considered valid unless explicitly excluded by timing constraints such as set_clock_groups or set_false_path.

    Location             Delay type                Incr(ns)  Path(ns)    Netlist Resource(s)
  -------------------------------------------------------------------    -------------------
                         (clock clk_fpga_0 rise edge)
                                                     30.000    30.000 r  
    PS7_X0Y0             PS7                          0.000    30.000 r  Soc_Tracking_i/processing_system7_0/inst/PS7_i/FCLKCLK[0]
                         net (fo=1, routed)           1.207    31.207    Soc_Tracking_i/processing_system7_0/inst/FCLK_CLK_unbuffered[0]
    BUFGCTRL_X0Y0        BUFG (Prop_bufg_I_O)         0.101    31.308 r  Soc_Tracking_i/processing_system7_0/inst/buffer_fclk_clk_0.FCLK_CLK_0_BUFG/O
                         net (fo=5076, routed)        1.665    32.973    Soc_Tracking_i/rst_ps7_0_100M/U0/slowest_sync_clk
    SLICE_X30Y17         FDRE                                         r  Soc_Tracking_i/rst_ps7_0_100M/U0/ACTIVE_LOW_PR_OUT_DFF[0].FDRE_PER_N/C
  -------------------------------------------------------------------    -------------------
    SLICE_X30Y17         FDRE (Prop_fdre_C_Q)         0.478    33.451 f  Soc_Tracking_i/rst_ps7_0_100M/U0/ACTIVE_LOW_PR_OUT_DFF[0].FDRE_PER_N/Q
                         net (fo=72, routed)          3.833    37.284    Soc_Tracking_i/VGA_controller_0/U0/S_AXIS_ARESETN
    SLICE_X27Y35         LUT5 (Prop_lut5_I4_O)        0.324    37.608 r  Soc_Tracking_i/VGA_controller_0/U0/h_cntr_reg[9]_i_1/O
                         net (fo=10, routed)          1.361    38.969    Soc_Tracking_i/VGA_controller_0/U0/h_cntr_reg[9]_i_1_n_0
    SLICE_X28Y35         FDRE                                         r  Soc_Tracking_i/VGA_controller_0/U0/h_cntr_reg_reg[8]/R
  -------------------------------------------------------------------    -------------------

                         (clock clk_fpga_1 rise edge)
                                                     40.000    40.000 r  
    PS7_X0Y0             PS7                          0.000    40.000 r  Soc_Tracking_i/processing_system7_0/inst/PS7_i/FCLKCLK[1]
                         net (fo=1, routed)           1.101    41.101    Soc_Tracking_i/processing_system7_0/inst/FCLK_CLK_unbuffered[1]
    BUFGCTRL_X0Y3        BUFG (Prop_bufg_I_O)         0.091    41.192 r  Soc_Tracking_i/processing_system7_0/inst/buffer_fclk_clk_1.FCLK_CLK_1_BUFG/O
                         net (fo=37, routed)          1.494    42.687    Soc_Tracking_i/VGA_controller_0/U0/clk_VGA
    SLICE_X28Y35         FDRE                                         r  Soc_Tracking_i/VGA_controller_0/U0/h_cntr_reg_reg[8]/C
                         clock pessimism              0.000    42.687    
                         clock uncertainty           -0.619    42.067    
    SLICE_X28Y35         FDRE (Setup_fdre_C_R)       -0.727    41.340    Soc_Tracking_i/VGA_controller_0/U0/h_cntr_reg_reg[8]
  -------------------------------------------------------------------
                         required time                         41.340    
                         arrival time                         -38.969    
  -------------------------------------------------------------------
                         slack                                  2.371    

Slack (MET) :             2.371ns  (required time - arrival time)
  Source:                 Soc_Tracking_i/rst_ps7_0_100M/U0/ACTIVE_LOW_PR_OUT_DFF[0].FDRE_PER_N/C
                            (rising edge-triggered cell FDRE clocked by clk_fpga_0  {rise@0.000ns fall@5.000ns period=10.000ns})
  Destination:            Soc_Tracking_i/VGA_controller_0/U0/h_cntr_reg_reg[9]/R
                            (rising edge-triggered cell FDRE clocked by clk_fpga_1  {rise@0.000ns fall@20.000ns period=40.000ns})
  Path Group:             clk_fpga_1
  Path Type:              Setup (Max at Slow Process Corner)
  Requirement:            10.000ns  (clk_fpga_1 rise@40.000ns - clk_fpga_0 rise@30.000ns)
  Data Path Delay:        5.996ns  (logic 0.802ns (13.376%)  route 5.194ns (86.624%))
  Logic Levels:           1  (LUT5=1)
  Clock Path Skew:        -0.287ns (DCD - SCD + CPR)
    Destination Clock Delay (DCD):    2.686ns = ( 42.687 - 40.000 ) 
    Source Clock Delay      (SCD):    2.973ns = ( 32.973 - 30.000 ) 
    Clock Pessimism Removal (CPR):    0.000ns
  Clock Uncertainty:      0.619ns  ((TSJ^2 + TIJ^2)^1/2 + DJ) / 2 + PE
    Total System Jitter     (TSJ):    0.071ns
    Total Input Jitter      (TIJ):    1.237ns
    Discrete Jitter          (DJ):    0.000ns
    Phase Error              (PE):    0.000ns
  Clock Domain Crossing:  Inter clock paths are considered valid unless explicitly excluded by timing constraints such as set_clock_groups or set_false_path.

    Location             Delay type                Incr(ns)  Path(ns)    Netlist Resource(s)
  -------------------------------------------------------------------    -------------------
                         (clock clk_fpga_0 rise edge)
                                                     30.000    30.000 r  
    PS7_X0Y0             PS7                          0.000    30.000 r  Soc_Tracking_i/processing_system7_0/inst/PS7_i/FCLKCLK[0]
                         net (fo=1, routed)           1.207    31.207    Soc_Tracking_i/processing_system7_0/inst/FCLK_CLK_unbuffered[0]
    BUFGCTRL_X0Y0        BUFG (Prop_bufg_I_O)         0.101    31.308 r  Soc_Tracking_i/processing_system7_0/inst/buffer_fclk_clk_0.FCLK_CLK_0_BUFG/O
                         net (fo=5076, routed)        1.665    32.973    Soc_Tracking_i/rst_ps7_0_100M/U0/slowest_sync_clk
    SLICE_X30Y17         FDRE                                         r  Soc_Tracking_i/rst_ps7_0_100M/U0/ACTIVE_LOW_PR_OUT_DFF[0].FDRE_PER_N/C
  -------------------------------------------------------------------    -------------------
    SLICE_X30Y17         FDRE (Prop_fdre_C_Q)         0.478    33.451 f  Soc_Tracking_i/rst_ps7_0_100M/U0/ACTIVE_LOW_PR_OUT_DFF[0].FDRE_PER_N/Q
                         net (fo=72, routed)          3.833    37.284    Soc_Tracking_i/VGA_controller_0/U0/S_AXIS_ARESETN
    SLICE_X27Y35         LUT5 (Prop_lut5_I4_O)        0.324    37.608 r  Soc_Tracking_i/VGA_controller_0/U0/h_cntr_reg[9]_i_1/O
                         net (fo=10, routed)          1.361    38.969    Soc_Tracking_i/VGA_controller_0/U0/h_cntr_reg[9]_i_1_n_0
    SLICE_X28Y35         FDRE                                         r  Soc_Tracking_i/VGA_controller_0/U0/h_cntr_reg_reg[9]/R
  -------------------------------------------------------------------    -------------------

                         (clock clk_fpga_1 rise edge)
                                                     40.000    40.000 r  
    PS7_X0Y0             PS7                          0.000    40.000 r  Soc_Tracking_i/processing_system7_0/inst/PS7_i/FCLKCLK[1]
                         net (fo=1, routed)           1.101    41.101    Soc_Tracking_i/processing_system7_0/inst/FCLK_CLK_unbuffered[1]
    BUFGCTRL_X0Y3        BUFG (Prop_bufg_I_O)         0.091    41.192 r  Soc_Tracking_i/processing_system7_0/inst/buffer_fclk_clk_1.FCLK_CLK_1_BUFG/O
                         net (fo=37, routed)          1.494    42.687    Soc_Tracking_i/VGA_controller_0/U0/clk_VGA
    SLICE_X28Y35         FDRE                                         r  Soc_Tracking_i/VGA_controller_0/U0/h_cntr_reg_reg[9]/C
                         clock pessimism              0.000    42.687    
                         clock uncertainty           -0.619    42.067    
    SLICE_X28Y35         FDRE (Setup_fdre_C_R)       -0.727    41.340    Soc_Tracking_i/VGA_controller_0/U0/h_cntr_reg_reg[9]
  -------------------------------------------------------------------
                         required time                         41.340    
                         arrival time                         -38.969    
  -------------------------------------------------------------------
                         slack                                  2.371    

Slack (MET) :             2.453ns  (required time - arrival time)
  Source:                 Soc_Tracking_i/rst_ps7_0_100M/U0/ACTIVE_LOW_PR_OUT_DFF[0].FDRE_PER_N/C
                            (rising edge-triggered cell FDRE clocked by clk_fpga_0  {rise@0.000ns fall@5.000ns period=10.000ns})
  Destination:            Soc_Tracking_i/VGA_controller_0/U0/h_cntr_reg_reg[0]/R
                            (rising edge-triggered cell FDRE clocked by clk_fpga_1  {rise@0.000ns fall@20.000ns period=40.000ns})
  Path Group:             clk_fpga_1
  Path Type:              Setup (Max at Slow Process Corner)
  Requirement:            10.000ns  (clk_fpga_1 rise@40.000ns - clk_fpga_0 rise@30.000ns)
  Data Path Delay:        6.009ns  (logic 0.802ns (13.347%)  route 5.207ns (86.653%))
  Logic Levels:           1  (LUT5=1)
  Clock Path Skew:        -0.287ns (DCD - SCD + CPR)
    Destination Clock Delay (DCD):    2.686ns = ( 42.687 - 40.000 ) 
    Source Clock Delay      (SCD):    2.973ns = ( 32.973 - 30.000 ) 
    Clock Pessimism Removal (CPR):    0.000ns
  Clock Uncertainty:      0.619ns  ((TSJ^2 + TIJ^2)^1/2 + DJ) / 2 + PE
    Total System Jitter     (TSJ):    0.071ns
    Total Input Jitter      (TIJ):    1.237ns
    Discrete Jitter          (DJ):    0.000ns
    Phase Error              (PE):    0.000ns
  Clock Domain Crossing:  Inter clock paths are considered valid unless explicitly excluded by timing constraints such as set_clock_groups or set_false_path.

    Location             Delay type                Incr(ns)  Path(ns)    Netlist Resource(s)
  -------------------------------------------------------------------    -------------------
                         (clock clk_fpga_0 rise edge)
                                                     30.000    30.000 r  
    PS7_X0Y0             PS7                          0.000    30.000 r  Soc_Tracking_i/processing_system7_0/inst/PS7_i/FCLKCLK[0]
                         net (fo=1, routed)           1.207    31.207    Soc_Tracking_i/processing_system7_0/inst/FCLK_CLK_unbuffered[0]
    BUFGCTRL_X0Y0        BUFG (Prop_bufg_I_O)         0.101    31.308 r  Soc_Tracking_i/processing_system7_0/inst/buffer_fclk_clk_0.FCLK_CLK_0_BUFG/O
                         net (fo=5076, routed)        1.665    32.973    Soc_Tracking_i/rst_ps7_0_100M/U0/slowest_sync_clk
    SLICE_X30Y17         FDRE                                         r  Soc_Tracking_i/rst_ps7_0_100M/U0/ACTIVE_LOW_PR_OUT_DFF[0].FDRE_PER_N/C
  -------------------------------------------------------------------    -------------------
    SLICE_X30Y17         FDRE (Prop_fdre_C_Q)         0.478    33.451 f  Soc_Tracking_i/rst_ps7_0_100M/U0/ACTIVE_LOW_PR_OUT_DFF[0].FDRE_PER_N/Q
                         net (fo=72, routed)          3.833    37.284    Soc_Tracking_i/VGA_controller_0/U0/S_AXIS_ARESETN
    SLICE_X27Y35         LUT5 (Prop_lut5_I4_O)        0.324    37.608 r  Soc_Tracking_i/VGA_controller_0/U0/h_cntr_reg[9]_i_1/O
                         net (fo=10, routed)          1.374    38.982    Soc_Tracking_i/VGA_controller_0/U0/h_cntr_reg[9]_i_1_n_0
    SLICE_X31Y35         FDRE                                         r  Soc_Tracking_i/VGA_controller_0/U0/h_cntr_reg_reg[0]/R
  -------------------------------------------------------------------    -------------------

                         (clock clk_fpga_1 rise edge)
                                                     40.000    40.000 r  
    PS7_X0Y0             PS7                          0.000    40.000 r  Soc_Tracking_i/processing_system7_0/inst/PS7_i/FCLKCLK[1]
                         net (fo=1, routed)           1.101    41.101    Soc_Tracking_i/processing_system7_0/inst/FCLK_CLK_unbuffered[1]
    BUFGCTRL_X0Y3        BUFG (Prop_bufg_I_O)         0.091    41.192 r  Soc_Tracking_i/processing_system7_0/inst/buffer_fclk_clk_1.FCLK_CLK_1_BUFG/O
                         net (fo=37, routed)          1.494    42.687    Soc_Tracking_i/VGA_controller_0/U0/clk_VGA
    SLICE_X31Y35         FDRE                                         r  Soc_Tracking_i/VGA_controller_0/U0/h_cntr_reg_reg[0]/C
                         clock pessimism              0.000    42.687    
                         clock uncertainty           -0.619    42.067    
    SLICE_X31Y35         FDRE (Setup_fdre_C_R)       -0.632    41.435    Soc_Tracking_i/VGA_controller_0/U0/h_cntr_reg_reg[0]
  -------------------------------------------------------------------
                         required time                         41.435    
                         arrival time                         -38.982    
  -------------------------------------------------------------------
                         slack                                  2.453    

Slack (MET) :             2.453ns  (required time - arrival time)
  Source:                 Soc_Tracking_i/rst_ps7_0_100M/U0/ACTIVE_LOW_PR_OUT_DFF[0].FDRE_PER_N/C
                            (rising edge-triggered cell FDRE clocked by clk_fpga_0  {rise@0.000ns fall@5.000ns period=10.000ns})
  Destination:            Soc_Tracking_i/VGA_controller_0/U0/h_cntr_reg_reg[3]/R
                            (rising edge-triggered cell FDRE clocked by clk_fpga_1  {rise@0.000ns fall@20.000ns period=40.000ns})
  Path Group:             clk_fpga_1
  Path Type:              Setup (Max at Slow Process Corner)
  Requirement:            10.000ns  (clk_fpga_1 rise@40.000ns - clk_fpga_0 rise@30.000ns)
  Data Path Delay:        6.009ns  (logic 0.802ns (13.347%)  route 5.207ns (86.653%))
  Logic Levels:           1  (LUT5=1)
  Clock Path Skew:        -0.287ns (DCD - SCD + CPR)
    Destination Clock Delay (DCD):    2.686ns = ( 42.687 - 40.000 ) 
    Source Clock Delay      (SCD):    2.973ns = ( 32.973 - 30.000 ) 
    Clock Pessimism Removal (CPR):    0.000ns
  Clock Uncertainty:      0.619ns  ((TSJ^2 + TIJ^2)^1/2 + DJ) / 2 + PE
    Total System Jitter     (TSJ):    0.071ns
    Total Input Jitter      (TIJ):    1.237ns
    Discrete Jitter          (DJ):    0.000ns
    Phase Error              (PE):    0.000ns
  Clock Domain Crossing:  Inter clock paths are considered valid unless explicitly excluded by timing constraints such as set_clock_groups or set_false_path.

    Location             Delay type                Incr(ns)  Path(ns)    Netlist Resource(s)
  -------------------------------------------------------------------    -------------------
                         (clock clk_fpga_0 rise edge)
                                                     30.000    30.000 r  
    PS7_X0Y0             PS7                          0.000    30.000 r  Soc_Tracking_i/processing_system7_0/inst/PS7_i/FCLKCLK[0]
                         net (fo=1, routed)           1.207    31.207    Soc_Tracking_i/processing_system7_0/inst/FCLK_CLK_unbuffered[0]
    BUFGCTRL_X0Y0        BUFG (Prop_bufg_I_O)         0.101    31.308 r  Soc_Tracking_i/processing_system7_0/inst/buffer_fclk_clk_0.FCLK_CLK_0_BUFG/O
                         net (fo=5076, routed)        1.665    32.973    Soc_Tracking_i/rst_ps7_0_100M/U0/slowest_sync_clk
    SLICE_X30Y17         FDRE                                         r  Soc_Tracking_i/rst_ps7_0_100M/U0/ACTIVE_LOW_PR_OUT_DFF[0].FDRE_PER_N/C
  -------------------------------------------------------------------    -------------------
    SLICE_X30Y17         FDRE (Prop_fdre_C_Q)         0.478    33.451 f  Soc_Tracking_i/rst_ps7_0_100M/U0/ACTIVE_LOW_PR_OUT_DFF[0].FDRE_PER_N/Q
                         net (fo=72, routed)          3.833    37.284    Soc_Tracking_i/VGA_controller_0/U0/S_AXIS_ARESETN
    SLICE_X27Y35         LUT5 (Prop_lut5_I4_O)        0.324    37.608 r  Soc_Tracking_i/VGA_controller_0/U0/h_cntr_reg[9]_i_1/O
                         net (fo=10, routed)          1.374    38.982    Soc_Tracking_i/VGA_controller_0/U0/h_cntr_reg[9]_i_1_n_0
    SLICE_X31Y35         FDRE                                         r  Soc_Tracking_i/VGA_controller_0/U0/h_cntr_reg_reg[3]/R
  -------------------------------------------------------------------    -------------------

                         (clock clk_fpga_1 rise edge)
                                                     40.000    40.000 r  
    PS7_X0Y0             PS7                          0.000    40.000 r  Soc_Tracking_i/processing_system7_0/inst/PS7_i/FCLKCLK[1]
                         net (fo=1, routed)           1.101    41.101    Soc_Tracking_i/processing_system7_0/inst/FCLK_CLK_unbuffered[1]
    BUFGCTRL_X0Y3        BUFG (Prop_bufg_I_O)         0.091    41.192 r  Soc_Tracking_i/processing_system7_0/inst/buffer_fclk_clk_1.FCLK_CLK_1_BUFG/O
                         net (fo=37, routed)          1.494    42.687    Soc_Tracking_i/VGA_controller_0/U0/clk_VGA
    SLICE_X31Y35         FDRE                                         r  Soc_Tracking_i/VGA_controller_0/U0/h_cntr_reg_reg[3]/C
                         clock pessimism              0.000    42.687    
                         clock uncertainty           -0.619    42.067    
    SLICE_X31Y35         FDRE (Setup_fdre_C_R)       -0.632    41.435    Soc_Tracking_i/VGA_controller_0/U0/h_cntr_reg_reg[3]
  -------------------------------------------------------------------
                         required time                         41.435    
                         arrival time                         -38.982    
  -------------------------------------------------------------------
                         slack                                  2.453    





Min Delay Paths
--------------------------------------------------------------------------------------
Slack (MET) :             0.120ns  (arrival time - required time)
  Source:                 Soc_Tracking_i/VGA_controller_0/U0/vga_red_reg[0]/C
                            (rising edge-triggered cell FDRE clocked by clk_fpga_0  {rise@0.000ns fall@5.000ns period=10.000ns})
  Destination:            Soc_Tracking_i/VGA_controller_0/U0/vga_red_reg_reg[0]/D
                            (rising edge-triggered cell FDRE clocked by clk_fpga_1  {rise@0.000ns fall@20.000ns period=40.000ns})
  Path Group:             clk_fpga_1
  Path Type:              Hold (Min at Fast Process Corner)
  Requirement:            0.000ns  (clk_fpga_1 rise@0.000ns - clk_fpga_0 rise@0.000ns)
  Data Path Delay:        1.124ns  (logic 0.164ns (14.595%)  route 0.960ns (85.405%))
  Logic Levels:           0  
  Clock Path Skew:        0.294ns (DCD - SCD - CPR)
    Destination Clock Delay (DCD):    1.191ns
    Source Clock Delay      (SCD):    0.897ns
    Clock Pessimism Removal (CPR):    -0.000ns
  Clock Uncertainty:      0.619ns  ((TSJ^2 + TIJ^2)^1/2 + DJ) / 2 + PE
    Total System Jitter     (TSJ):    0.071ns
    Total Input Jitter      (TIJ):    1.237ns
    Discrete Jitter          (DJ):    0.000ns
    Phase Error              (PE):    0.000ns
  Clock Domain Crossing:  Inter clock paths are considered valid unless explicitly excluded by timing constraints such as set_clock_groups or set_false_path.

    Location             Delay type                Incr(ns)  Path(ns)    Netlist Resource(s)
  -------------------------------------------------------------------    -------------------
                         (clock clk_fpga_0 rise edge)
                                                      0.000     0.000 r  
    PS7_X0Y0             PS7                          0.000     0.000 r  Soc_Tracking_i/processing_system7_0/inst/PS7_i/FCLKCLK[0]
                         net (fo=1, routed)           0.315     0.315    Soc_Tracking_i/processing_system7_0/inst/FCLK_CLK_unbuffered[0]
    BUFGCTRL_X0Y0        BUFG (Prop_bufg_I_O)         0.026     0.341 r  Soc_Tracking_i/processing_system7_0/inst/buffer_fclk_clk_0.FCLK_CLK_0_BUFG/O
                         net (fo=5076, routed)        0.556     0.897    Soc_Tracking_i/VGA_controller_0/U0/S_AXIS_ACLK
    SLICE_X24Y36         FDRE                                         r  Soc_Tracking_i/VGA_controller_0/U0/vga_red_reg[0]/C
  -------------------------------------------------------------------    -------------------
    SLICE_X24Y36         FDRE (Prop_fdre_C_Q)         0.164     1.061 r  Soc_Tracking_i/VGA_controller_0/U0/vga_red_reg[0]/Q
                         net (fo=1, routed)           0.960     2.020    Soc_Tracking_i/VGA_controller_0/U0/vga_red[0]
    SLICE_X24Y33         FDRE                                         r  Soc_Tracking_i/VGA_controller_0/U0/vga_red_reg_reg[0]/D
  -------------------------------------------------------------------    -------------------

                         (clock clk_fpga_1 rise edge)
                                                      0.000     0.000 r  
    PS7_X0Y0             PS7                          0.000     0.000 r  Soc_Tracking_i/processing_system7_0/inst/PS7_i/FCLKCLK[1]
                         net (fo=1, routed)           0.341     0.341    Soc_Tracking_i/processing_system7_0/inst/FCLK_CLK_unbuffered[1]
    BUFGCTRL_X0Y3        BUFG (Prop_bufg_I_O)         0.029     0.370 r  Soc_Tracking_i/processing_system7_0/inst/buffer_fclk_clk_1.FCLK_CLK_1_BUFG/O
                         net (fo=37, routed)          0.821     1.191    Soc_Tracking_i/VGA_controller_0/U0/clk_VGA
    SLICE_X24Y33         FDRE                                         r  Soc_Tracking_i/VGA_controller_0/U0/vga_red_reg_reg[0]/C
                         clock pessimism              0.000     1.191    
                         clock uncertainty            0.619     1.810    
    SLICE_X24Y33         FDRE (Hold_fdre_C_D)         0.090     1.900    Soc_Tracking_i/VGA_controller_0/U0/vga_red_reg_reg[0]
  -------------------------------------------------------------------
                         required time                         -1.900    
                         arrival time                           2.020    
  -------------------------------------------------------------------
                         slack                                  0.120    

Slack (MET) :             0.163ns  (arrival time - required time)
  Source:                 Soc_Tracking_i/VGA_controller_0/U0/vga_red_reg[2]/C
                            (rising edge-triggered cell FDRE clocked by clk_fpga_0  {rise@0.000ns fall@5.000ns period=10.000ns})
  Destination:            Soc_Tracking_i/VGA_controller_0/U0/vga_red_reg_reg[2]/D
                            (rising edge-triggered cell FDRE clocked by clk_fpga_1  {rise@0.000ns fall@20.000ns period=40.000ns})
  Path Group:             clk_fpga_1
  Path Type:              Hold (Min at Fast Process Corner)
  Requirement:            0.000ns  (clk_fpga_1 rise@0.000ns - clk_fpga_0 rise@0.000ns)
  Data Path Delay:        1.140ns  (logic 0.141ns (12.363%)  route 0.999ns (87.637%))
  Logic Levels:           0  
  Clock Path Skew:        0.295ns (DCD - SCD - CPR)
    Destination Clock Delay (DCD):    1.196ns
    Source Clock Delay      (SCD):    0.901ns
    Clock Pessimism Removal (CPR):    -0.000ns
  Clock Uncertainty:      0.619ns  ((TSJ^2 + TIJ^2)^1/2 + DJ) / 2 + PE
    Total System Jitter     (TSJ):    0.071ns
    Total Input Jitter      (TIJ):    1.237ns
    Discrete Jitter          (DJ):    0.000ns
    Phase Error              (PE):    0.000ns
  Clock Domain Crossing:  Inter clock paths are considered valid unless explicitly excluded by timing constraints such as set_clock_groups or set_false_path.

    Location             Delay type                Incr(ns)  Path(ns)    Netlist Resource(s)
  -------------------------------------------------------------------    -------------------
                         (clock clk_fpga_0 rise edge)
                                                      0.000     0.000 r  
    PS7_X0Y0             PS7                          0.000     0.000 r  Soc_Tracking_i/processing_system7_0/inst/PS7_i/FCLKCLK[0]
                         net (fo=1, routed)           0.315     0.315    Soc_Tracking_i/processing_system7_0/inst/FCLK_CLK_unbuffered[0]
    BUFGCTRL_X0Y0        BUFG (Prop_bufg_I_O)         0.026     0.341 r  Soc_Tracking_i/processing_system7_0/inst/buffer_fclk_clk_0.FCLK_CLK_0_BUFG/O
                         net (fo=5076, routed)        0.560     0.901    Soc_Tracking_i/VGA_controller_0/U0/S_AXIS_ACLK
    SLICE_X26Y37         FDRE                                         r  Soc_Tracking_i/VGA_controller_0/U0/vga_red_reg[2]/C
  -------------------------------------------------------------------    -------------------
    SLICE_X26Y37         FDRE (Prop_fdre_C_Q)         0.141     1.042 r  Soc_Tracking_i/VGA_controller_0/U0/vga_red_reg[2]/Q
                         net (fo=1, routed)           0.999     2.041    Soc_Tracking_i/VGA_controller_0/U0/vga_red[2]
    SLICE_X32Y35         FDRE                                         r  Soc_Tracking_i/VGA_controller_0/U0/vga_red_reg_reg[2]/D
  -------------------------------------------------------------------    -------------------

                         (clock clk_fpga_1 rise edge)
                                                      0.000     0.000 r  
    PS7_X0Y0             PS7                          0.000     0.000 r  Soc_Tracking_i/processing_system7_0/inst/PS7_i/FCLKCLK[1]
                         net (fo=1, routed)           0.341     0.341    Soc_Tracking_i/processing_system7_0/inst/FCLK_CLK_unbuffered[1]
    BUFGCTRL_X0Y3        BUFG (Prop_bufg_I_O)         0.029     0.370 r  Soc_Tracking_i/processing_system7_0/inst/buffer_fclk_clk_1.FCLK_CLK_1_BUFG/O
                         net (fo=37, routed)          0.826     1.196    Soc_Tracking_i/VGA_controller_0/U0/clk_VGA
    SLICE_X32Y35         FDRE                                         r  Soc_Tracking_i/VGA_controller_0/U0/vga_red_reg_reg[2]/C
                         clock pessimism              0.000     1.196    
                         clock uncertainty            0.619     1.815    
    SLICE_X32Y35         FDRE (Hold_fdre_C_D)         0.063     1.878    Soc_Tracking_i/VGA_controller_0/U0/vga_red_reg_reg[2]
  -------------------------------------------------------------------
                         required time                         -1.878    
                         arrival time                           2.041    
  -------------------------------------------------------------------
                         slack                                  0.163    

Slack (MET) :             0.166ns  (arrival time - required time)
  Source:                 Soc_Tracking_i/VGA_controller_0/U0/vga_green_reg[0]/C
                            (rising edge-triggered cell FDRE clocked by clk_fpga_0  {rise@0.000ns fall@5.000ns period=10.000ns})
  Destination:            Soc_Tracking_i/VGA_controller_0/U0/vga_green_reg_reg[0]/D
                            (rising edge-triggered cell FDRE clocked by clk_fpga_1  {rise@0.000ns fall@20.000ns period=40.000ns})
  Path Group:             clk_fpga_1
  Path Type:              Hold (Min at Fast Process Corner)
  Requirement:            0.000ns  (clk_fpga_1 rise@0.000ns - clk_fpga_0 rise@0.000ns)
  Data Path Delay:        1.151ns  (logic 0.164ns (14.251%)  route 0.987ns (85.749%))
  Logic Levels:           0  
  Clock Path Skew:        0.299ns (DCD - SCD - CPR)
    Destination Clock Delay (DCD):    1.196ns
    Source Clock Delay      (SCD):    0.897ns
    Clock Pessimism Removal (CPR):    -0.000ns
  Clock Uncertainty:      0.619ns  ((TSJ^2 + TIJ^2)^1/2 + DJ) / 2 + PE
    Total System Jitter     (TSJ):    0.071ns
    Total Input Jitter      (TIJ):    1.237ns
    Discrete Jitter          (DJ):    0.000ns
    Phase Error              (PE):    0.000ns
  Clock Domain Crossing:  Inter clock paths are considered valid unless explicitly excluded by timing constraints such as set_clock_groups or set_false_path.

    Location             Delay type                Incr(ns)  Path(ns)    Netlist Resource(s)
  -------------------------------------------------------------------    -------------------
                         (clock clk_fpga_0 rise edge)
                                                      0.000     0.000 r  
    PS7_X0Y0             PS7                          0.000     0.000 r  Soc_Tracking_i/processing_system7_0/inst/PS7_i/FCLKCLK[0]
                         net (fo=1, routed)           0.315     0.315    Soc_Tracking_i/processing_system7_0/inst/FCLK_CLK_unbuffered[0]
    BUFGCTRL_X0Y0        BUFG (Prop_bufg_I_O)         0.026     0.341 r  Soc_Tracking_i/processing_system7_0/inst/buffer_fclk_clk_0.FCLK_CLK_0_BUFG/O
                         net (fo=5076, routed)        0.556     0.897    Soc_Tracking_i/VGA_controller_0/U0/S_AXIS_ACLK
    SLICE_X24Y36         FDRE                                         r  Soc_Tracking_i/VGA_controller_0/U0/vga_green_reg[0]/C
  -------------------------------------------------------------------    -------------------
    SLICE_X24Y36         FDRE (Prop_fdre_C_Q)         0.164     1.061 r  Soc_Tracking_i/VGA_controller_0/U0/vga_green_reg[0]/Q
                         net (fo=1, routed)           0.987     2.047    Soc_Tracking_i/VGA_controller_0/U0/vga_green[0]
    SLICE_X33Y35         FDRE                                         r  Soc_Tracking_i/VGA_controller_0/U0/vga_green_reg_reg[0]/D
  -------------------------------------------------------------------    -------------------

                         (clock clk_fpga_1 rise edge)
                                                      0.000     0.000 r  
    PS7_X0Y0             PS7                          0.000     0.000 r  Soc_Tracking_i/processing_system7_0/inst/PS7_i/FCLKCLK[1]
                         net (fo=1, routed)           0.341     0.341    Soc_Tracking_i/processing_system7_0/inst/FCLK_CLK_unbuffered[1]
    BUFGCTRL_X0Y3        BUFG (Prop_bufg_I_O)         0.029     0.370 r  Soc_Tracking_i/processing_system7_0/inst/buffer_fclk_clk_1.FCLK_CLK_1_BUFG/O
                         net (fo=37, routed)          0.826     1.196    Soc_Tracking_i/VGA_controller_0/U0/clk_VGA
    SLICE_X33Y35         FDRE                                         r  Soc_Tracking_i/VGA_controller_0/U0/vga_green_reg_reg[0]/C
                         clock pessimism              0.000     1.196    
                         clock uncertainty            0.619     1.815    
    SLICE_X33Y35         FDRE (Hold_fdre_C_D)         0.066     1.881    Soc_Tracking_i/VGA_controller_0/U0/vga_green_reg_reg[0]
  -------------------------------------------------------------------
                         required time                         -1.881    
                         arrival time                           2.047    
  -------------------------------------------------------------------
                         slack                                  0.166    

Slack (MET) :             0.187ns  (arrival time - required time)
  Source:                 Soc_Tracking_i/VGA_controller_0/U0/vga_blue_reg[1]/C
                            (rising edge-triggered cell FDRE clocked by clk_fpga_0  {rise@0.000ns fall@5.000ns period=10.000ns})
  Destination:            Soc_Tracking_i/VGA_controller_0/U0/vga_blue_reg_reg[1]/D
                            (rising edge-triggered cell FDRE clocked by clk_fpga_1  {rise@0.000ns fall@20.000ns period=40.000ns})
  Path Group:             clk_fpga_1
  Path Type:              Hold (Min at Fast Process Corner)
  Requirement:            0.000ns  (clk_fpga_1 rise@0.000ns - clk_fpga_0 rise@0.000ns)
  Data Path Delay:        1.173ns  (logic 0.141ns (12.018%)  route 1.032ns (87.982%))
  Logic Levels:           0  
  Clock Path Skew:        0.296ns (DCD - SCD - CPR)
    Destination Clock Delay (DCD):    1.193ns
    Source Clock Delay      (SCD):    0.897ns
    Clock Pessimism Removal (CPR):    -0.000ns
  Clock Uncertainty:      0.619ns  ((TSJ^2 + TIJ^2)^1/2 + DJ) / 2 + PE
    Total System Jitter     (TSJ):    0.071ns
    Total Input Jitter      (TIJ):    1.237ns
    Discrete Jitter          (DJ):    0.000ns
    Phase Error              (PE):    0.000ns
  Clock Domain Crossing:  Inter clock paths are considered valid unless explicitly excluded by timing constraints such as set_clock_groups or set_false_path.

    Location             Delay type                Incr(ns)  Path(ns)    Netlist Resource(s)
  -------------------------------------------------------------------    -------------------
                         (clock clk_fpga_0 rise edge)
                                                      0.000     0.000 r  
    PS7_X0Y0             PS7                          0.000     0.000 r  Soc_Tracking_i/processing_system7_0/inst/PS7_i/FCLKCLK[0]
                         net (fo=1, routed)           0.315     0.315    Soc_Tracking_i/processing_system7_0/inst/FCLK_CLK_unbuffered[0]
    BUFGCTRL_X0Y0        BUFG (Prop_bufg_I_O)         0.026     0.341 r  Soc_Tracking_i/processing_system7_0/inst/buffer_fclk_clk_0.FCLK_CLK_0_BUFG/O
                         net (fo=5076, routed)        0.556     0.897    Soc_Tracking_i/VGA_controller_0/U0/S_AXIS_ACLK
    SLICE_X22Y36         FDRE                                         r  Soc_Tracking_i/VGA_controller_0/U0/vga_blue_reg[1]/C
  -------------------------------------------------------------------    -------------------
    SLICE_X22Y36         FDRE (Prop_fdre_C_Q)         0.141     1.038 r  Soc_Tracking_i/VGA_controller_0/U0/vga_blue_reg[1]/Q
                         net (fo=1, routed)           1.032     2.070    Soc_Tracking_i/VGA_controller_0/U0/vga_blue[1]
    SLICE_X23Y36         FDRE                                         r  Soc_Tracking_i/VGA_controller_0/U0/vga_blue_reg_reg[1]/D
  -------------------------------------------------------------------    -------------------

                         (clock clk_fpga_1 rise edge)
                                                      0.000     0.000 r  
    PS7_X0Y0             PS7                          0.000     0.000 r  Soc_Tracking_i/processing_system7_0/inst/PS7_i/FCLKCLK[1]
                         net (fo=1, routed)           0.341     0.341    Soc_Tracking_i/processing_system7_0/inst/FCLK_CLK_unbuffered[1]
    BUFGCTRL_X0Y3        BUFG (Prop_bufg_I_O)         0.029     0.370 r  Soc_Tracking_i/processing_system7_0/inst/buffer_fclk_clk_1.FCLK_CLK_1_BUFG/O
                         net (fo=37, routed)          0.823     1.193    Soc_Tracking_i/VGA_controller_0/U0/clk_VGA
    SLICE_X23Y36         FDRE                                         r  Soc_Tracking_i/VGA_controller_0/U0/vga_blue_reg_reg[1]/C
                         clock pessimism              0.000     1.193    
                         clock uncertainty            0.619     1.812    
    SLICE_X23Y36         FDRE (Hold_fdre_C_D)         0.070     1.882    Soc_Tracking_i/VGA_controller_0/U0/vga_blue_reg_reg[1]
  -------------------------------------------------------------------
                         required time                         -1.882    
                         arrival time                           2.070    
  -------------------------------------------------------------------
                         slack                                  0.187    

Slack (MET) :             0.201ns  (arrival time - required time)
  Source:                 Soc_Tracking_i/VGA_controller_0/U0/vga_red_reg[3]/C
                            (rising edge-triggered cell FDRE clocked by clk_fpga_0  {rise@0.000ns fall@5.000ns period=10.000ns})
  Destination:            Soc_Tracking_i/VGA_controller_0/U0/vga_red_reg_reg[3]/D
                            (rising edge-triggered cell FDRE clocked by clk_fpga_1  {rise@0.000ns fall@20.000ns period=40.000ns})
  Path Group:             clk_fpga_1
  Path Type:              Hold (Min at Fast Process Corner)
  Requirement:            0.000ns  (clk_fpga_1 rise@0.000ns - clk_fpga_0 rise@0.000ns)
  Data Path Delay:        1.179ns  (logic 0.141ns (11.961%)  route 1.038ns (88.039%))
  Logic Levels:           0  
  Clock Path Skew:        0.295ns (DCD - SCD - CPR)
    Destination Clock Delay (DCD):    1.196ns
    Source Clock Delay      (SCD):    0.901ns
    Clock Pessimism Removal (CPR):    -0.000ns
  Clock Uncertainty:      0.619ns  ((TSJ^2 + TIJ^2)^1/2 + DJ) / 2 + PE
    Total System Jitter     (TSJ):    0.071ns
    Total Input Jitter      (TIJ):    1.237ns
    Discrete Jitter          (DJ):    0.000ns
    Phase Error              (PE):    0.000ns
  Clock Domain Crossing:  Inter clock paths are considered valid unless explicitly excluded by timing constraints such as set_clock_groups or set_false_path.

    Location             Delay type                Incr(ns)  Path(ns)    Netlist Resource(s)
  -------------------------------------------------------------------    -------------------
                         (clock clk_fpga_0 rise edge)
                                                      0.000     0.000 r  
    PS7_X0Y0             PS7                          0.000     0.000 r  Soc_Tracking_i/processing_system7_0/inst/PS7_i/FCLKCLK[0]
                         net (fo=1, routed)           0.315     0.315    Soc_Tracking_i/processing_system7_0/inst/FCLK_CLK_unbuffered[0]
    BUFGCTRL_X0Y0        BUFG (Prop_bufg_I_O)         0.026     0.341 r  Soc_Tracking_i/processing_system7_0/inst/buffer_fclk_clk_0.FCLK_CLK_0_BUFG/O
                         net (fo=5076, routed)        0.560     0.901    Soc_Tracking_i/VGA_controller_0/U0/S_AXIS_ACLK
    SLICE_X26Y37         FDRE                                         r  Soc_Tracking_i/VGA_controller_0/U0/vga_red_reg[3]/C
  -------------------------------------------------------------------    -------------------
    SLICE_X26Y37         FDRE (Prop_fdre_C_Q)         0.141     1.042 r  Soc_Tracking_i/VGA_controller_0/U0/vga_red_reg[3]/Q
                         net (fo=1, routed)           1.038     2.079    Soc_Tracking_i/VGA_controller_0/U0/vga_red[3]
    SLICE_X32Y35         FDRE                                         r  Soc_Tracking_i/VGA_controller_0/U0/vga_red_reg_reg[3]/D
  -------------------------------------------------------------------    -------------------

                         (clock clk_fpga_1 rise edge)
                                                      0.000     0.000 r  
    PS7_X0Y0             PS7                          0.000     0.000 r  Soc_Tracking_i/processing_system7_0/inst/PS7_i/FCLKCLK[1]
                         net (fo=1, routed)           0.341     0.341    Soc_Tracking_i/processing_system7_0/inst/FCLK_CLK_unbuffered[1]
    BUFGCTRL_X0Y3        BUFG (Prop_bufg_I_O)         0.029     0.370 r  Soc_Tracking_i/processing_system7_0/inst/buffer_fclk_clk_1.FCLK_CLK_1_BUFG/O
                         net (fo=37, routed)          0.826     1.196    Soc_Tracking_i/VGA_controller_0/U0/clk_VGA
    SLICE_X32Y35         FDRE                                         r  Soc_Tracking_i/VGA_controller_0/U0/vga_red_reg_reg[3]/C
                         clock pessimism              0.000     1.196    
                         clock uncertainty            0.619     1.815    
    SLICE_X32Y35         FDRE (Hold_fdre_C_D)         0.063     1.878    Soc_Tracking_i/VGA_controller_0/U0/vga_red_reg_reg[3]
  -------------------------------------------------------------------
                         required time                         -1.878    
                         arrival time                           2.079    
  -------------------------------------------------------------------
                         slack                                  0.201    

Slack (MET) :             0.201ns  (arrival time - required time)
  Source:                 Soc_Tracking_i/VGA_controller_0/U0/vga_green_reg[3]/C
                            (rising edge-triggered cell FDRE clocked by clk_fpga_0  {rise@0.000ns fall@5.000ns period=10.000ns})
  Destination:            Soc_Tracking_i/VGA_controller_0/U0/vga_green_reg_reg[3]/D
                            (rising edge-triggered cell FDRE clocked by clk_fpga_1  {rise@0.000ns fall@20.000ns period=40.000ns})
  Path Group:             clk_fpga_1
  Path Type:              Hold (Min at Fast Process Corner)
  Requirement:            0.000ns  (clk_fpga_1 rise@0.000ns - clk_fpga_0 rise@0.000ns)
  Data Path Delay:        1.173ns  (logic 0.164ns (13.983%)  route 1.009ns (86.017%))
  Logic Levels:           0  
  Clock Path Skew:        0.300ns (DCD - SCD - CPR)
    Destination Clock Delay (DCD):    1.199ns
    Source Clock Delay      (SCD):    0.899ns
    Clock Pessimism Removal (CPR):    -0.000ns
  Clock Uncertainty:      0.619ns  ((TSJ^2 + TIJ^2)^1/2 + DJ) / 2 + PE
    Total System Jitter     (TSJ):    0.071ns
    Total Input Jitter      (TIJ):    1.237ns
    Discrete Jitter          (DJ):    0.000ns
    Phase Error              (PE):    0.000ns
  Clock Domain Crossing:  Inter clock paths are considered valid unless explicitly excluded by timing constraints such as set_clock_groups or set_false_path.

    Location             Delay type                Incr(ns)  Path(ns)    Netlist Resource(s)
  -------------------------------------------------------------------    -------------------
                         (clock clk_fpga_0 rise edge)
                                                      0.000     0.000 r  
    PS7_X0Y0             PS7                          0.000     0.000 r  Soc_Tracking_i/processing_system7_0/inst/PS7_i/FCLKCLK[0]
                         net (fo=1, routed)           0.315     0.315    Soc_Tracking_i/processing_system7_0/inst/FCLK_CLK_unbuffered[0]
    BUFGCTRL_X0Y0        BUFG (Prop_bufg_I_O)         0.026     0.341 r  Soc_Tracking_i/processing_system7_0/inst/buffer_fclk_clk_0.FCLK_CLK_0_BUFG/O
                         net (fo=5076, routed)        0.558     0.899    Soc_Tracking_i/VGA_controller_0/U0/S_AXIS_ACLK
    SLICE_X24Y38         FDRE                                         r  Soc_Tracking_i/VGA_controller_0/U0/vga_green_reg[3]/C
  -------------------------------------------------------------------    -------------------
    SLICE_X24Y38         FDRE (Prop_fdre_C_Q)         0.164     1.062 r  Soc_Tracking_i/VGA_controller_0/U0/vga_green_reg[3]/Q
                         net (fo=1, routed)           1.009     2.071    Soc_Tracking_i/VGA_controller_0/U0/vga_green[3]
    SLICE_X28Y39         FDRE                                         r  Soc_Tracking_i/VGA_controller_0/U0/vga_green_reg_reg[3]/D
  -------------------------------------------------------------------    -------------------

                         (clock clk_fpga_1 rise edge)
                                                      0.000     0.000 r  
    PS7_X0Y0             PS7                          0.000     0.000 r  Soc_Tracking_i/processing_system7_0/inst/PS7_i/FCLKCLK[1]
                         net (fo=1, routed)           0.341     0.341    Soc_Tracking_i/processing_system7_0/inst/FCLK_CLK_unbuffered[1]
    BUFGCTRL_X0Y3        BUFG (Prop_bufg_I_O)         0.029     0.370 r  Soc_Tracking_i/processing_system7_0/inst/buffer_fclk_clk_1.FCLK_CLK_1_BUFG/O
                         net (fo=37, routed)          0.829     1.199    Soc_Tracking_i/VGA_controller_0/U0/clk_VGA
    SLICE_X28Y39         FDRE                                         r  Soc_Tracking_i/VGA_controller_0/U0/vga_green_reg_reg[3]/C
                         clock pessimism              0.000     1.199    
                         clock uncertainty            0.619     1.818    
    SLICE_X28Y39         FDRE (Hold_fdre_C_D)         0.052     1.870    Soc_Tracking_i/VGA_controller_0/U0/vga_green_reg_reg[3]
  -------------------------------------------------------------------
                         required time                         -1.870    
                         arrival time                           2.071    
  -------------------------------------------------------------------
                         slack                                  0.201    

Slack (MET) :             0.212ns  (arrival time - required time)
  Source:                 Soc_Tracking_i/VGA_controller_0/U0/vga_blue_reg[3]/C
                            (rising edge-triggered cell FDRE clocked by clk_fpga_0  {rise@0.000ns fall@5.000ns period=10.000ns})
  Destination:            Soc_Tracking_i/VGA_controller_0/U0/vga_blue_reg_reg[3]/D
                            (rising edge-triggered cell FDRE clocked by clk_fpga_1  {rise@0.000ns fall@20.000ns period=40.000ns})
  Path Group:             clk_fpga_1
  Path Type:              Hold (Min at Fast Process Corner)
  Requirement:            0.000ns  (clk_fpga_1 rise@0.000ns - clk_fpga_0 rise@0.000ns)
  Data Path Delay:        1.194ns  (logic 0.141ns (11.805%)  route 1.053ns (88.195%))
  Logic Levels:           0  
  Clock Path Skew:        0.296ns (DCD - SCD - CPR)
    Destination Clock Delay (DCD):    1.193ns
    Source Clock Delay      (SCD):    0.897ns
    Clock Pessimism Removal (CPR):    -0.000ns
  Clock Uncertainty:      0.619ns  ((TSJ^2 + TIJ^2)^1/2 + DJ) / 2 + PE
    Total System Jitter     (TSJ):    0.071ns
    Total Input Jitter      (TIJ):    1.237ns
    Discrete Jitter          (DJ):    0.000ns
    Phase Error              (PE):    0.000ns
  Clock Domain Crossing:  Inter clock paths are considered valid unless explicitly excluded by timing constraints such as set_clock_groups or set_false_path.

    Location             Delay type                Incr(ns)  Path(ns)    Netlist Resource(s)
  -------------------------------------------------------------------    -------------------
                         (clock clk_fpga_0 rise edge)
                                                      0.000     0.000 r  
    PS7_X0Y0             PS7                          0.000     0.000 r  Soc_Tracking_i/processing_system7_0/inst/PS7_i/FCLKCLK[0]
                         net (fo=1, routed)           0.315     0.315    Soc_Tracking_i/processing_system7_0/inst/FCLK_CLK_unbuffered[0]
    BUFGCTRL_X0Y0        BUFG (Prop_bufg_I_O)         0.026     0.341 r  Soc_Tracking_i/processing_system7_0/inst/buffer_fclk_clk_0.FCLK_CLK_0_BUFG/O
                         net (fo=5076, routed)        0.556     0.897    Soc_Tracking_i/VGA_controller_0/U0/S_AXIS_ACLK
    SLICE_X22Y36         FDRE                                         r  Soc_Tracking_i/VGA_controller_0/U0/vga_blue_reg[3]/C
  -------------------------------------------------------------------    -------------------
    SLICE_X22Y36         FDRE (Prop_fdre_C_Q)         0.141     1.038 r  Soc_Tracking_i/VGA_controller_0/U0/vga_blue_reg[3]/Q
                         net (fo=1, routed)           1.053     2.091    Soc_Tracking_i/VGA_controller_0/U0/vga_blue[3]
    SLICE_X23Y36         FDRE                                         r  Soc_Tracking_i/VGA_controller_0/U0/vga_blue_reg_reg[3]/D
  -------------------------------------------------------------------    -------------------

                         (clock clk_fpga_1 rise edge)
                                                      0.000     0.000 r  
    PS7_X0Y0             PS7                          0.000     0.000 r  Soc_Tracking_i/processing_system7_0/inst/PS7_i/FCLKCLK[1]
                         net (fo=1, routed)           0.341     0.341    Soc_Tracking_i/processing_system7_0/inst/FCLK_CLK_unbuffered[1]
    BUFGCTRL_X0Y3        BUFG (Prop_bufg_I_O)         0.029     0.370 r  Soc_Tracking_i/processing_system7_0/inst/buffer_fclk_clk_1.FCLK_CLK_1_BUFG/O
                         net (fo=37, routed)          0.823     1.193    Soc_Tracking_i/VGA_controller_0/U0/clk_VGA
    SLICE_X23Y36         FDRE                                         r  Soc_Tracking_i/VGA_controller_0/U0/vga_blue_reg_reg[3]/C
                         clock pessimism              0.000     1.193    
                         clock uncertainty            0.619     1.812    
    SLICE_X23Y36         FDRE (Hold_fdre_C_D)         0.066     1.878    Soc_Tracking_i/VGA_controller_0/U0/vga_blue_reg_reg[3]
  -------------------------------------------------------------------
                         required time                         -1.878    
                         arrival time                           2.091    
  -------------------------------------------------------------------
                         slack                                  0.212    

Slack (MET) :             0.220ns  (arrival time - required time)
  Source:                 Soc_Tracking_i/VGA_controller_0/U0/vga_red_reg[1]/C
                            (rising edge-triggered cell FDRE clocked by clk_fpga_0  {rise@0.000ns fall@5.000ns period=10.000ns})
  Destination:            Soc_Tracking_i/VGA_controller_0/U0/vga_red_reg_reg[1]/D
                            (rising edge-triggered cell FDRE clocked by clk_fpga_1  {rise@0.000ns fall@20.000ns period=40.000ns})
  Path Group:             clk_fpga_1
  Path Type:              Hold (Min at Fast Process Corner)
  Requirement:            0.000ns  (clk_fpga_1 rise@0.000ns - clk_fpga_0 rise@0.000ns)
  Data Path Delay:        1.191ns  (logic 0.141ns (11.837%)  route 1.050ns (88.163%))
  Logic Levels:           0  
  Clock Path Skew:        0.299ns (DCD - SCD - CPR)
    Destination Clock Delay (DCD):    1.196ns
    Source Clock Delay      (SCD):    0.897ns
    Clock Pessimism Removal (CPR):    -0.000ns
  Clock Uncertainty:      0.619ns  ((TSJ^2 + TIJ^2)^1/2 + DJ) / 2 + PE
    Total System Jitter     (TSJ):    0.071ns
    Total Input Jitter      (TIJ):    1.237ns
    Discrete Jitter          (DJ):    0.000ns
    Phase Error              (PE):    0.000ns
  Clock Domain Crossing:  Inter clock paths are considered valid unless explicitly excluded by timing constraints such as set_clock_groups or set_false_path.

    Location             Delay type                Incr(ns)  Path(ns)    Netlist Resource(s)
  -------------------------------------------------------------------    -------------------
                         (clock clk_fpga_0 rise edge)
                                                      0.000     0.000 r  
    PS7_X0Y0             PS7                          0.000     0.000 r  Soc_Tracking_i/processing_system7_0/inst/PS7_i/FCLKCLK[0]
                         net (fo=1, routed)           0.315     0.315    Soc_Tracking_i/processing_system7_0/inst/FCLK_CLK_unbuffered[0]
    BUFGCTRL_X0Y0        BUFG (Prop_bufg_I_O)         0.026     0.341 r  Soc_Tracking_i/processing_system7_0/inst/buffer_fclk_clk_0.FCLK_CLK_0_BUFG/O
                         net (fo=5076, routed)        0.556     0.897    Soc_Tracking_i/VGA_controller_0/U0/S_AXIS_ACLK
    SLICE_X25Y36         FDRE                                         r  Soc_Tracking_i/VGA_controller_0/U0/vga_red_reg[1]/C
  -------------------------------------------------------------------    -------------------
    SLICE_X25Y36         FDRE (Prop_fdre_C_Q)         0.141     1.038 r  Soc_Tracking_i/VGA_controller_0/U0/vga_red_reg[1]/Q
                         net (fo=1, routed)           1.050     2.088    Soc_Tracking_i/VGA_controller_0/U0/vga_red[1]
    SLICE_X32Y35         FDRE                                         r  Soc_Tracking_i/VGA_controller_0/U0/vga_red_reg_reg[1]/D
  -------------------------------------------------------------------    -------------------

                         (clock clk_fpga_1 rise edge)
                                                      0.000     0.000 r  
    PS7_X0Y0             PS7                          0.000     0.000 r  Soc_Tracking_i/processing_system7_0/inst/PS7_i/FCLKCLK[1]
                         net (fo=1, routed)           0.341     0.341    Soc_Tracking_i/processing_system7_0/inst/FCLK_CLK_unbuffered[1]
    BUFGCTRL_X0Y3        BUFG (Prop_bufg_I_O)         0.029     0.370 r  Soc_Tracking_i/processing_system7_0/inst/buffer_fclk_clk_1.FCLK_CLK_1_BUFG/O
                         net (fo=37, routed)          0.826     1.196    Soc_Tracking_i/VGA_controller_0/U0/clk_VGA
    SLICE_X32Y35         FDRE                                         r  Soc_Tracking_i/VGA_controller_0/U0/vga_red_reg_reg[1]/C
                         clock pessimism              0.000     1.196    
                         clock uncertainty            0.619     1.815    
    SLICE_X32Y35         FDRE (Hold_fdre_C_D)         0.052     1.867    Soc_Tracking_i/VGA_controller_0/U0/vga_red_reg_reg[1]
  -------------------------------------------------------------------
                         required time                         -1.867    
                         arrival time                           2.088    
  -------------------------------------------------------------------
                         slack                                  0.220    

Slack (MET) :             0.222ns  (arrival time - required time)
  Source:                 Soc_Tracking_i/VGA_controller_0/U0/vga_blue_reg[2]/C
                            (rising edge-triggered cell FDRE clocked by clk_fpga_0  {rise@0.000ns fall@5.000ns period=10.000ns})
  Destination:            Soc_Tracking_i/VGA_controller_0/U0/vga_blue_reg_reg[2]/D
                            (rising edge-triggered cell FDRE clocked by clk_fpga_1  {rise@0.000ns fall@20.000ns period=40.000ns})
  Path Group:             clk_fpga_1
  Path Type:              Hold (Min at Fast Process Corner)
  Requirement:            0.000ns  (clk_fpga_1 rise@0.000ns - clk_fpga_0 rise@0.000ns)
  Data Path Delay:        1.207ns  (logic 0.141ns (11.680%)  route 1.066ns (88.320%))
  Logic Levels:           0  
  Clock Path Skew:        0.295ns (DCD - SCD - CPR)
    Destination Clock Delay (DCD):    1.192ns
    Source Clock Delay      (SCD):    0.897ns
    Clock Pessimism Removal (CPR):    -0.000ns
  Clock Uncertainty:      0.619ns  ((TSJ^2 + TIJ^2)^1/2 + DJ) / 2 + PE
    Total System Jitter     (TSJ):    0.071ns
    Total Input Jitter      (TIJ):    1.237ns
    Discrete Jitter          (DJ):    0.000ns
    Phase Error              (PE):    0.000ns
  Clock Domain Crossing:  Inter clock paths are considered valid unless explicitly excluded by timing constraints such as set_clock_groups or set_false_path.

    Location             Delay type                Incr(ns)  Path(ns)    Netlist Resource(s)
  -------------------------------------------------------------------    -------------------
                         (clock clk_fpga_0 rise edge)
                                                      0.000     0.000 r  
    PS7_X0Y0             PS7                          0.000     0.000 r  Soc_Tracking_i/processing_system7_0/inst/PS7_i/FCLKCLK[0]
                         net (fo=1, routed)           0.315     0.315    Soc_Tracking_i/processing_system7_0/inst/FCLK_CLK_unbuffered[0]
    BUFGCTRL_X0Y0        BUFG (Prop_bufg_I_O)         0.026     0.341 r  Soc_Tracking_i/processing_system7_0/inst/buffer_fclk_clk_0.FCLK_CLK_0_BUFG/O
                         net (fo=5076, routed)        0.556     0.897    Soc_Tracking_i/VGA_controller_0/U0/S_AXIS_ACLK
    SLICE_X22Y36         FDRE                                         r  Soc_Tracking_i/VGA_controller_0/U0/vga_blue_reg[2]/C
  -------------------------------------------------------------------    -------------------
    SLICE_X22Y36         FDRE (Prop_fdre_C_Q)         0.141     1.038 r  Soc_Tracking_i/VGA_controller_0/U0/vga_blue_reg[2]/Q
                         net (fo=1, routed)           1.066     2.104    Soc_Tracking_i/VGA_controller_0/U0/vga_blue[2]
    SLICE_X25Y34         FDRE                                         r  Soc_Tracking_i/VGA_controller_0/U0/vga_blue_reg_reg[2]/D
  -------------------------------------------------------------------    -------------------

                         (clock clk_fpga_1 rise edge)
                                                      0.000     0.000 r  
    PS7_X0Y0             PS7                          0.000     0.000 r  Soc_Tracking_i/processing_system7_0/inst/PS7_i/FCLKCLK[1]
                         net (fo=1, routed)           0.341     0.341    Soc_Tracking_i/processing_system7_0/inst/FCLK_CLK_unbuffered[1]
    BUFGCTRL_X0Y3        BUFG (Prop_bufg_I_O)         0.029     0.370 r  Soc_Tracking_i/processing_system7_0/inst/buffer_fclk_clk_1.FCLK_CLK_1_BUFG/O
                         net (fo=37, routed)          0.822     1.192    Soc_Tracking_i/VGA_controller_0/U0/clk_VGA
    SLICE_X25Y34         FDRE                                         r  Soc_Tracking_i/VGA_controller_0/U0/vga_blue_reg_reg[2]/C
                         clock pessimism              0.000     1.192    
                         clock uncertainty            0.619     1.811    
    SLICE_X25Y34         FDRE (Hold_fdre_C_D)         0.070     1.881    Soc_Tracking_i/VGA_controller_0/U0/vga_blue_reg_reg[2]
  -------------------------------------------------------------------
                         required time                         -1.881    
                         arrival time                           2.104    
  -------------------------------------------------------------------
                         slack                                  0.222    

Slack (MET) :             0.232ns  (arrival time - required time)
  Source:                 Soc_Tracking_i/VGA_controller_0/U0/vga_blue_reg[0]/C
                            (rising edge-triggered cell FDRE clocked by clk_fpga_0  {rise@0.000ns fall@5.000ns period=10.000ns})
  Destination:            Soc_Tracking_i/VGA_controller_0/U0/vga_blue_reg_reg[0]/D
                            (rising edge-triggered cell FDRE clocked by clk_fpga_1  {rise@0.000ns fall@20.000ns period=40.000ns})
  Path Group:             clk_fpga_1
  Path Type:              Hold (Min at Fast Process Corner)
  Requirement:            0.000ns  (clk_fpga_1 rise@0.000ns - clk_fpga_0 rise@0.000ns)
  Data Path Delay:        1.235ns  (logic 0.141ns (11.421%)  route 1.094ns (88.579%))
  Logic Levels:           0  
  Clock Path Skew:        0.294ns (DCD - SCD - CPR)
    Destination Clock Delay (DCD):    1.191ns
    Source Clock Delay      (SCD):    0.897ns
    Clock Pessimism Removal (CPR):    -0.000ns
  Clock Uncertainty:      0.619ns  ((TSJ^2 + TIJ^2)^1/2 + DJ) / 2 + PE
    Total System Jitter     (TSJ):    0.071ns
    Total Input Jitter      (TIJ):    1.237ns
    Discrete Jitter          (DJ):    0.000ns
    Phase Error              (PE):    0.000ns
  Clock Domain Crossing:  Inter clock paths are considered valid unless explicitly excluded by timing constraints such as set_clock_groups or set_false_path.

    Location             Delay type                Incr(ns)  Path(ns)    Netlist Resource(s)
  -------------------------------------------------------------------    -------------------
                         (clock clk_fpga_0 rise edge)
                                                      0.000     0.000 r  
    PS7_X0Y0             PS7                          0.000     0.000 r  Soc_Tracking_i/processing_system7_0/inst/PS7_i/FCLKCLK[0]
                         net (fo=1, routed)           0.315     0.315    Soc_Tracking_i/processing_system7_0/inst/FCLK_CLK_unbuffered[0]
    BUFGCTRL_X0Y0        BUFG (Prop_bufg_I_O)         0.026     0.341 r  Soc_Tracking_i/processing_system7_0/inst/buffer_fclk_clk_0.FCLK_CLK_0_BUFG/O
                         net (fo=5076, routed)        0.556     0.897    Soc_Tracking_i/VGA_controller_0/U0/S_AXIS_ACLK
    SLICE_X22Y36         FDRE                                         r  Soc_Tracking_i/VGA_controller_0/U0/vga_blue_reg[0]/C
  -------------------------------------------------------------------    -------------------
    SLICE_X22Y36         FDRE (Prop_fdre_C_Q)         0.141     1.038 r  Soc_Tracking_i/VGA_controller_0/U0/vga_blue_reg[0]/Q
                         net (fo=1, routed)           1.094     2.131    Soc_Tracking_i/VGA_controller_0/U0/vga_blue[0]
    SLICE_X24Y33         FDRE                                         r  Soc_Tracking_i/VGA_controller_0/U0/vga_blue_reg_reg[0]/D
  -------------------------------------------------------------------    -------------------

                         (clock clk_fpga_1 rise edge)
                                                      0.000     0.000 r  
    PS7_X0Y0             PS7                          0.000     0.000 r  Soc_Tracking_i/processing_system7_0/inst/PS7_i/FCLKCLK[1]
                         net (fo=1, routed)           0.341     0.341    Soc_Tracking_i/processing_system7_0/inst/FCLK_CLK_unbuffered[1]
    BUFGCTRL_X0Y3        BUFG (Prop_bufg_I_O)         0.029     0.370 r  Soc_Tracking_i/processing_system7_0/inst/buffer_fclk_clk_1.FCLK_CLK_1_BUFG/O
                         net (fo=37, routed)          0.821     1.191    Soc_Tracking_i/VGA_controller_0/U0/clk_VGA
    SLICE_X24Y33         FDRE                                         r  Soc_Tracking_i/VGA_controller_0/U0/vga_blue_reg_reg[0]/C
                         clock pessimism              0.000     1.191    
                         clock uncertainty            0.619     1.810    
    SLICE_X24Y33         FDRE (Hold_fdre_C_D)         0.089     1.899    Soc_Tracking_i/VGA_controller_0/U0/vga_blue_reg_reg[0]
  -------------------------------------------------------------------
                         required time                         -1.899    
                         arrival time                           2.131    
  -------------------------------------------------------------------
                         slack                                  0.232    





---------------------------------------------------------------------------------------------------
Path Group:  **async_default**
From Clock:  clk_fpga_0
  To Clock:  clk_fpga_0

Setup :            0  Failing Endpoints,  Worst Slack        6.568ns,  Total Violation        0.000ns
Hold  :            0  Failing Endpoints,  Worst Slack        0.421ns,  Total Violation        0.000ns
---------------------------------------------------------------------------------------------------


Max Delay Paths
--------------------------------------------------------------------------------------
Slack (MET) :             6.568ns  (required time - arrival time)
  Source:                 Soc_Tracking_i/axi_mem_intercon/s00_couplers/auto_ds/inst/gen_downsizer.gen_cascaded_downsizer.first_downsizer_inst/USE_WRITE.write_addr_inst/cmd_queue/inst/fifo_gen_inst/inst_fifo_gen/gconvfifo.rf/grf.rf/rstblk/ngwrdrst.grst.g7serrst.gnsckt_wrst.rst_wr_reg2_inst/arststages_ff_reg[1]/C
                            (rising edge-triggered cell FDPE clocked by clk_fpga_0  {rise@0.000ns fall@5.000ns period=10.000ns})
  Destination:            Soc_Tracking_i/axi_mem_intercon/s00_couplers/auto_ds/inst/gen_downsizer.gen_cascaded_downsizer.first_downsizer_inst/USE_WRITE.write_addr_inst/cmd_queue/inst/fifo_gen_inst/inst_fifo_gen/gconvfifo.rf/grf.rf/gntv_or_sync_fifo.gl0.wr/gwss.wsts/ram_full_fb_i_reg/CLR
                            (recovery check against rising-edge clock clk_fpga_0  {rise@0.000ns fall@5.000ns period=10.000ns})
  Path Group:             **async_default**
  Path Type:              Recovery (Max at Slow Process Corner)
  Requirement:            10.000ns  (clk_fpga_0 rise@10.000ns - clk_fpga_0 rise@0.000ns)
  Data Path Delay:        2.889ns  (logic 0.718ns (24.849%)  route 2.171ns (75.151%))
  Logic Levels:           1  (LUT3=1)
  Clock Path Skew:        0.017ns (DCD - SCD + CPR)
    Destination Clock Delay (DCD):    2.767ns = ( 12.767 - 10.000 ) 
    Source Clock Delay      (SCD):    2.981ns
    Clock Pessimism Removal (CPR):    0.230ns
  Clock Uncertainty:      0.154ns  ((TSJ^2 + TIJ^2)^1/2 + DJ) / 2 + PE
    Total System Jitter     (TSJ):    0.071ns
    Total Input Jitter      (TIJ):    0.300ns
    Discrete Jitter          (DJ):    0.000ns
    Phase Error              (PE):    0.000ns

    Location             Delay type                Incr(ns)  Path(ns)    Netlist Resource(s)
  -------------------------------------------------------------------    -------------------
                         (clock clk_fpga_0 rise edge)
                                                      0.000     0.000 r  
    PS7_X0Y0             PS7                          0.000     0.000 r  Soc_Tracking_i/processing_system7_0/inst/PS7_i/FCLKCLK[0]
                         net (fo=1, routed)           1.207     1.207    Soc_Tracking_i/processing_system7_0/inst/FCLK_CLK_unbuffered[0]
    BUFGCTRL_X0Y0        BUFG (Prop_bufg_I_O)         0.101     1.308 r  Soc_Tracking_i/processing_system7_0/inst/buffer_fclk_clk_0.FCLK_CLK_0_BUFG/O
                         net (fo=5076, routed)        1.673     2.981    Soc_Tracking_i/axi_mem_intercon/s00_couplers/auto_ds/inst/gen_downsizer.gen_cascaded_downsizer.first_downsizer_inst/USE_WRITE.write_addr_inst/cmd_queue/inst/fifo_gen_inst/inst_fifo_gen/gconvfifo.rf/grf.rf/rstblk/ngwrdrst.grst.g7serrst.gnsckt_wrst.rst_wr_reg2_inst/dest_clk
    SLICE_X35Y7          FDPE                                         r  Soc_Tracking_i/axi_mem_intercon/s00_couplers/auto_ds/inst/gen_downsizer.gen_cascaded_downsizer.first_downsizer_inst/USE_WRITE.write_addr_inst/cmd_queue/inst/fifo_gen_inst/inst_fifo_gen/gconvfifo.rf/grf.rf/rstblk/ngwrdrst.grst.g7serrst.gnsckt_wrst.rst_wr_reg2_inst/arststages_ff_reg[1]/C
  -------------------------------------------------------------------    -------------------
    SLICE_X35Y7          FDPE (Prop_fdpe_C_Q)         0.419     3.400 f  Soc_Tracking_i/axi_mem_intercon/s00_couplers/auto_ds/inst/gen_downsizer.gen_cascaded_downsizer.first_downsizer_inst/USE_WRITE.write_addr_inst/cmd_queue/inst/fifo_gen_inst/inst_fifo_gen/gconvfifo.rf/grf.rf/rstblk/ngwrdrst.grst.g7serrst.gnsckt_wrst.rst_wr_reg2_inst/arststages_ff_reg[1]/Q
                         net (fo=2, routed)           1.033     4.433    Soc_Tracking_i/axi_mem_intercon/s00_couplers/auto_ds/inst/gen_downsizer.gen_cascaded_downsizer.first_downsizer_inst/USE_WRITE.write_addr_inst/cmd_queue/inst/fifo_gen_inst/inst_fifo_gen/gconvfifo.rf/grf.rf/rstblk/rst_wr_reg2
    SLICE_X38Y7          LUT3 (Prop_lut3_I2_O)        0.299     4.732 f  Soc_Tracking_i/axi_mem_intercon/s00_couplers/auto_ds/inst/gen_downsizer.gen_cascaded_downsizer.first_downsizer_inst/USE_WRITE.write_addr_inst/cmd_queue/inst/fifo_gen_inst/inst_fifo_gen/gconvfifo.rf/grf.rf/rstblk/gpregsm1.curr_fwft_state[1]_i_2/O
                         net (fo=32, routed)          1.138     5.870    Soc_Tracking_i/axi_mem_intercon/s00_couplers/auto_ds/inst/gen_downsizer.gen_cascaded_downsizer.first_downsizer_inst/USE_WRITE.write_addr_inst/cmd_queue/inst/fifo_gen_inst/inst_fifo_gen/gconvfifo.rf/grf.rf/gntv_or_sync_fifo.gl0.wr/gwss.wsts/AR[0]
    SLICE_X36Y4          FDCE                                         f  Soc_Tracking_i/axi_mem_intercon/s00_couplers/auto_ds/inst/gen_downsizer.gen_cascaded_downsizer.first_downsizer_inst/USE_WRITE.write_addr_inst/cmd_queue/inst/fifo_gen_inst/inst_fifo_gen/gconvfifo.rf/grf.rf/gntv_or_sync_fifo.gl0.wr/gwss.wsts/ram_full_fb_i_reg/CLR
  -------------------------------------------------------------------    -------------------

                         (clock clk_fpga_0 rise edge)
                                                     10.000    10.000 r  
    PS7_X0Y0             PS7                          0.000    10.000 r  Soc_Tracking_i/processing_system7_0/inst/PS7_i/FCLKCLK[0]
                         net (fo=1, routed)           1.101    11.101    Soc_Tracking_i/processing_system7_0/inst/FCLK_CLK_unbuffered[0]
    BUFGCTRL_X0Y0        BUFG (Prop_bufg_I_O)         0.091    11.192 r  Soc_Tracking_i/processing_system7_0/inst/buffer_fclk_clk_0.FCLK_CLK_0_BUFG/O
                         net (fo=5076, routed)        1.575    12.767    Soc_Tracking_i/axi_mem_intercon/s00_couplers/auto_ds/inst/gen_downsizer.gen_cascaded_downsizer.first_downsizer_inst/USE_WRITE.write_addr_inst/cmd_queue/inst/fifo_gen_inst/inst_fifo_gen/gconvfifo.rf/grf.rf/gntv_or_sync_fifo.gl0.wr/gwss.wsts/clk
    SLICE_X36Y4          FDCE                                         r  Soc_Tracking_i/axi_mem_intercon/s00_couplers/auto_ds/inst/gen_downsizer.gen_cascaded_downsizer.first_downsizer_inst/USE_WRITE.write_addr_inst/cmd_queue/inst/fifo_gen_inst/inst_fifo_gen/gconvfifo.rf/grf.rf/gntv_or_sync_fifo.gl0.wr/gwss.wsts/ram_full_fb_i_reg/C
                         clock pessimism              0.230    12.998    
                         clock uncertainty           -0.154    12.844    
    SLICE_X36Y4          FDCE (Recov_fdce_C_CLR)     -0.405    12.439    Soc_Tracking_i/axi_mem_intercon/s00_couplers/auto_ds/inst/gen_downsizer.gen_cascaded_downsizer.first_downsizer_inst/USE_WRITE.write_addr_inst/cmd_queue/inst/fifo_gen_inst/inst_fifo_gen/gconvfifo.rf/grf.rf/gntv_or_sync_fifo.gl0.wr/gwss.wsts/ram_full_fb_i_reg
  -------------------------------------------------------------------
                         required time                         12.439    
                         arrival time                          -5.870    
  -------------------------------------------------------------------
                         slack                                  6.568    

Slack (MET) :             6.568ns  (required time - arrival time)
  Source:                 Soc_Tracking_i/axi_mem_intercon/s00_couplers/auto_ds/inst/gen_downsizer.gen_cascaded_downsizer.first_downsizer_inst/USE_WRITE.write_addr_inst/cmd_queue/inst/fifo_gen_inst/inst_fifo_gen/gconvfifo.rf/grf.rf/rstblk/ngwrdrst.grst.g7serrst.gnsckt_wrst.rst_wr_reg2_inst/arststages_ff_reg[1]/C
                            (rising edge-triggered cell FDPE clocked by clk_fpga_0  {rise@0.000ns fall@5.000ns period=10.000ns})
  Destination:            Soc_Tracking_i/axi_mem_intercon/s00_couplers/auto_ds/inst/gen_downsizer.gen_cascaded_downsizer.first_downsizer_inst/USE_WRITE.write_addr_inst/cmd_queue/inst/fifo_gen_inst/inst_fifo_gen/gconvfifo.rf/grf.rf/gntv_or_sync_fifo.gl0.wr/gwss.wsts/ram_full_i_reg/CLR
                            (recovery check against rising-edge clock clk_fpga_0  {rise@0.000ns fall@5.000ns period=10.000ns})
  Path Group:             **async_default**
  Path Type:              Recovery (Max at Slow Process Corner)
  Requirement:            10.000ns  (clk_fpga_0 rise@10.000ns - clk_fpga_0 rise@0.000ns)
  Data Path Delay:        2.889ns  (logic 0.718ns (24.849%)  route 2.171ns (75.151%))
  Logic Levels:           1  (LUT3=1)
  Clock Path Skew:        0.017ns (DCD - SCD + CPR)
    Destination Clock Delay (DCD):    2.767ns = ( 12.767 - 10.000 ) 
    Source Clock Delay      (SCD):    2.981ns
    Clock Pessimism Removal (CPR):    0.230ns
  Clock Uncertainty:      0.154ns  ((TSJ^2 + TIJ^2)^1/2 + DJ) / 2 + PE
    Total System Jitter     (TSJ):    0.071ns
    Total Input Jitter      (TIJ):    0.300ns
    Discrete Jitter          (DJ):    0.000ns
    Phase Error              (PE):    0.000ns

    Location             Delay type                Incr(ns)  Path(ns)    Netlist Resource(s)
  -------------------------------------------------------------------    -------------------
                         (clock clk_fpga_0 rise edge)
                                                      0.000     0.000 r  
    PS7_X0Y0             PS7                          0.000     0.000 r  Soc_Tracking_i/processing_system7_0/inst/PS7_i/FCLKCLK[0]
                         net (fo=1, routed)           1.207     1.207    Soc_Tracking_i/processing_system7_0/inst/FCLK_CLK_unbuffered[0]
    BUFGCTRL_X0Y0        BUFG (Prop_bufg_I_O)         0.101     1.308 r  Soc_Tracking_i/processing_system7_0/inst/buffer_fclk_clk_0.FCLK_CLK_0_BUFG/O
                         net (fo=5076, routed)        1.673     2.981    Soc_Tracking_i/axi_mem_intercon/s00_couplers/auto_ds/inst/gen_downsizer.gen_cascaded_downsizer.first_downsizer_inst/USE_WRITE.write_addr_inst/cmd_queue/inst/fifo_gen_inst/inst_fifo_gen/gconvfifo.rf/grf.rf/rstblk/ngwrdrst.grst.g7serrst.gnsckt_wrst.rst_wr_reg2_inst/dest_clk
    SLICE_X35Y7          FDPE                                         r  Soc_Tracking_i/axi_mem_intercon/s00_couplers/auto_ds/inst/gen_downsizer.gen_cascaded_downsizer.first_downsizer_inst/USE_WRITE.write_addr_inst/cmd_queue/inst/fifo_gen_inst/inst_fifo_gen/gconvfifo.rf/grf.rf/rstblk/ngwrdrst.grst.g7serrst.gnsckt_wrst.rst_wr_reg2_inst/arststages_ff_reg[1]/C
  -------------------------------------------------------------------    -------------------
    SLICE_X35Y7          FDPE (Prop_fdpe_C_Q)         0.419     3.400 f  Soc_Tracking_i/axi_mem_intercon/s00_couplers/auto_ds/inst/gen_downsizer.gen_cascaded_downsizer.first_downsizer_inst/USE_WRITE.write_addr_inst/cmd_queue/inst/fifo_gen_inst/inst_fifo_gen/gconvfifo.rf/grf.rf/rstblk/ngwrdrst.grst.g7serrst.gnsckt_wrst.rst_wr_reg2_inst/arststages_ff_reg[1]/Q
                         net (fo=2, routed)           1.033     4.433    Soc_Tracking_i/axi_mem_intercon/s00_couplers/auto_ds/inst/gen_downsizer.gen_cascaded_downsizer.first_downsizer_inst/USE_WRITE.write_addr_inst/cmd_queue/inst/fifo_gen_inst/inst_fifo_gen/gconvfifo.rf/grf.rf/rstblk/rst_wr_reg2
    SLICE_X38Y7          LUT3 (Prop_lut3_I2_O)        0.299     4.732 f  Soc_Tracking_i/axi_mem_intercon/s00_couplers/auto_ds/inst/gen_downsizer.gen_cascaded_downsizer.first_downsizer_inst/USE_WRITE.write_addr_inst/cmd_queue/inst/fifo_gen_inst/inst_fifo_gen/gconvfifo.rf/grf.rf/rstblk/gpregsm1.curr_fwft_state[1]_i_2/O
                         net (fo=32, routed)          1.138     5.870    Soc_Tracking_i/axi_mem_intercon/s00_couplers/auto_ds/inst/gen_downsizer.gen_cascaded_downsizer.first_downsizer_inst/USE_WRITE.write_addr_inst/cmd_queue/inst/fifo_gen_inst/inst_fifo_gen/gconvfifo.rf/grf.rf/gntv_or_sync_fifo.gl0.wr/gwss.wsts/AR[0]
    SLICE_X36Y4          FDCE                                         f  Soc_Tracking_i/axi_mem_intercon/s00_couplers/auto_ds/inst/gen_downsizer.gen_cascaded_downsizer.first_downsizer_inst/USE_WRITE.write_addr_inst/cmd_queue/inst/fifo_gen_inst/inst_fifo_gen/gconvfifo.rf/grf.rf/gntv_or_sync_fifo.gl0.wr/gwss.wsts/ram_full_i_reg/CLR
  -------------------------------------------------------------------    -------------------

                         (clock clk_fpga_0 rise edge)
                                                     10.000    10.000 r  
    PS7_X0Y0             PS7                          0.000    10.000 r  Soc_Tracking_i/processing_system7_0/inst/PS7_i/FCLKCLK[0]
                         net (fo=1, routed)           1.101    11.101    Soc_Tracking_i/processing_system7_0/inst/FCLK_CLK_unbuffered[0]
    BUFGCTRL_X0Y0        BUFG (Prop_bufg_I_O)         0.091    11.192 r  Soc_Tracking_i/processing_system7_0/inst/buffer_fclk_clk_0.FCLK_CLK_0_BUFG/O
                         net (fo=5076, routed)        1.575    12.767    Soc_Tracking_i/axi_mem_intercon/s00_couplers/auto_ds/inst/gen_downsizer.gen_cascaded_downsizer.first_downsizer_inst/USE_WRITE.write_addr_inst/cmd_queue/inst/fifo_gen_inst/inst_fifo_gen/gconvfifo.rf/grf.rf/gntv_or_sync_fifo.gl0.wr/gwss.wsts/clk
    SLICE_X36Y4          FDCE                                         r  Soc_Tracking_i/axi_mem_intercon/s00_couplers/auto_ds/inst/gen_downsizer.gen_cascaded_downsizer.first_downsizer_inst/USE_WRITE.write_addr_inst/cmd_queue/inst/fifo_gen_inst/inst_fifo_gen/gconvfifo.rf/grf.rf/gntv_or_sync_fifo.gl0.wr/gwss.wsts/ram_full_i_reg/C
                         clock pessimism              0.230    12.998    
                         clock uncertainty           -0.154    12.844    
    SLICE_X36Y4          FDCE (Recov_fdce_C_CLR)     -0.405    12.439    Soc_Tracking_i/axi_mem_intercon/s00_couplers/auto_ds/inst/gen_downsizer.gen_cascaded_downsizer.first_downsizer_inst/USE_WRITE.write_addr_inst/cmd_queue/inst/fifo_gen_inst/inst_fifo_gen/gconvfifo.rf/grf.rf/gntv_or_sync_fifo.gl0.wr/gwss.wsts/ram_full_i_reg
  -------------------------------------------------------------------
                         required time                         12.439    
                         arrival time                          -5.870    
  -------------------------------------------------------------------
                         slack                                  6.568    

Slack (MET) :             6.573ns  (required time - arrival time)
  Source:                 Soc_Tracking_i/axi_mem_intercon/s00_couplers/auto_ds/inst/gen_downsizer.gen_cascaded_downsizer.first_downsizer_inst/USE_WRITE.write_addr_inst/cmd_queue/inst/fifo_gen_inst/inst_fifo_gen/gconvfifo.rf/grf.rf/rstblk/ngwrdrst.grst.g7serrst.gnsckt_wrst.rst_wr_reg2_inst/arststages_ff_reg[1]/C
                            (rising edge-triggered cell FDPE clocked by clk_fpga_0  {rise@0.000ns fall@5.000ns period=10.000ns})
  Destination:            Soc_Tracking_i/axi_mem_intercon/s00_couplers/auto_ds/inst/gen_downsizer.gen_cascaded_downsizer.first_downsizer_inst/USE_WRITE.write_addr_inst/cmd_queue/inst/fifo_gen_inst/inst_fifo_gen/gconvfifo.rf/grf.rf/gntv_or_sync_fifo.gl0.wr/wpntr/gcc0.gc0.count_d1_reg[0]/CLR
                            (recovery check against rising-edge clock clk_fpga_0  {rise@0.000ns fall@5.000ns period=10.000ns})
  Path Group:             **async_default**
  Path Type:              Recovery (Max at Slow Process Corner)
  Requirement:            10.000ns  (clk_fpga_0 rise@10.000ns - clk_fpga_0 rise@0.000ns)
  Data Path Delay:        2.885ns  (logic 0.718ns (24.887%)  route 2.167ns (75.113%))
  Logic Levels:           1  (LUT3=1)
  Clock Path Skew:        0.017ns (DCD - SCD + CPR)
    Destination Clock Delay (DCD):    2.767ns = ( 12.767 - 10.000 ) 
    Source Clock Delay      (SCD):    2.981ns
    Clock Pessimism Removal (CPR):    0.230ns
  Clock Uncertainty:      0.154ns  ((TSJ^2 + TIJ^2)^1/2 + DJ) / 2 + PE
    Total System Jitter     (TSJ):    0.071ns
    Total Input Jitter      (TIJ):    0.300ns
    Discrete Jitter          (DJ):    0.000ns
    Phase Error              (PE):    0.000ns

    Location             Delay type                Incr(ns)  Path(ns)    Netlist Resource(s)
  -------------------------------------------------------------------    -------------------
                         (clock clk_fpga_0 rise edge)
                                                      0.000     0.000 r  
    PS7_X0Y0             PS7                          0.000     0.000 r  Soc_Tracking_i/processing_system7_0/inst/PS7_i/FCLKCLK[0]
                         net (fo=1, routed)           1.207     1.207    Soc_Tracking_i/processing_system7_0/inst/FCLK_CLK_unbuffered[0]
    BUFGCTRL_X0Y0        BUFG (Prop_bufg_I_O)         0.101     1.308 r  Soc_Tracking_i/processing_system7_0/inst/buffer_fclk_clk_0.FCLK_CLK_0_BUFG/O
                         net (fo=5076, routed)        1.673     2.981    Soc_Tracking_i/axi_mem_intercon/s00_couplers/auto_ds/inst/gen_downsizer.gen_cascaded_downsizer.first_downsizer_inst/USE_WRITE.write_addr_inst/cmd_queue/inst/fifo_gen_inst/inst_fifo_gen/gconvfifo.rf/grf.rf/rstblk/ngwrdrst.grst.g7serrst.gnsckt_wrst.rst_wr_reg2_inst/dest_clk
    SLICE_X35Y7          FDPE                                         r  Soc_Tracking_i/axi_mem_intercon/s00_couplers/auto_ds/inst/gen_downsizer.gen_cascaded_downsizer.first_downsizer_inst/USE_WRITE.write_addr_inst/cmd_queue/inst/fifo_gen_inst/inst_fifo_gen/gconvfifo.rf/grf.rf/rstblk/ngwrdrst.grst.g7serrst.gnsckt_wrst.rst_wr_reg2_inst/arststages_ff_reg[1]/C
  -------------------------------------------------------------------    -------------------
    SLICE_X35Y7          FDPE (Prop_fdpe_C_Q)         0.419     3.400 f  Soc_Tracking_i/axi_mem_intercon/s00_couplers/auto_ds/inst/gen_downsizer.gen_cascaded_downsizer.first_downsizer_inst/USE_WRITE.write_addr_inst/cmd_queue/inst/fifo_gen_inst/inst_fifo_gen/gconvfifo.rf/grf.rf/rstblk/ngwrdrst.grst.g7serrst.gnsckt_wrst.rst_wr_reg2_inst/arststages_ff_reg[1]/Q
                         net (fo=2, routed)           1.033     4.433    Soc_Tracking_i/axi_mem_intercon/s00_couplers/auto_ds/inst/gen_downsizer.gen_cascaded_downsizer.first_downsizer_inst/USE_WRITE.write_addr_inst/cmd_queue/inst/fifo_gen_inst/inst_fifo_gen/gconvfifo.rf/grf.rf/rstblk/rst_wr_reg2
    SLICE_X38Y7          LUT3 (Prop_lut3_I2_O)        0.299     4.732 f  Soc_Tracking_i/axi_mem_intercon/s00_couplers/auto_ds/inst/gen_downsizer.gen_cascaded_downsizer.first_downsizer_inst/USE_WRITE.write_addr_inst/cmd_queue/inst/fifo_gen_inst/inst_fifo_gen/gconvfifo.rf/grf.rf/rstblk/gpregsm1.curr_fwft_state[1]_i_2/O
                         net (fo=32, routed)          1.134     5.866    Soc_Tracking_i/axi_mem_intercon/s00_couplers/auto_ds/inst/gen_downsizer.gen_cascaded_downsizer.first_downsizer_inst/USE_WRITE.write_addr_inst/cmd_queue/inst/fifo_gen_inst/inst_fifo_gen/gconvfifo.rf/grf.rf/gntv_or_sync_fifo.gl0.wr/wpntr/AR[0]
    SLICE_X37Y4          FDCE                                         f  Soc_Tracking_i/axi_mem_intercon/s00_couplers/auto_ds/inst/gen_downsizer.gen_cascaded_downsizer.first_downsizer_inst/USE_WRITE.write_addr_inst/cmd_queue/inst/fifo_gen_inst/inst_fifo_gen/gconvfifo.rf/grf.rf/gntv_or_sync_fifo.gl0.wr/wpntr/gcc0.gc0.count_d1_reg[0]/CLR
  -------------------------------------------------------------------    -------------------

                         (clock clk_fpga_0 rise edge)
                                                     10.000    10.000 r  
    PS7_X0Y0             PS7                          0.000    10.000 r  Soc_Tracking_i/processing_system7_0/inst/PS7_i/FCLKCLK[0]
                         net (fo=1, routed)           1.101    11.101    Soc_Tracking_i/processing_system7_0/inst/FCLK_CLK_unbuffered[0]
    BUFGCTRL_X0Y0        BUFG (Prop_bufg_I_O)         0.091    11.192 r  Soc_Tracking_i/processing_system7_0/inst/buffer_fclk_clk_0.FCLK_CLK_0_BUFG/O
                         net (fo=5076, routed)        1.575    12.767    Soc_Tracking_i/axi_mem_intercon/s00_couplers/auto_ds/inst/gen_downsizer.gen_cascaded_downsizer.first_downsizer_inst/USE_WRITE.write_addr_inst/cmd_queue/inst/fifo_gen_inst/inst_fifo_gen/gconvfifo.rf/grf.rf/gntv_or_sync_fifo.gl0.wr/wpntr/clk
    SLICE_X37Y4          FDCE                                         r  Soc_Tracking_i/axi_mem_intercon/s00_couplers/auto_ds/inst/gen_downsizer.gen_cascaded_downsizer.first_downsizer_inst/USE_WRITE.write_addr_inst/cmd_queue/inst/fifo_gen_inst/inst_fifo_gen/gconvfifo.rf/grf.rf/gntv_or_sync_fifo.gl0.wr/wpntr/gcc0.gc0.count_d1_reg[0]/C
                         clock pessimism              0.230    12.998    
                         clock uncertainty           -0.154    12.844    
    SLICE_X37Y4          FDCE (Recov_fdce_C_CLR)     -0.405    12.439    Soc_Tracking_i/axi_mem_intercon/s00_couplers/auto_ds/inst/gen_downsizer.gen_cascaded_downsizer.first_downsizer_inst/USE_WRITE.write_addr_inst/cmd_queue/inst/fifo_gen_inst/inst_fifo_gen/gconvfifo.rf/grf.rf/gntv_or_sync_fifo.gl0.wr/wpntr/gcc0.gc0.count_d1_reg[0]
  -------------------------------------------------------------------
                         required time                         12.439    
                         arrival time                          -5.866    
  -------------------------------------------------------------------
                         slack                                  6.573    

Slack (MET) :             6.573ns  (required time - arrival time)
  Source:                 Soc_Tracking_i/axi_mem_intercon/s00_couplers/auto_ds/inst/gen_downsizer.gen_cascaded_downsizer.first_downsizer_inst/USE_WRITE.write_addr_inst/cmd_queue/inst/fifo_gen_inst/inst_fifo_gen/gconvfifo.rf/grf.rf/rstblk/ngwrdrst.grst.g7serrst.gnsckt_wrst.rst_wr_reg2_inst/arststages_ff_reg[1]/C
                            (rising edge-triggered cell FDPE clocked by clk_fpga_0  {rise@0.000ns fall@5.000ns period=10.000ns})
  Destination:            Soc_Tracking_i/axi_mem_intercon/s00_couplers/auto_ds/inst/gen_downsizer.gen_cascaded_downsizer.first_downsizer_inst/USE_WRITE.write_addr_inst/cmd_queue/inst/fifo_gen_inst/inst_fifo_gen/gconvfifo.rf/grf.rf/gntv_or_sync_fifo.gl0.wr/wpntr/gcc0.gc0.count_d1_reg[1]/CLR
                            (recovery check against rising-edge clock clk_fpga_0  {rise@0.000ns fall@5.000ns period=10.000ns})
  Path Group:             **async_default**
  Path Type:              Recovery (Max at Slow Process Corner)
  Requirement:            10.000ns  (clk_fpga_0 rise@10.000ns - clk_fpga_0 rise@0.000ns)
  Data Path Delay:        2.885ns  (logic 0.718ns (24.887%)  route 2.167ns (75.113%))
  Logic Levels:           1  (LUT3=1)
  Clock Path Skew:        0.017ns (DCD - SCD + CPR)
    Destination Clock Delay (DCD):    2.767ns = ( 12.767 - 10.000 ) 
    Source Clock Delay      (SCD):    2.981ns
    Clock Pessimism Removal (CPR):    0.230ns
  Clock Uncertainty:      0.154ns  ((TSJ^2 + TIJ^2)^1/2 + DJ) / 2 + PE
    Total System Jitter     (TSJ):    0.071ns
    Total Input Jitter      (TIJ):    0.300ns
    Discrete Jitter          (DJ):    0.000ns
    Phase Error              (PE):    0.000ns

    Location             Delay type                Incr(ns)  Path(ns)    Netlist Resource(s)
  -------------------------------------------------------------------    -------------------
                         (clock clk_fpga_0 rise edge)
                                                      0.000     0.000 r  
    PS7_X0Y0             PS7                          0.000     0.000 r  Soc_Tracking_i/processing_system7_0/inst/PS7_i/FCLKCLK[0]
                         net (fo=1, routed)           1.207     1.207    Soc_Tracking_i/processing_system7_0/inst/FCLK_CLK_unbuffered[0]
    BUFGCTRL_X0Y0        BUFG (Prop_bufg_I_O)         0.101     1.308 r  Soc_Tracking_i/processing_system7_0/inst/buffer_fclk_clk_0.FCLK_CLK_0_BUFG/O
                         net (fo=5076, routed)        1.673     2.981    Soc_Tracking_i/axi_mem_intercon/s00_couplers/auto_ds/inst/gen_downsizer.gen_cascaded_downsizer.first_downsizer_inst/USE_WRITE.write_addr_inst/cmd_queue/inst/fifo_gen_inst/inst_fifo_gen/gconvfifo.rf/grf.rf/rstblk/ngwrdrst.grst.g7serrst.gnsckt_wrst.rst_wr_reg2_inst/dest_clk
    SLICE_X35Y7          FDPE                                         r  Soc_Tracking_i/axi_mem_intercon/s00_couplers/auto_ds/inst/gen_downsizer.gen_cascaded_downsizer.first_downsizer_inst/USE_WRITE.write_addr_inst/cmd_queue/inst/fifo_gen_inst/inst_fifo_gen/gconvfifo.rf/grf.rf/rstblk/ngwrdrst.grst.g7serrst.gnsckt_wrst.rst_wr_reg2_inst/arststages_ff_reg[1]/C
  -------------------------------------------------------------------    -------------------
    SLICE_X35Y7          FDPE (Prop_fdpe_C_Q)         0.419     3.400 f  Soc_Tracking_i/axi_mem_intercon/s00_couplers/auto_ds/inst/gen_downsizer.gen_cascaded_downsizer.first_downsizer_inst/USE_WRITE.write_addr_inst/cmd_queue/inst/fifo_gen_inst/inst_fifo_gen/gconvfifo.rf/grf.rf/rstblk/ngwrdrst.grst.g7serrst.gnsckt_wrst.rst_wr_reg2_inst/arststages_ff_reg[1]/Q
                         net (fo=2, routed)           1.033     4.433    Soc_Tracking_i/axi_mem_intercon/s00_couplers/auto_ds/inst/gen_downsizer.gen_cascaded_downsizer.first_downsizer_inst/USE_WRITE.write_addr_inst/cmd_queue/inst/fifo_gen_inst/inst_fifo_gen/gconvfifo.rf/grf.rf/rstblk/rst_wr_reg2
    SLICE_X38Y7          LUT3 (Prop_lut3_I2_O)        0.299     4.732 f  Soc_Tracking_i/axi_mem_intercon/s00_couplers/auto_ds/inst/gen_downsizer.gen_cascaded_downsizer.first_downsizer_inst/USE_WRITE.write_addr_inst/cmd_queue/inst/fifo_gen_inst/inst_fifo_gen/gconvfifo.rf/grf.rf/rstblk/gpregsm1.curr_fwft_state[1]_i_2/O
                         net (fo=32, routed)          1.134     5.866    Soc_Tracking_i/axi_mem_intercon/s00_couplers/auto_ds/inst/gen_downsizer.gen_cascaded_downsizer.first_downsizer_inst/USE_WRITE.write_addr_inst/cmd_queue/inst/fifo_gen_inst/inst_fifo_gen/gconvfifo.rf/grf.rf/gntv_or_sync_fifo.gl0.wr/wpntr/AR[0]
    SLICE_X37Y4          FDCE                                         f  Soc_Tracking_i/axi_mem_intercon/s00_couplers/auto_ds/inst/gen_downsizer.gen_cascaded_downsizer.first_downsizer_inst/USE_WRITE.write_addr_inst/cmd_queue/inst/fifo_gen_inst/inst_fifo_gen/gconvfifo.rf/grf.rf/gntv_or_sync_fifo.gl0.wr/wpntr/gcc0.gc0.count_d1_reg[1]/CLR
  -------------------------------------------------------------------    -------------------

                         (clock clk_fpga_0 rise edge)
                                                     10.000    10.000 r  
    PS7_X0Y0             PS7                          0.000    10.000 r  Soc_Tracking_i/processing_system7_0/inst/PS7_i/FCLKCLK[0]
                         net (fo=1, routed)           1.101    11.101    Soc_Tracking_i/processing_system7_0/inst/FCLK_CLK_unbuffered[0]
    BUFGCTRL_X0Y0        BUFG (Prop_bufg_I_O)         0.091    11.192 r  Soc_Tracking_i/processing_system7_0/inst/buffer_fclk_clk_0.FCLK_CLK_0_BUFG/O
                         net (fo=5076, routed)        1.575    12.767    Soc_Tracking_i/axi_mem_intercon/s00_couplers/auto_ds/inst/gen_downsizer.gen_cascaded_downsizer.first_downsizer_inst/USE_WRITE.write_addr_inst/cmd_queue/inst/fifo_gen_inst/inst_fifo_gen/gconvfifo.rf/grf.rf/gntv_or_sync_fifo.gl0.wr/wpntr/clk
    SLICE_X37Y4          FDCE                                         r  Soc_Tracking_i/axi_mem_intercon/s00_couplers/auto_ds/inst/gen_downsizer.gen_cascaded_downsizer.first_downsizer_inst/USE_WRITE.write_addr_inst/cmd_queue/inst/fifo_gen_inst/inst_fifo_gen/gconvfifo.rf/grf.rf/gntv_or_sync_fifo.gl0.wr/wpntr/gcc0.gc0.count_d1_reg[1]/C
                         clock pessimism              0.230    12.998    
                         clock uncertainty           -0.154    12.844    
    SLICE_X37Y4          FDCE (Recov_fdce_C_CLR)     -0.405    12.439    Soc_Tracking_i/axi_mem_intercon/s00_couplers/auto_ds/inst/gen_downsizer.gen_cascaded_downsizer.first_downsizer_inst/USE_WRITE.write_addr_inst/cmd_queue/inst/fifo_gen_inst/inst_fifo_gen/gconvfifo.rf/grf.rf/gntv_or_sync_fifo.gl0.wr/wpntr/gcc0.gc0.count_d1_reg[1]
  -------------------------------------------------------------------
                         required time                         12.439    
                         arrival time                          -5.866    
  -------------------------------------------------------------------
                         slack                                  6.573    

Slack (MET) :             6.573ns  (required time - arrival time)
  Source:                 Soc_Tracking_i/axi_mem_intercon/s00_couplers/auto_ds/inst/gen_downsizer.gen_cascaded_downsizer.first_downsizer_inst/USE_WRITE.write_addr_inst/cmd_queue/inst/fifo_gen_inst/inst_fifo_gen/gconvfifo.rf/grf.rf/rstblk/ngwrdrst.grst.g7serrst.gnsckt_wrst.rst_wr_reg2_inst/arststages_ff_reg[1]/C
                            (rising edge-triggered cell FDPE clocked by clk_fpga_0  {rise@0.000ns fall@5.000ns period=10.000ns})
  Destination:            Soc_Tracking_i/axi_mem_intercon/s00_couplers/auto_ds/inst/gen_downsizer.gen_cascaded_downsizer.first_downsizer_inst/USE_WRITE.write_addr_inst/cmd_queue/inst/fifo_gen_inst/inst_fifo_gen/gconvfifo.rf/grf.rf/gntv_or_sync_fifo.gl0.wr/wpntr/gcc0.gc0.count_d1_reg[2]/CLR
                            (recovery check against rising-edge clock clk_fpga_0  {rise@0.000ns fall@5.000ns period=10.000ns})
  Path Group:             **async_default**
  Path Type:              Recovery (Max at Slow Process Corner)
  Requirement:            10.000ns  (clk_fpga_0 rise@10.000ns - clk_fpga_0 rise@0.000ns)
  Data Path Delay:        2.885ns  (logic 0.718ns (24.887%)  route 2.167ns (75.113%))
  Logic Levels:           1  (LUT3=1)
  Clock Path Skew:        0.017ns (DCD - SCD + CPR)
    Destination Clock Delay (DCD):    2.767ns = ( 12.767 - 10.000 ) 
    Source Clock Delay      (SCD):    2.981ns
    Clock Pessimism Removal (CPR):    0.230ns
  Clock Uncertainty:      0.154ns  ((TSJ^2 + TIJ^2)^1/2 + DJ) / 2 + PE
    Total System Jitter     (TSJ):    0.071ns
    Total Input Jitter      (TIJ):    0.300ns
    Discrete Jitter          (DJ):    0.000ns
    Phase Error              (PE):    0.000ns

    Location             Delay type                Incr(ns)  Path(ns)    Netlist Resource(s)
  -------------------------------------------------------------------    -------------------
                         (clock clk_fpga_0 rise edge)
                                                      0.000     0.000 r  
    PS7_X0Y0             PS7                          0.000     0.000 r  Soc_Tracking_i/processing_system7_0/inst/PS7_i/FCLKCLK[0]
                         net (fo=1, routed)           1.207     1.207    Soc_Tracking_i/processing_system7_0/inst/FCLK_CLK_unbuffered[0]
    BUFGCTRL_X0Y0        BUFG (Prop_bufg_I_O)         0.101     1.308 r  Soc_Tracking_i/processing_system7_0/inst/buffer_fclk_clk_0.FCLK_CLK_0_BUFG/O
                         net (fo=5076, routed)        1.673     2.981    Soc_Tracking_i/axi_mem_intercon/s00_couplers/auto_ds/inst/gen_downsizer.gen_cascaded_downsizer.first_downsizer_inst/USE_WRITE.write_addr_inst/cmd_queue/inst/fifo_gen_inst/inst_fifo_gen/gconvfifo.rf/grf.rf/rstblk/ngwrdrst.grst.g7serrst.gnsckt_wrst.rst_wr_reg2_inst/dest_clk
    SLICE_X35Y7          FDPE                                         r  Soc_Tracking_i/axi_mem_intercon/s00_couplers/auto_ds/inst/gen_downsizer.gen_cascaded_downsizer.first_downsizer_inst/USE_WRITE.write_addr_inst/cmd_queue/inst/fifo_gen_inst/inst_fifo_gen/gconvfifo.rf/grf.rf/rstblk/ngwrdrst.grst.g7serrst.gnsckt_wrst.rst_wr_reg2_inst/arststages_ff_reg[1]/C
  -------------------------------------------------------------------    -------------------
    SLICE_X35Y7          FDPE (Prop_fdpe_C_Q)         0.419     3.400 f  Soc_Tracking_i/axi_mem_intercon/s00_couplers/auto_ds/inst/gen_downsizer.gen_cascaded_downsizer.first_downsizer_inst/USE_WRITE.write_addr_inst/cmd_queue/inst/fifo_gen_inst/inst_fifo_gen/gconvfifo.rf/grf.rf/rstblk/ngwrdrst.grst.g7serrst.gnsckt_wrst.rst_wr_reg2_inst/arststages_ff_reg[1]/Q
                         net (fo=2, routed)           1.033     4.433    Soc_Tracking_i/axi_mem_intercon/s00_couplers/auto_ds/inst/gen_downsizer.gen_cascaded_downsizer.first_downsizer_inst/USE_WRITE.write_addr_inst/cmd_queue/inst/fifo_gen_inst/inst_fifo_gen/gconvfifo.rf/grf.rf/rstblk/rst_wr_reg2
    SLICE_X38Y7          LUT3 (Prop_lut3_I2_O)        0.299     4.732 f  Soc_Tracking_i/axi_mem_intercon/s00_couplers/auto_ds/inst/gen_downsizer.gen_cascaded_downsizer.first_downsizer_inst/USE_WRITE.write_addr_inst/cmd_queue/inst/fifo_gen_inst/inst_fifo_gen/gconvfifo.rf/grf.rf/rstblk/gpregsm1.curr_fwft_state[1]_i_2/O
                         net (fo=32, routed)          1.134     5.866    Soc_Tracking_i/axi_mem_intercon/s00_couplers/auto_ds/inst/gen_downsizer.gen_cascaded_downsizer.first_downsizer_inst/USE_WRITE.write_addr_inst/cmd_queue/inst/fifo_gen_inst/inst_fifo_gen/gconvfifo.rf/grf.rf/gntv_or_sync_fifo.gl0.wr/wpntr/AR[0]
    SLICE_X37Y4          FDCE                                         f  Soc_Tracking_i/axi_mem_intercon/s00_couplers/auto_ds/inst/gen_downsizer.gen_cascaded_downsizer.first_downsizer_inst/USE_WRITE.write_addr_inst/cmd_queue/inst/fifo_gen_inst/inst_fifo_gen/gconvfifo.rf/grf.rf/gntv_or_sync_fifo.gl0.wr/wpntr/gcc0.gc0.count_d1_reg[2]/CLR
  -------------------------------------------------------------------    -------------------

                         (clock clk_fpga_0 rise edge)
                                                     10.000    10.000 r  
    PS7_X0Y0             PS7                          0.000    10.000 r  Soc_Tracking_i/processing_system7_0/inst/PS7_i/FCLKCLK[0]
                         net (fo=1, routed)           1.101    11.101    Soc_Tracking_i/processing_system7_0/inst/FCLK_CLK_unbuffered[0]
    BUFGCTRL_X0Y0        BUFG (Prop_bufg_I_O)         0.091    11.192 r  Soc_Tracking_i/processing_system7_0/inst/buffer_fclk_clk_0.FCLK_CLK_0_BUFG/O
                         net (fo=5076, routed)        1.575    12.767    Soc_Tracking_i/axi_mem_intercon/s00_couplers/auto_ds/inst/gen_downsizer.gen_cascaded_downsizer.first_downsizer_inst/USE_WRITE.write_addr_inst/cmd_queue/inst/fifo_gen_inst/inst_fifo_gen/gconvfifo.rf/grf.rf/gntv_or_sync_fifo.gl0.wr/wpntr/clk
    SLICE_X37Y4          FDCE                                         r  Soc_Tracking_i/axi_mem_intercon/s00_couplers/auto_ds/inst/gen_downsizer.gen_cascaded_downsizer.first_downsizer_inst/USE_WRITE.write_addr_inst/cmd_queue/inst/fifo_gen_inst/inst_fifo_gen/gconvfifo.rf/grf.rf/gntv_or_sync_fifo.gl0.wr/wpntr/gcc0.gc0.count_d1_reg[2]/C
                         clock pessimism              0.230    12.998    
                         clock uncertainty           -0.154    12.844    
    SLICE_X37Y4          FDCE (Recov_fdce_C_CLR)     -0.405    12.439    Soc_Tracking_i/axi_mem_intercon/s00_couplers/auto_ds/inst/gen_downsizer.gen_cascaded_downsizer.first_downsizer_inst/USE_WRITE.write_addr_inst/cmd_queue/inst/fifo_gen_inst/inst_fifo_gen/gconvfifo.rf/grf.rf/gntv_or_sync_fifo.gl0.wr/wpntr/gcc0.gc0.count_d1_reg[2]
  -------------------------------------------------------------------
                         required time                         12.439    
                         arrival time                          -5.866    
  -------------------------------------------------------------------
                         slack                                  6.573    

Slack (MET) :             6.573ns  (required time - arrival time)
  Source:                 Soc_Tracking_i/axi_mem_intercon/s00_couplers/auto_ds/inst/gen_downsizer.gen_cascaded_downsizer.first_downsizer_inst/USE_WRITE.write_addr_inst/cmd_queue/inst/fifo_gen_inst/inst_fifo_gen/gconvfifo.rf/grf.rf/rstblk/ngwrdrst.grst.g7serrst.gnsckt_wrst.rst_wr_reg2_inst/arststages_ff_reg[1]/C
                            (rising edge-triggered cell FDPE clocked by clk_fpga_0  {rise@0.000ns fall@5.000ns period=10.000ns})
  Destination:            Soc_Tracking_i/axi_mem_intercon/s00_couplers/auto_ds/inst/gen_downsizer.gen_cascaded_downsizer.first_downsizer_inst/USE_WRITE.write_addr_inst/cmd_queue/inst/fifo_gen_inst/inst_fifo_gen/gconvfifo.rf/grf.rf/gntv_or_sync_fifo.gl0.wr/wpntr/gcc0.gc0.count_d1_reg[3]/CLR
                            (recovery check against rising-edge clock clk_fpga_0  {rise@0.000ns fall@5.000ns period=10.000ns})
  Path Group:             **async_default**
  Path Type:              Recovery (Max at Slow Process Corner)
  Requirement:            10.000ns  (clk_fpga_0 rise@10.000ns - clk_fpga_0 rise@0.000ns)
  Data Path Delay:        2.885ns  (logic 0.718ns (24.887%)  route 2.167ns (75.113%))
  Logic Levels:           1  (LUT3=1)
  Clock Path Skew:        0.017ns (DCD - SCD + CPR)
    Destination Clock Delay (DCD):    2.767ns = ( 12.767 - 10.000 ) 
    Source Clock Delay      (SCD):    2.981ns
    Clock Pessimism Removal (CPR):    0.230ns
  Clock Uncertainty:      0.154ns  ((TSJ^2 + TIJ^2)^1/2 + DJ) / 2 + PE
    Total System Jitter     (TSJ):    0.071ns
    Total Input Jitter      (TIJ):    0.300ns
    Discrete Jitter          (DJ):    0.000ns
    Phase Error              (PE):    0.000ns

    Location             Delay type                Incr(ns)  Path(ns)    Netlist Resource(s)
  -------------------------------------------------------------------    -------------------
                         (clock clk_fpga_0 rise edge)
                                                      0.000     0.000 r  
    PS7_X0Y0             PS7                          0.000     0.000 r  Soc_Tracking_i/processing_system7_0/inst/PS7_i/FCLKCLK[0]
                         net (fo=1, routed)           1.207     1.207    Soc_Tracking_i/processing_system7_0/inst/FCLK_CLK_unbuffered[0]
    BUFGCTRL_X0Y0        BUFG (Prop_bufg_I_O)         0.101     1.308 r  Soc_Tracking_i/processing_system7_0/inst/buffer_fclk_clk_0.FCLK_CLK_0_BUFG/O
                         net (fo=5076, routed)        1.673     2.981    Soc_Tracking_i/axi_mem_intercon/s00_couplers/auto_ds/inst/gen_downsizer.gen_cascaded_downsizer.first_downsizer_inst/USE_WRITE.write_addr_inst/cmd_queue/inst/fifo_gen_inst/inst_fifo_gen/gconvfifo.rf/grf.rf/rstblk/ngwrdrst.grst.g7serrst.gnsckt_wrst.rst_wr_reg2_inst/dest_clk
    SLICE_X35Y7          FDPE                                         r  Soc_Tracking_i/axi_mem_intercon/s00_couplers/auto_ds/inst/gen_downsizer.gen_cascaded_downsizer.first_downsizer_inst/USE_WRITE.write_addr_inst/cmd_queue/inst/fifo_gen_inst/inst_fifo_gen/gconvfifo.rf/grf.rf/rstblk/ngwrdrst.grst.g7serrst.gnsckt_wrst.rst_wr_reg2_inst/arststages_ff_reg[1]/C
  -------------------------------------------------------------------    -------------------
    SLICE_X35Y7          FDPE (Prop_fdpe_C_Q)         0.419     3.400 f  Soc_Tracking_i/axi_mem_intercon/s00_couplers/auto_ds/inst/gen_downsizer.gen_cascaded_downsizer.first_downsizer_inst/USE_WRITE.write_addr_inst/cmd_queue/inst/fifo_gen_inst/inst_fifo_gen/gconvfifo.rf/grf.rf/rstblk/ngwrdrst.grst.g7serrst.gnsckt_wrst.rst_wr_reg2_inst/arststages_ff_reg[1]/Q
                         net (fo=2, routed)           1.033     4.433    Soc_Tracking_i/axi_mem_intercon/s00_couplers/auto_ds/inst/gen_downsizer.gen_cascaded_downsizer.first_downsizer_inst/USE_WRITE.write_addr_inst/cmd_queue/inst/fifo_gen_inst/inst_fifo_gen/gconvfifo.rf/grf.rf/rstblk/rst_wr_reg2
    SLICE_X38Y7          LUT3 (Prop_lut3_I2_O)        0.299     4.732 f  Soc_Tracking_i/axi_mem_intercon/s00_couplers/auto_ds/inst/gen_downsizer.gen_cascaded_downsizer.first_downsizer_inst/USE_WRITE.write_addr_inst/cmd_queue/inst/fifo_gen_inst/inst_fifo_gen/gconvfifo.rf/grf.rf/rstblk/gpregsm1.curr_fwft_state[1]_i_2/O
                         net (fo=32, routed)          1.134     5.866    Soc_Tracking_i/axi_mem_intercon/s00_couplers/auto_ds/inst/gen_downsizer.gen_cascaded_downsizer.first_downsizer_inst/USE_WRITE.write_addr_inst/cmd_queue/inst/fifo_gen_inst/inst_fifo_gen/gconvfifo.rf/grf.rf/gntv_or_sync_fifo.gl0.wr/wpntr/AR[0]
    SLICE_X37Y4          FDCE                                         f  Soc_Tracking_i/axi_mem_intercon/s00_couplers/auto_ds/inst/gen_downsizer.gen_cascaded_downsizer.first_downsizer_inst/USE_WRITE.write_addr_inst/cmd_queue/inst/fifo_gen_inst/inst_fifo_gen/gconvfifo.rf/grf.rf/gntv_or_sync_fifo.gl0.wr/wpntr/gcc0.gc0.count_d1_reg[3]/CLR
  -------------------------------------------------------------------    -------------------

                         (clock clk_fpga_0 rise edge)
                                                     10.000    10.000 r  
    PS7_X0Y0             PS7                          0.000    10.000 r  Soc_Tracking_i/processing_system7_0/inst/PS7_i/FCLKCLK[0]
                         net (fo=1, routed)           1.101    11.101    Soc_Tracking_i/processing_system7_0/inst/FCLK_CLK_unbuffered[0]
    BUFGCTRL_X0Y0        BUFG (Prop_bufg_I_O)         0.091    11.192 r  Soc_Tracking_i/processing_system7_0/inst/buffer_fclk_clk_0.FCLK_CLK_0_BUFG/O
                         net (fo=5076, routed)        1.575    12.767    Soc_Tracking_i/axi_mem_intercon/s00_couplers/auto_ds/inst/gen_downsizer.gen_cascaded_downsizer.first_downsizer_inst/USE_WRITE.write_addr_inst/cmd_queue/inst/fifo_gen_inst/inst_fifo_gen/gconvfifo.rf/grf.rf/gntv_or_sync_fifo.gl0.wr/wpntr/clk
    SLICE_X37Y4          FDCE                                         r  Soc_Tracking_i/axi_mem_intercon/s00_couplers/auto_ds/inst/gen_downsizer.gen_cascaded_downsizer.first_downsizer_inst/USE_WRITE.write_addr_inst/cmd_queue/inst/fifo_gen_inst/inst_fifo_gen/gconvfifo.rf/grf.rf/gntv_or_sync_fifo.gl0.wr/wpntr/gcc0.gc0.count_d1_reg[3]/C
                         clock pessimism              0.230    12.998    
                         clock uncertainty           -0.154    12.844    
    SLICE_X37Y4          FDCE (Recov_fdce_C_CLR)     -0.405    12.439    Soc_Tracking_i/axi_mem_intercon/s00_couplers/auto_ds/inst/gen_downsizer.gen_cascaded_downsizer.first_downsizer_inst/USE_WRITE.write_addr_inst/cmd_queue/inst/fifo_gen_inst/inst_fifo_gen/gconvfifo.rf/grf.rf/gntv_or_sync_fifo.gl0.wr/wpntr/gcc0.gc0.count_d1_reg[3]
  -------------------------------------------------------------------
                         required time                         12.439    
                         arrival time                          -5.866    
  -------------------------------------------------------------------
                         slack                                  6.573    

Slack (MET) :             6.573ns  (required time - arrival time)
  Source:                 Soc_Tracking_i/axi_mem_intercon/s00_couplers/auto_ds/inst/gen_downsizer.gen_cascaded_downsizer.first_downsizer_inst/USE_WRITE.write_addr_inst/cmd_queue/inst/fifo_gen_inst/inst_fifo_gen/gconvfifo.rf/grf.rf/rstblk/ngwrdrst.grst.g7serrst.gnsckt_wrst.rst_wr_reg2_inst/arststages_ff_reg[1]/C
                            (rising edge-triggered cell FDPE clocked by clk_fpga_0  {rise@0.000ns fall@5.000ns period=10.000ns})
  Destination:            Soc_Tracking_i/axi_mem_intercon/s00_couplers/auto_ds/inst/gen_downsizer.gen_cascaded_downsizer.first_downsizer_inst/USE_WRITE.write_addr_inst/cmd_queue/inst/fifo_gen_inst/inst_fifo_gen/gconvfifo.rf/grf.rf/gntv_or_sync_fifo.gl0.wr/wpntr/gcc0.gc0.count_d1_reg[4]/CLR
                            (recovery check against rising-edge clock clk_fpga_0  {rise@0.000ns fall@5.000ns period=10.000ns})
  Path Group:             **async_default**
  Path Type:              Recovery (Max at Slow Process Corner)
  Requirement:            10.000ns  (clk_fpga_0 rise@10.000ns - clk_fpga_0 rise@0.000ns)
  Data Path Delay:        2.885ns  (logic 0.718ns (24.887%)  route 2.167ns (75.113%))
  Logic Levels:           1  (LUT3=1)
  Clock Path Skew:        0.017ns (DCD - SCD + CPR)
    Destination Clock Delay (DCD):    2.767ns = ( 12.767 - 10.000 ) 
    Source Clock Delay      (SCD):    2.981ns
    Clock Pessimism Removal (CPR):    0.230ns
  Clock Uncertainty:      0.154ns  ((TSJ^2 + TIJ^2)^1/2 + DJ) / 2 + PE
    Total System Jitter     (TSJ):    0.071ns
    Total Input Jitter      (TIJ):    0.300ns
    Discrete Jitter          (DJ):    0.000ns
    Phase Error              (PE):    0.000ns

    Location             Delay type                Incr(ns)  Path(ns)    Netlist Resource(s)
  -------------------------------------------------------------------    -------------------
                         (clock clk_fpga_0 rise edge)
                                                      0.000     0.000 r  
    PS7_X0Y0             PS7                          0.000     0.000 r  Soc_Tracking_i/processing_system7_0/inst/PS7_i/FCLKCLK[0]
                         net (fo=1, routed)           1.207     1.207    Soc_Tracking_i/processing_system7_0/inst/FCLK_CLK_unbuffered[0]
    BUFGCTRL_X0Y0        BUFG (Prop_bufg_I_O)         0.101     1.308 r  Soc_Tracking_i/processing_system7_0/inst/buffer_fclk_clk_0.FCLK_CLK_0_BUFG/O
                         net (fo=5076, routed)        1.673     2.981    Soc_Tracking_i/axi_mem_intercon/s00_couplers/auto_ds/inst/gen_downsizer.gen_cascaded_downsizer.first_downsizer_inst/USE_WRITE.write_addr_inst/cmd_queue/inst/fifo_gen_inst/inst_fifo_gen/gconvfifo.rf/grf.rf/rstblk/ngwrdrst.grst.g7serrst.gnsckt_wrst.rst_wr_reg2_inst/dest_clk
    SLICE_X35Y7          FDPE                                         r  Soc_Tracking_i/axi_mem_intercon/s00_couplers/auto_ds/inst/gen_downsizer.gen_cascaded_downsizer.first_downsizer_inst/USE_WRITE.write_addr_inst/cmd_queue/inst/fifo_gen_inst/inst_fifo_gen/gconvfifo.rf/grf.rf/rstblk/ngwrdrst.grst.g7serrst.gnsckt_wrst.rst_wr_reg2_inst/arststages_ff_reg[1]/C
  -------------------------------------------------------------------    -------------------
    SLICE_X35Y7          FDPE (Prop_fdpe_C_Q)         0.419     3.400 f  Soc_Tracking_i/axi_mem_intercon/s00_couplers/auto_ds/inst/gen_downsizer.gen_cascaded_downsizer.first_downsizer_inst/USE_WRITE.write_addr_inst/cmd_queue/inst/fifo_gen_inst/inst_fifo_gen/gconvfifo.rf/grf.rf/rstblk/ngwrdrst.grst.g7serrst.gnsckt_wrst.rst_wr_reg2_inst/arststages_ff_reg[1]/Q
                         net (fo=2, routed)           1.033     4.433    Soc_Tracking_i/axi_mem_intercon/s00_couplers/auto_ds/inst/gen_downsizer.gen_cascaded_downsizer.first_downsizer_inst/USE_WRITE.write_addr_inst/cmd_queue/inst/fifo_gen_inst/inst_fifo_gen/gconvfifo.rf/grf.rf/rstblk/rst_wr_reg2
    SLICE_X38Y7          LUT3 (Prop_lut3_I2_O)        0.299     4.732 f  Soc_Tracking_i/axi_mem_intercon/s00_couplers/auto_ds/inst/gen_downsizer.gen_cascaded_downsizer.first_downsizer_inst/USE_WRITE.write_addr_inst/cmd_queue/inst/fifo_gen_inst/inst_fifo_gen/gconvfifo.rf/grf.rf/rstblk/gpregsm1.curr_fwft_state[1]_i_2/O
                         net (fo=32, routed)          1.134     5.866    Soc_Tracking_i/axi_mem_intercon/s00_couplers/auto_ds/inst/gen_downsizer.gen_cascaded_downsizer.first_downsizer_inst/USE_WRITE.write_addr_inst/cmd_queue/inst/fifo_gen_inst/inst_fifo_gen/gconvfifo.rf/grf.rf/gntv_or_sync_fifo.gl0.wr/wpntr/AR[0]
    SLICE_X37Y4          FDCE                                         f  Soc_Tracking_i/axi_mem_intercon/s00_couplers/auto_ds/inst/gen_downsizer.gen_cascaded_downsizer.first_downsizer_inst/USE_WRITE.write_addr_inst/cmd_queue/inst/fifo_gen_inst/inst_fifo_gen/gconvfifo.rf/grf.rf/gntv_or_sync_fifo.gl0.wr/wpntr/gcc0.gc0.count_d1_reg[4]/CLR
  -------------------------------------------------------------------    -------------------

                         (clock clk_fpga_0 rise edge)
                                                     10.000    10.000 r  
    PS7_X0Y0             PS7                          0.000    10.000 r  Soc_Tracking_i/processing_system7_0/inst/PS7_i/FCLKCLK[0]
                         net (fo=1, routed)           1.101    11.101    Soc_Tracking_i/processing_system7_0/inst/FCLK_CLK_unbuffered[0]
    BUFGCTRL_X0Y0        BUFG (Prop_bufg_I_O)         0.091    11.192 r  Soc_Tracking_i/processing_system7_0/inst/buffer_fclk_clk_0.FCLK_CLK_0_BUFG/O
                         net (fo=5076, routed)        1.575    12.767    Soc_Tracking_i/axi_mem_intercon/s00_couplers/auto_ds/inst/gen_downsizer.gen_cascaded_downsizer.first_downsizer_inst/USE_WRITE.write_addr_inst/cmd_queue/inst/fifo_gen_inst/inst_fifo_gen/gconvfifo.rf/grf.rf/gntv_or_sync_fifo.gl0.wr/wpntr/clk
    SLICE_X37Y4          FDCE                                         r  Soc_Tracking_i/axi_mem_intercon/s00_couplers/auto_ds/inst/gen_downsizer.gen_cascaded_downsizer.first_downsizer_inst/USE_WRITE.write_addr_inst/cmd_queue/inst/fifo_gen_inst/inst_fifo_gen/gconvfifo.rf/grf.rf/gntv_or_sync_fifo.gl0.wr/wpntr/gcc0.gc0.count_d1_reg[4]/C
                         clock pessimism              0.230    12.998    
                         clock uncertainty           -0.154    12.844    
    SLICE_X37Y4          FDCE (Recov_fdce_C_CLR)     -0.405    12.439    Soc_Tracking_i/axi_mem_intercon/s00_couplers/auto_ds/inst/gen_downsizer.gen_cascaded_downsizer.first_downsizer_inst/USE_WRITE.write_addr_inst/cmd_queue/inst/fifo_gen_inst/inst_fifo_gen/gconvfifo.rf/grf.rf/gntv_or_sync_fifo.gl0.wr/wpntr/gcc0.gc0.count_d1_reg[4]
  -------------------------------------------------------------------
                         required time                         12.439    
                         arrival time                          -5.866    
  -------------------------------------------------------------------
                         slack                                  6.573    

Slack (MET) :             6.573ns  (required time - arrival time)
  Source:                 Soc_Tracking_i/axi_mem_intercon/s00_couplers/auto_ds/inst/gen_downsizer.gen_cascaded_downsizer.first_downsizer_inst/USE_WRITE.write_addr_inst/cmd_queue/inst/fifo_gen_inst/inst_fifo_gen/gconvfifo.rf/grf.rf/rstblk/ngwrdrst.grst.g7serrst.gnsckt_wrst.rst_wr_reg2_inst/arststages_ff_reg[1]/C
                            (rising edge-triggered cell FDPE clocked by clk_fpga_0  {rise@0.000ns fall@5.000ns period=10.000ns})
  Destination:            Soc_Tracking_i/axi_mem_intercon/s00_couplers/auto_ds/inst/gen_downsizer.gen_cascaded_downsizer.first_downsizer_inst/USE_WRITE.write_addr_inst/cmd_queue/inst/fifo_gen_inst/inst_fifo_gen/gconvfifo.rf/grf.rf/gntv_or_sync_fifo.gl0.wr/wpntr/gcc0.gc0.count_reg[3]/CLR
                            (recovery check against rising-edge clock clk_fpga_0  {rise@0.000ns fall@5.000ns period=10.000ns})
  Path Group:             **async_default**
  Path Type:              Recovery (Max at Slow Process Corner)
  Requirement:            10.000ns  (clk_fpga_0 rise@10.000ns - clk_fpga_0 rise@0.000ns)
  Data Path Delay:        2.885ns  (logic 0.718ns (24.887%)  route 2.167ns (75.113%))
  Logic Levels:           1  (LUT3=1)
  Clock Path Skew:        0.017ns (DCD - SCD + CPR)
    Destination Clock Delay (DCD):    2.767ns = ( 12.767 - 10.000 ) 
    Source Clock Delay      (SCD):    2.981ns
    Clock Pessimism Removal (CPR):    0.230ns
  Clock Uncertainty:      0.154ns  ((TSJ^2 + TIJ^2)^1/2 + DJ) / 2 + PE
    Total System Jitter     (TSJ):    0.071ns
    Total Input Jitter      (TIJ):    0.300ns
    Discrete Jitter          (DJ):    0.000ns
    Phase Error              (PE):    0.000ns

    Location             Delay type                Incr(ns)  Path(ns)    Netlist Resource(s)
  -------------------------------------------------------------------    -------------------
                         (clock clk_fpga_0 rise edge)
                                                      0.000     0.000 r  
    PS7_X0Y0             PS7                          0.000     0.000 r  Soc_Tracking_i/processing_system7_0/inst/PS7_i/FCLKCLK[0]
                         net (fo=1, routed)           1.207     1.207    Soc_Tracking_i/processing_system7_0/inst/FCLK_CLK_unbuffered[0]
    BUFGCTRL_X0Y0        BUFG (Prop_bufg_I_O)         0.101     1.308 r  Soc_Tracking_i/processing_system7_0/inst/buffer_fclk_clk_0.FCLK_CLK_0_BUFG/O
                         net (fo=5076, routed)        1.673     2.981    Soc_Tracking_i/axi_mem_intercon/s00_couplers/auto_ds/inst/gen_downsizer.gen_cascaded_downsizer.first_downsizer_inst/USE_WRITE.write_addr_inst/cmd_queue/inst/fifo_gen_inst/inst_fifo_gen/gconvfifo.rf/grf.rf/rstblk/ngwrdrst.grst.g7serrst.gnsckt_wrst.rst_wr_reg2_inst/dest_clk
    SLICE_X35Y7          FDPE                                         r  Soc_Tracking_i/axi_mem_intercon/s00_couplers/auto_ds/inst/gen_downsizer.gen_cascaded_downsizer.first_downsizer_inst/USE_WRITE.write_addr_inst/cmd_queue/inst/fifo_gen_inst/inst_fifo_gen/gconvfifo.rf/grf.rf/rstblk/ngwrdrst.grst.g7serrst.gnsckt_wrst.rst_wr_reg2_inst/arststages_ff_reg[1]/C
  -------------------------------------------------------------------    -------------------
    SLICE_X35Y7          FDPE (Prop_fdpe_C_Q)         0.419     3.400 f  Soc_Tracking_i/axi_mem_intercon/s00_couplers/auto_ds/inst/gen_downsizer.gen_cascaded_downsizer.first_downsizer_inst/USE_WRITE.write_addr_inst/cmd_queue/inst/fifo_gen_inst/inst_fifo_gen/gconvfifo.rf/grf.rf/rstblk/ngwrdrst.grst.g7serrst.gnsckt_wrst.rst_wr_reg2_inst/arststages_ff_reg[1]/Q
                         net (fo=2, routed)           1.033     4.433    Soc_Tracking_i/axi_mem_intercon/s00_couplers/auto_ds/inst/gen_downsizer.gen_cascaded_downsizer.first_downsizer_inst/USE_WRITE.write_addr_inst/cmd_queue/inst/fifo_gen_inst/inst_fifo_gen/gconvfifo.rf/grf.rf/rstblk/rst_wr_reg2
    SLICE_X38Y7          LUT3 (Prop_lut3_I2_O)        0.299     4.732 f  Soc_Tracking_i/axi_mem_intercon/s00_couplers/auto_ds/inst/gen_downsizer.gen_cascaded_downsizer.first_downsizer_inst/USE_WRITE.write_addr_inst/cmd_queue/inst/fifo_gen_inst/inst_fifo_gen/gconvfifo.rf/grf.rf/rstblk/gpregsm1.curr_fwft_state[1]_i_2/O
                         net (fo=32, routed)          1.134     5.866    Soc_Tracking_i/axi_mem_intercon/s00_couplers/auto_ds/inst/gen_downsizer.gen_cascaded_downsizer.first_downsizer_inst/USE_WRITE.write_addr_inst/cmd_queue/inst/fifo_gen_inst/inst_fifo_gen/gconvfifo.rf/grf.rf/gntv_or_sync_fifo.gl0.wr/wpntr/AR[0]
    SLICE_X37Y4          FDCE                                         f  Soc_Tracking_i/axi_mem_intercon/s00_couplers/auto_ds/inst/gen_downsizer.gen_cascaded_downsizer.first_downsizer_inst/USE_WRITE.write_addr_inst/cmd_queue/inst/fifo_gen_inst/inst_fifo_gen/gconvfifo.rf/grf.rf/gntv_or_sync_fifo.gl0.wr/wpntr/gcc0.gc0.count_reg[3]/CLR
  -------------------------------------------------------------------    -------------------

                         (clock clk_fpga_0 rise edge)
                                                     10.000    10.000 r  
    PS7_X0Y0             PS7                          0.000    10.000 r  Soc_Tracking_i/processing_system7_0/inst/PS7_i/FCLKCLK[0]
                         net (fo=1, routed)           1.101    11.101    Soc_Tracking_i/processing_system7_0/inst/FCLK_CLK_unbuffered[0]
    BUFGCTRL_X0Y0        BUFG (Prop_bufg_I_O)         0.091    11.192 r  Soc_Tracking_i/processing_system7_0/inst/buffer_fclk_clk_0.FCLK_CLK_0_BUFG/O
                         net (fo=5076, routed)        1.575    12.767    Soc_Tracking_i/axi_mem_intercon/s00_couplers/auto_ds/inst/gen_downsizer.gen_cascaded_downsizer.first_downsizer_inst/USE_WRITE.write_addr_inst/cmd_queue/inst/fifo_gen_inst/inst_fifo_gen/gconvfifo.rf/grf.rf/gntv_or_sync_fifo.gl0.wr/wpntr/clk
    SLICE_X37Y4          FDCE                                         r  Soc_Tracking_i/axi_mem_intercon/s00_couplers/auto_ds/inst/gen_downsizer.gen_cascaded_downsizer.first_downsizer_inst/USE_WRITE.write_addr_inst/cmd_queue/inst/fifo_gen_inst/inst_fifo_gen/gconvfifo.rf/grf.rf/gntv_or_sync_fifo.gl0.wr/wpntr/gcc0.gc0.count_reg[3]/C
                         clock pessimism              0.230    12.998    
                         clock uncertainty           -0.154    12.844    
    SLICE_X37Y4          FDCE (Recov_fdce_C_CLR)     -0.405    12.439    Soc_Tracking_i/axi_mem_intercon/s00_couplers/auto_ds/inst/gen_downsizer.gen_cascaded_downsizer.first_downsizer_inst/USE_WRITE.write_addr_inst/cmd_queue/inst/fifo_gen_inst/inst_fifo_gen/gconvfifo.rf/grf.rf/gntv_or_sync_fifo.gl0.wr/wpntr/gcc0.gc0.count_reg[3]
  -------------------------------------------------------------------
                         required time                         12.439    
                         arrival time                          -5.866    
  -------------------------------------------------------------------
                         slack                                  6.573    

Slack (MET) :             6.573ns  (required time - arrival time)
  Source:                 Soc_Tracking_i/axi_mem_intercon/s00_couplers/auto_ds/inst/gen_downsizer.gen_cascaded_downsizer.first_downsizer_inst/USE_WRITE.write_addr_inst/cmd_queue/inst/fifo_gen_inst/inst_fifo_gen/gconvfifo.rf/grf.rf/rstblk/ngwrdrst.grst.g7serrst.gnsckt_wrst.rst_wr_reg2_inst/arststages_ff_reg[1]/C
                            (rising edge-triggered cell FDPE clocked by clk_fpga_0  {rise@0.000ns fall@5.000ns period=10.000ns})
  Destination:            Soc_Tracking_i/axi_mem_intercon/s00_couplers/auto_ds/inst/gen_downsizer.gen_cascaded_downsizer.first_downsizer_inst/USE_WRITE.write_addr_inst/cmd_queue/inst/fifo_gen_inst/inst_fifo_gen/gconvfifo.rf/grf.rf/gntv_or_sync_fifo.gl0.wr/wpntr/gcc0.gc0.count_reg[4]/CLR
                            (recovery check against rising-edge clock clk_fpga_0  {rise@0.000ns fall@5.000ns period=10.000ns})
  Path Group:             **async_default**
  Path Type:              Recovery (Max at Slow Process Corner)
  Requirement:            10.000ns  (clk_fpga_0 rise@10.000ns - clk_fpga_0 rise@0.000ns)
  Data Path Delay:        2.885ns  (logic 0.718ns (24.887%)  route 2.167ns (75.113%))
  Logic Levels:           1  (LUT3=1)
  Clock Path Skew:        0.017ns (DCD - SCD + CPR)
    Destination Clock Delay (DCD):    2.767ns = ( 12.767 - 10.000 ) 
    Source Clock Delay      (SCD):    2.981ns
    Clock Pessimism Removal (CPR):    0.230ns
  Clock Uncertainty:      0.154ns  ((TSJ^2 + TIJ^2)^1/2 + DJ) / 2 + PE
    Total System Jitter     (TSJ):    0.071ns
    Total Input Jitter      (TIJ):    0.300ns
    Discrete Jitter          (DJ):    0.000ns
    Phase Error              (PE):    0.000ns

    Location             Delay type                Incr(ns)  Path(ns)    Netlist Resource(s)
  -------------------------------------------------------------------    -------------------
                         (clock clk_fpga_0 rise edge)
                                                      0.000     0.000 r  
    PS7_X0Y0             PS7                          0.000     0.000 r  Soc_Tracking_i/processing_system7_0/inst/PS7_i/FCLKCLK[0]
                         net (fo=1, routed)           1.207     1.207    Soc_Tracking_i/processing_system7_0/inst/FCLK_CLK_unbuffered[0]
    BUFGCTRL_X0Y0        BUFG (Prop_bufg_I_O)         0.101     1.308 r  Soc_Tracking_i/processing_system7_0/inst/buffer_fclk_clk_0.FCLK_CLK_0_BUFG/O
                         net (fo=5076, routed)        1.673     2.981    Soc_Tracking_i/axi_mem_intercon/s00_couplers/auto_ds/inst/gen_downsizer.gen_cascaded_downsizer.first_downsizer_inst/USE_WRITE.write_addr_inst/cmd_queue/inst/fifo_gen_inst/inst_fifo_gen/gconvfifo.rf/grf.rf/rstblk/ngwrdrst.grst.g7serrst.gnsckt_wrst.rst_wr_reg2_inst/dest_clk
    SLICE_X35Y7          FDPE                                         r  Soc_Tracking_i/axi_mem_intercon/s00_couplers/auto_ds/inst/gen_downsizer.gen_cascaded_downsizer.first_downsizer_inst/USE_WRITE.write_addr_inst/cmd_queue/inst/fifo_gen_inst/inst_fifo_gen/gconvfifo.rf/grf.rf/rstblk/ngwrdrst.grst.g7serrst.gnsckt_wrst.rst_wr_reg2_inst/arststages_ff_reg[1]/C
  -------------------------------------------------------------------    -------------------
    SLICE_X35Y7          FDPE (Prop_fdpe_C_Q)         0.419     3.400 f  Soc_Tracking_i/axi_mem_intercon/s00_couplers/auto_ds/inst/gen_downsizer.gen_cascaded_downsizer.first_downsizer_inst/USE_WRITE.write_addr_inst/cmd_queue/inst/fifo_gen_inst/inst_fifo_gen/gconvfifo.rf/grf.rf/rstblk/ngwrdrst.grst.g7serrst.gnsckt_wrst.rst_wr_reg2_inst/arststages_ff_reg[1]/Q
                         net (fo=2, routed)           1.033     4.433    Soc_Tracking_i/axi_mem_intercon/s00_couplers/auto_ds/inst/gen_downsizer.gen_cascaded_downsizer.first_downsizer_inst/USE_WRITE.write_addr_inst/cmd_queue/inst/fifo_gen_inst/inst_fifo_gen/gconvfifo.rf/grf.rf/rstblk/rst_wr_reg2
    SLICE_X38Y7          LUT3 (Prop_lut3_I2_O)        0.299     4.732 f  Soc_Tracking_i/axi_mem_intercon/s00_couplers/auto_ds/inst/gen_downsizer.gen_cascaded_downsizer.first_downsizer_inst/USE_WRITE.write_addr_inst/cmd_queue/inst/fifo_gen_inst/inst_fifo_gen/gconvfifo.rf/grf.rf/rstblk/gpregsm1.curr_fwft_state[1]_i_2/O
                         net (fo=32, routed)          1.134     5.866    Soc_Tracking_i/axi_mem_intercon/s00_couplers/auto_ds/inst/gen_downsizer.gen_cascaded_downsizer.first_downsizer_inst/USE_WRITE.write_addr_inst/cmd_queue/inst/fifo_gen_inst/inst_fifo_gen/gconvfifo.rf/grf.rf/gntv_or_sync_fifo.gl0.wr/wpntr/AR[0]
    SLICE_X37Y4          FDCE                                         f  Soc_Tracking_i/axi_mem_intercon/s00_couplers/auto_ds/inst/gen_downsizer.gen_cascaded_downsizer.first_downsizer_inst/USE_WRITE.write_addr_inst/cmd_queue/inst/fifo_gen_inst/inst_fifo_gen/gconvfifo.rf/grf.rf/gntv_or_sync_fifo.gl0.wr/wpntr/gcc0.gc0.count_reg[4]/CLR
  -------------------------------------------------------------------    -------------------

                         (clock clk_fpga_0 rise edge)
                                                     10.000    10.000 r  
    PS7_X0Y0             PS7                          0.000    10.000 r  Soc_Tracking_i/processing_system7_0/inst/PS7_i/FCLKCLK[0]
                         net (fo=1, routed)           1.101    11.101    Soc_Tracking_i/processing_system7_0/inst/FCLK_CLK_unbuffered[0]
    BUFGCTRL_X0Y0        BUFG (Prop_bufg_I_O)         0.091    11.192 r  Soc_Tracking_i/processing_system7_0/inst/buffer_fclk_clk_0.FCLK_CLK_0_BUFG/O
                         net (fo=5076, routed)        1.575    12.767    Soc_Tracking_i/axi_mem_intercon/s00_couplers/auto_ds/inst/gen_downsizer.gen_cascaded_downsizer.first_downsizer_inst/USE_WRITE.write_addr_inst/cmd_queue/inst/fifo_gen_inst/inst_fifo_gen/gconvfifo.rf/grf.rf/gntv_or_sync_fifo.gl0.wr/wpntr/clk
    SLICE_X37Y4          FDCE                                         r  Soc_Tracking_i/axi_mem_intercon/s00_couplers/auto_ds/inst/gen_downsizer.gen_cascaded_downsizer.first_downsizer_inst/USE_WRITE.write_addr_inst/cmd_queue/inst/fifo_gen_inst/inst_fifo_gen/gconvfifo.rf/grf.rf/gntv_or_sync_fifo.gl0.wr/wpntr/gcc0.gc0.count_reg[4]/C
                         clock pessimism              0.230    12.998    
                         clock uncertainty           -0.154    12.844    
    SLICE_X37Y4          FDCE (Recov_fdce_C_CLR)     -0.405    12.439    Soc_Tracking_i/axi_mem_intercon/s00_couplers/auto_ds/inst/gen_downsizer.gen_cascaded_downsizer.first_downsizer_inst/USE_WRITE.write_addr_inst/cmd_queue/inst/fifo_gen_inst/inst_fifo_gen/gconvfifo.rf/grf.rf/gntv_or_sync_fifo.gl0.wr/wpntr/gcc0.gc0.count_reg[4]
  -------------------------------------------------------------------
                         required time                         12.439    
                         arrival time                          -5.866    
  -------------------------------------------------------------------
                         slack                                  6.573    

Slack (MET) :             6.606ns  (required time - arrival time)
  Source:                 Soc_Tracking_i/axi_mem_intercon/s00_couplers/auto_ds/inst/gen_downsizer.gen_cascaded_downsizer.first_downsizer_inst/USE_WRITE.write_addr_inst/USE_B_CHANNEL.cmd_b_queue/inst/fifo_gen_inst/inst_fifo_gen/gconvfifo.rf/grf.rf/rstblk/ngwrdrst.grst.g7serrst.gnsckt_wrst.rst_wr_reg2_inst/arststages_ff_reg[1]/C
                            (rising edge-triggered cell FDPE clocked by clk_fpga_0  {rise@0.000ns fall@5.000ns period=10.000ns})
  Destination:            Soc_Tracking_i/axi_mem_intercon/s00_couplers/auto_ds/inst/gen_downsizer.gen_cascaded_downsizer.first_downsizer_inst/USE_WRITE.write_addr_inst/USE_B_CHANNEL.cmd_b_queue/inst/fifo_gen_inst/inst_fifo_gen/gconvfifo.rf/grf.rf/gntv_or_sync_fifo.gl0.rd/rpntr/gc0.count_d1_reg[0]/CLR
                            (recovery check against rising-edge clock clk_fpga_0  {rise@0.000ns fall@5.000ns period=10.000ns})
  Path Group:             **async_default**
  Path Type:              Recovery (Max at Slow Process Corner)
  Requirement:            10.000ns  (clk_fpga_0 rise@10.000ns - clk_fpga_0 rise@0.000ns)
  Data Path Delay:        2.857ns  (logic 0.718ns (25.132%)  route 2.139ns (74.868%))
  Logic Levels:           1  (LUT3=1)
  Clock Path Skew:        -0.022ns (DCD - SCD + CPR)
    Destination Clock Delay (DCD):    2.692ns = ( 12.693 - 10.000 ) 
    Source Clock Delay      (SCD):    2.982ns
    Clock Pessimism Removal (CPR):    0.268ns
  Clock Uncertainty:      0.154ns  ((TSJ^2 + TIJ^2)^1/2 + DJ) / 2 + PE
    Total System Jitter     (TSJ):    0.071ns
    Total Input Jitter      (TIJ):    0.300ns
    Discrete Jitter          (DJ):    0.000ns
    Phase Error              (PE):    0.000ns

    Location             Delay type                Incr(ns)  Path(ns)    Netlist Resource(s)
  -------------------------------------------------------------------    -------------------
                         (clock clk_fpga_0 rise edge)
                                                      0.000     0.000 r  
    PS7_X0Y0             PS7                          0.000     0.000 r  Soc_Tracking_i/processing_system7_0/inst/PS7_i/FCLKCLK[0]
                         net (fo=1, routed)           1.207     1.207    Soc_Tracking_i/processing_system7_0/inst/FCLK_CLK_unbuffered[0]
    BUFGCTRL_X0Y0        BUFG (Prop_bufg_I_O)         0.101     1.308 r  Soc_Tracking_i/processing_system7_0/inst/buffer_fclk_clk_0.FCLK_CLK_0_BUFG/O
                         net (fo=5076, routed)        1.674     2.982    Soc_Tracking_i/axi_mem_intercon/s00_couplers/auto_ds/inst/gen_downsizer.gen_cascaded_downsizer.first_downsizer_inst/USE_WRITE.write_addr_inst/USE_B_CHANNEL.cmd_b_queue/inst/fifo_gen_inst/inst_fifo_gen/gconvfifo.rf/grf.rf/rstblk/ngwrdrst.grst.g7serrst.gnsckt_wrst.rst_wr_reg2_inst/dest_clk
    SLICE_X33Y6          FDPE                                         r  Soc_Tracking_i/axi_mem_intercon/s00_couplers/auto_ds/inst/gen_downsizer.gen_cascaded_downsizer.first_downsizer_inst/USE_WRITE.write_addr_inst/USE_B_CHANNEL.cmd_b_queue/inst/fifo_gen_inst/inst_fifo_gen/gconvfifo.rf/grf.rf/rstblk/ngwrdrst.grst.g7serrst.gnsckt_wrst.rst_wr_reg2_inst/arststages_ff_reg[1]/C
  -------------------------------------------------------------------    -------------------
    SLICE_X33Y6          FDPE (Prop_fdpe_C_Q)         0.419     3.401 f  Soc_Tracking_i/axi_mem_intercon/s00_couplers/auto_ds/inst/gen_downsizer.gen_cascaded_downsizer.first_downsizer_inst/USE_WRITE.write_addr_inst/USE_B_CHANNEL.cmd_b_queue/inst/fifo_gen_inst/inst_fifo_gen/gconvfifo.rf/grf.rf/rstblk/ngwrdrst.grst.g7serrst.gnsckt_wrst.rst_wr_reg2_inst/arststages_ff_reg[1]/Q
                         net (fo=3, routed)           0.879     4.280    Soc_Tracking_i/axi_mem_intercon/s00_couplers/auto_ds/inst/gen_downsizer.gen_cascaded_downsizer.first_downsizer_inst/USE_WRITE.write_addr_inst/USE_B_CHANNEL.cmd_b_queue/inst/fifo_gen_inst/inst_fifo_gen/gconvfifo.rf/grf.rf/rstblk/rst_wr_reg2
    SLICE_X33Y6          LUT3 (Prop_lut3_I2_O)        0.299     4.579 f  Soc_Tracking_i/axi_mem_intercon/s00_couplers/auto_ds/inst/gen_downsizer.gen_cascaded_downsizer.first_downsizer_inst/USE_WRITE.write_addr_inst/USE_B_CHANNEL.cmd_b_queue/inst/fifo_gen_inst/inst_fifo_gen/gconvfifo.rf/grf.rf/rstblk/gpregsm1.curr_fwft_state[1]_i_2/O
                         net (fo=32, routed)          1.260     5.839    Soc_Tracking_i/axi_mem_intercon/s00_couplers/auto_ds/inst/gen_downsizer.gen_cascaded_downsizer.first_downsizer_inst/USE_WRITE.write_addr_inst/USE_B_CHANNEL.cmd_b_queue/inst/fifo_gen_inst/inst_fifo_gen/gconvfifo.rf/grf.rf/gntv_or_sync_fifo.gl0.rd/rpntr/gc0.count_d1_reg[4]_1
    SLICE_X32Y6          FDCE                                         f  Soc_Tracking_i/axi_mem_intercon/s00_couplers/auto_ds/inst/gen_downsizer.gen_cascaded_downsizer.first_downsizer_inst/USE_WRITE.write_addr_inst/USE_B_CHANNEL.cmd_b_queue/inst/fifo_gen_inst/inst_fifo_gen/gconvfifo.rf/grf.rf/gntv_or_sync_fifo.gl0.rd/rpntr/gc0.count_d1_reg[0]/CLR
  -------------------------------------------------------------------    -------------------

                         (clock clk_fpga_0 rise edge)
                                                     10.000    10.000 r  
    PS7_X0Y0             PS7                          0.000    10.000 r  Soc_Tracking_i/processing_system7_0/inst/PS7_i/FCLKCLK[0]
                         net (fo=1, routed)           1.101    11.101    Soc_Tracking_i/processing_system7_0/inst/FCLK_CLK_unbuffered[0]
    BUFGCTRL_X0Y0        BUFG (Prop_bufg_I_O)         0.091    11.192 r  Soc_Tracking_i/processing_system7_0/inst/buffer_fclk_clk_0.FCLK_CLK_0_BUFG/O
                         net (fo=5076, routed)        1.500    12.692    Soc_Tracking_i/axi_mem_intercon/s00_couplers/auto_ds/inst/gen_downsizer.gen_cascaded_downsizer.first_downsizer_inst/USE_WRITE.write_addr_inst/USE_B_CHANNEL.cmd_b_queue/inst/fifo_gen_inst/inst_fifo_gen/gconvfifo.rf/grf.rf/gntv_or_sync_fifo.gl0.rd/rpntr/clk
    SLICE_X32Y6          FDCE                                         r  Soc_Tracking_i/axi_mem_intercon/s00_couplers/auto_ds/inst/gen_downsizer.gen_cascaded_downsizer.first_downsizer_inst/USE_WRITE.write_addr_inst/USE_B_CHANNEL.cmd_b_queue/inst/fifo_gen_inst/inst_fifo_gen/gconvfifo.rf/grf.rf/gntv_or_sync_fifo.gl0.rd/rpntr/gc0.count_d1_reg[0]/C
                         clock pessimism              0.268    12.960    
                         clock uncertainty           -0.154    12.806    
    SLICE_X32Y6          FDCE (Recov_fdce_C_CLR)     -0.361    12.445    Soc_Tracking_i/axi_mem_intercon/s00_couplers/auto_ds/inst/gen_downsizer.gen_cascaded_downsizer.first_downsizer_inst/USE_WRITE.write_addr_inst/USE_B_CHANNEL.cmd_b_queue/inst/fifo_gen_inst/inst_fifo_gen/gconvfifo.rf/grf.rf/gntv_or_sync_fifo.gl0.rd/rpntr/gc0.count_d1_reg[0]
  -------------------------------------------------------------------
                         required time                         12.445    
                         arrival time                          -5.839    
  -------------------------------------------------------------------
                         slack                                  6.606    





Min Delay Paths
--------------------------------------------------------------------------------------
Slack (MET) :             0.421ns  (arrival time - required time)
  Source:                 Soc_Tracking_i/AXI4S_Filter_Gaussian/U0/fifo/U0/inst_fifo_gen/gconvfifo.rf/gbi.bi/g7ser_birst.rstbt/rsync.rcc.wr_rst_reg2_reg/C
                            (rising edge-triggered cell FDPE clocked by clk_fpga_0  {rise@0.000ns fall@5.000ns period=10.000ns})
  Destination:            Soc_Tracking_i/AXI4S_Filter_Gaussian/U0/fifo/U0/inst_fifo_gen/gconvfifo.rf/gbi.bi/g7ser_birst.rstbt/rsync.rcc.wr_rst_reg_reg/PRE
                            (removal check against rising-edge clock clk_fpga_0  {rise@0.000ns fall@5.000ns period=10.000ns})
  Path Group:             **async_default**
  Path Type:              Removal (Min at Fast Process Corner)
  Requirement:            0.000ns  (clk_fpga_0 rise@0.000ns - clk_fpga_0 rise@0.000ns)
  Data Path Delay:        0.305ns  (logic 0.128ns (41.935%)  route 0.177ns (58.065%))
  Logic Levels:           0  
  Clock Path Skew:        0.033ns (DCD - SCD - CPR)
    Destination Clock Delay (DCD):    1.186ns
    Source Clock Delay      (SCD):    0.891ns
    Clock Pessimism Removal (CPR):    0.262ns

    Location             Delay type                Incr(ns)  Path(ns)    Netlist Resource(s)
  -------------------------------------------------------------------    -------------------
                         (clock clk_fpga_0 rise edge)
                                                      0.000     0.000 r  
    PS7_X0Y0             PS7                          0.000     0.000 r  Soc_Tracking_i/processing_system7_0/inst/PS7_i/FCLKCLK[0]
                         net (fo=1, routed)           0.315     0.315    Soc_Tracking_i/processing_system7_0/inst/FCLK_CLK_unbuffered[0]
    BUFGCTRL_X0Y0        BUFG (Prop_bufg_I_O)         0.026     0.341 r  Soc_Tracking_i/processing_system7_0/inst/buffer_fclk_clk_0.FCLK_CLK_0_BUFG/O
                         net (fo=5076, routed)        0.550     0.891    Soc_Tracking_i/AXI4S_Filter_Gaussian/U0/fifo/U0/inst_fifo_gen/gconvfifo.rf/gbi.bi/g7ser_birst.rstbt/clk
    SLICE_X33Y24         FDPE                                         r  Soc_Tracking_i/AXI4S_Filter_Gaussian/U0/fifo/U0/inst_fifo_gen/gconvfifo.rf/gbi.bi/g7ser_birst.rstbt/rsync.rcc.wr_rst_reg2_reg/C
  -------------------------------------------------------------------    -------------------
    SLICE_X33Y24         FDPE (Prop_fdpe_C_Q)         0.128     1.018 f  Soc_Tracking_i/AXI4S_Filter_Gaussian/U0/fifo/U0/inst_fifo_gen/gconvfifo.rf/gbi.bi/g7ser_birst.rstbt/rsync.rcc.wr_rst_reg2_reg/Q
                         net (fo=1, routed)           0.177     1.196    Soc_Tracking_i/AXI4S_Filter_Gaussian/U0/fifo/U0/inst_fifo_gen/gconvfifo.rf/gbi.bi/g7ser_birst.rstbt/wr_rst_reg2
    SLICE_X35Y24         FDPE                                         f  Soc_Tracking_i/AXI4S_Filter_Gaussian/U0/fifo/U0/inst_fifo_gen/gconvfifo.rf/gbi.bi/g7ser_birst.rstbt/rsync.rcc.wr_rst_reg_reg/PRE
  -------------------------------------------------------------------    -------------------

                         (clock clk_fpga_0 rise edge)
                                                      0.000     0.000 r  
    PS7_X0Y0             PS7                          0.000     0.000 r  Soc_Tracking_i/processing_system7_0/inst/PS7_i/FCLKCLK[0]
                         net (fo=1, routed)           0.341     0.341    Soc_Tracking_i/processing_system7_0/inst/FCLK_CLK_unbuffered[0]
    BUFGCTRL_X0Y0        BUFG (Prop_bufg_I_O)         0.029     0.370 r  Soc_Tracking_i/processing_system7_0/inst/buffer_fclk_clk_0.FCLK_CLK_0_BUFG/O
                         net (fo=5076, routed)        0.816     1.186    Soc_Tracking_i/AXI4S_Filter_Gaussian/U0/fifo/U0/inst_fifo_gen/gconvfifo.rf/gbi.bi/g7ser_birst.rstbt/clk
    SLICE_X35Y24         FDPE                                         r  Soc_Tracking_i/AXI4S_Filter_Gaussian/U0/fifo/U0/inst_fifo_gen/gconvfifo.rf/gbi.bi/g7ser_birst.rstbt/rsync.rcc.wr_rst_reg_reg/C
                         clock pessimism             -0.262     0.924    
    SLICE_X35Y24         FDPE (Remov_fdpe_C_PRE)     -0.149     0.775    Soc_Tracking_i/AXI4S_Filter_Gaussian/U0/fifo/U0/inst_fifo_gen/gconvfifo.rf/gbi.bi/g7ser_birst.rstbt/rsync.rcc.wr_rst_reg_reg
  -------------------------------------------------------------------
                         required time                         -0.775    
                         arrival time                           1.196    
  -------------------------------------------------------------------
                         slack                                  0.421    

Slack (MET) :             0.428ns  (arrival time - required time)
  Source:                 Soc_Tracking_i/AXI4S_Stream_Duplica_0/U0/fifo/U0/inst_fifo_gen/gconvfifo.rf/gbi.bi/g7ser_birst.rstbt/rsync.rcc.wr_rst_reg2_reg/C
                            (rising edge-triggered cell FDPE clocked by clk_fpga_0  {rise@0.000ns fall@5.000ns period=10.000ns})
  Destination:            Soc_Tracking_i/AXI4S_Stream_Duplica_0/U0/fifo/U0/inst_fifo_gen/gconvfifo.rf/gbi.bi/g7ser_birst.rstbt/rsync.rcc.wr_rst_reg_reg/PRE
                            (removal check against rising-edge clock clk_fpga_0  {rise@0.000ns fall@5.000ns period=10.000ns})
  Path Group:             **async_default**
  Path Type:              Removal (Min at Fast Process Corner)
  Requirement:            0.000ns  (clk_fpga_0 rise@0.000ns - clk_fpga_0 rise@0.000ns)
  Data Path Delay:        0.310ns  (logic 0.128ns (41.291%)  route 0.182ns (58.709%))
  Logic Levels:           0  
  Clock Path Skew:        0.031ns (DCD - SCD - CPR)
    Destination Clock Delay (DCD):    1.184ns
    Source Clock Delay      (SCD):    0.891ns
    Clock Pessimism Removal (CPR):    0.262ns

    Location             Delay type                Incr(ns)  Path(ns)    Netlist Resource(s)
  -------------------------------------------------------------------    -------------------
                         (clock clk_fpga_0 rise edge)
                                                      0.000     0.000 r  
    PS7_X0Y0             PS7                          0.000     0.000 r  Soc_Tracking_i/processing_system7_0/inst/PS7_i/FCLKCLK[0]
                         net (fo=1, routed)           0.315     0.315    Soc_Tracking_i/processing_system7_0/inst/FCLK_CLK_unbuffered[0]
    BUFGCTRL_X0Y0        BUFG (Prop_bufg_I_O)         0.026     0.341 r  Soc_Tracking_i/processing_system7_0/inst/buffer_fclk_clk_0.FCLK_CLK_0_BUFG/O
                         net (fo=5076, routed)        0.550     0.891    Soc_Tracking_i/AXI4S_Stream_Duplica_0/U0/fifo/U0/inst_fifo_gen/gconvfifo.rf/gbi.bi/g7ser_birst.rstbt/clk
    SLICE_X19Y24         FDPE                                         r  Soc_Tracking_i/AXI4S_Stream_Duplica_0/U0/fifo/U0/inst_fifo_gen/gconvfifo.rf/gbi.bi/g7ser_birst.rstbt/rsync.rcc.wr_rst_reg2_reg/C
  -------------------------------------------------------------------    -------------------
    SLICE_X19Y24         FDPE (Prop_fdpe_C_Q)         0.128     1.018 f  Soc_Tracking_i/AXI4S_Stream_Duplica_0/U0/fifo/U0/inst_fifo_gen/gconvfifo.rf/gbi.bi/g7ser_birst.rstbt/rsync.rcc.wr_rst_reg2_reg/Q
                         net (fo=1, routed)           0.182     1.200    Soc_Tracking_i/AXI4S_Stream_Duplica_0/U0/fifo/U0/inst_fifo_gen/gconvfifo.rf/gbi.bi/g7ser_birst.rstbt/wr_rst_reg2
    SLICE_X21Y24         FDPE                                         f  Soc_Tracking_i/AXI4S_Stream_Duplica_0/U0/fifo/U0/inst_fifo_gen/gconvfifo.rf/gbi.bi/g7ser_birst.rstbt/rsync.rcc.wr_rst_reg_reg/PRE
  -------------------------------------------------------------------    -------------------

                         (clock clk_fpga_0 rise edge)
                                                      0.000     0.000 r  
    PS7_X0Y0             PS7                          0.000     0.000 r  Soc_Tracking_i/processing_system7_0/inst/PS7_i/FCLKCLK[0]
                         net (fo=1, routed)           0.341     0.341    Soc_Tracking_i/processing_system7_0/inst/FCLK_CLK_unbuffered[0]
    BUFGCTRL_X0Y0        BUFG (Prop_bufg_I_O)         0.029     0.370 r  Soc_Tracking_i/processing_system7_0/inst/buffer_fclk_clk_0.FCLK_CLK_0_BUFG/O
                         net (fo=5076, routed)        0.814     1.184    Soc_Tracking_i/AXI4S_Stream_Duplica_0/U0/fifo/U0/inst_fifo_gen/gconvfifo.rf/gbi.bi/g7ser_birst.rstbt/clk
    SLICE_X21Y24         FDPE                                         r  Soc_Tracking_i/AXI4S_Stream_Duplica_0/U0/fifo/U0/inst_fifo_gen/gconvfifo.rf/gbi.bi/g7ser_birst.rstbt/rsync.rcc.wr_rst_reg_reg/C
                         clock pessimism             -0.262     0.922    
    SLICE_X21Y24         FDPE (Remov_fdpe_C_PRE)     -0.149     0.773    Soc_Tracking_i/AXI4S_Stream_Duplica_0/U0/fifo/U0/inst_fifo_gen/gconvfifo.rf/gbi.bi/g7ser_birst.rstbt/rsync.rcc.wr_rst_reg_reg
  -------------------------------------------------------------------
                         required time                         -0.773    
                         arrival time                           1.200    
  -------------------------------------------------------------------
                         slack                                  0.428    

Slack (MET) :             0.437ns  (arrival time - required time)
  Source:                 Soc_Tracking_i/AXI4S_fifo_buf_sw_H/U0/g_fifo_638.fifo_2/U0/inst_fifo_gen/gconvfifo.rf/gbi.bi/g7ser_birst.rstbt/rsync.rcc.wr_rst_reg2_reg/C
                            (rising edge-triggered cell FDPE clocked by clk_fpga_0  {rise@0.000ns fall@5.000ns period=10.000ns})
  Destination:            Soc_Tracking_i/AXI4S_fifo_buf_sw_H/U0/g_fifo_638.fifo_2/U0/inst_fifo_gen/gconvfifo.rf/gbi.bi/g7ser_birst.rstbt/rsync.rcc.wr_rst_reg_reg/PRE
                            (removal check against rising-edge clock clk_fpga_0  {rise@0.000ns fall@5.000ns period=10.000ns})
  Path Group:             **async_default**
  Path Type:              Removal (Min at Fast Process Corner)
  Requirement:            0.000ns  (clk_fpga_0 rise@0.000ns - clk_fpga_0 rise@0.000ns)
  Data Path Delay:        0.326ns  (logic 0.148ns (45.379%)  route 0.178ns (54.621%))
  Logic Levels:           0  
  Clock Path Skew:        0.013ns (DCD - SCD - CPR)
    Destination Clock Delay (DCD):    1.193ns
    Source Clock Delay      (SCD):    0.899ns
    Clock Pessimism Removal (CPR):    0.281ns

    Location             Delay type                Incr(ns)  Path(ns)    Netlist Resource(s)
  -------------------------------------------------------------------    -------------------
                         (clock clk_fpga_0 rise edge)
                                                      0.000     0.000 r  
    PS7_X0Y0             PS7                          0.000     0.000 r  Soc_Tracking_i/processing_system7_0/inst/PS7_i/FCLKCLK[0]
                         net (fo=1, routed)           0.315     0.315    Soc_Tracking_i/processing_system7_0/inst/FCLK_CLK_unbuffered[0]
    BUFGCTRL_X0Y0        BUFG (Prop_bufg_I_O)         0.026     0.341 r  Soc_Tracking_i/processing_system7_0/inst/buffer_fclk_clk_0.FCLK_CLK_0_BUFG/O
                         net (fo=5076, routed)        0.558     0.899    Soc_Tracking_i/AXI4S_fifo_buf_sw_H/U0/g_fifo_638.fifo_2/U0/inst_fifo_gen/gconvfifo.rf/gbi.bi/g7ser_birst.rstbt/clk
    SLICE_X30Y33         FDPE                                         r  Soc_Tracking_i/AXI4S_fifo_buf_sw_H/U0/g_fifo_638.fifo_2/U0/inst_fifo_gen/gconvfifo.rf/gbi.bi/g7ser_birst.rstbt/rsync.rcc.wr_rst_reg2_reg/C
  -------------------------------------------------------------------    -------------------
    SLICE_X30Y33         FDPE (Prop_fdpe_C_Q)         0.148     1.046 f  Soc_Tracking_i/AXI4S_fifo_buf_sw_H/U0/g_fifo_638.fifo_2/U0/inst_fifo_gen/gconvfifo.rf/gbi.bi/g7ser_birst.rstbt/rsync.rcc.wr_rst_reg2_reg/Q
                         net (fo=1, routed)           0.178     1.225    Soc_Tracking_i/AXI4S_fifo_buf_sw_H/U0/g_fifo_638.fifo_2/U0/inst_fifo_gen/gconvfifo.rf/gbi.bi/g7ser_birst.rstbt/wr_rst_reg2
    SLICE_X30Y32         FDPE                                         f  Soc_Tracking_i/AXI4S_fifo_buf_sw_H/U0/g_fifo_638.fifo_2/U0/inst_fifo_gen/gconvfifo.rf/gbi.bi/g7ser_birst.rstbt/rsync.rcc.wr_rst_reg_reg/PRE
  -------------------------------------------------------------------    -------------------

                         (clock clk_fpga_0 rise edge)
                                                      0.000     0.000 r  
    PS7_X0Y0             PS7                          0.000     0.000 r  Soc_Tracking_i/processing_system7_0/inst/PS7_i/FCLKCLK[0]
                         net (fo=1, routed)           0.341     0.341    Soc_Tracking_i/processing_system7_0/inst/FCLK_CLK_unbuffered[0]
    BUFGCTRL_X0Y0        BUFG (Prop_bufg_I_O)         0.029     0.370 r  Soc_Tracking_i/processing_system7_0/inst/buffer_fclk_clk_0.FCLK_CLK_0_BUFG/O
                         net (fo=5076, routed)        0.823     1.193    Soc_Tracking_i/AXI4S_fifo_buf_sw_H/U0/g_fifo_638.fifo_2/U0/inst_fifo_gen/gconvfifo.rf/gbi.bi/g7ser_birst.rstbt/clk
    SLICE_X30Y32         FDPE                                         r  Soc_Tracking_i/AXI4S_fifo_buf_sw_H/U0/g_fifo_638.fifo_2/U0/inst_fifo_gen/gconvfifo.rf/gbi.bi/g7ser_birst.rstbt/rsync.rcc.wr_rst_reg_reg/C
                         clock pessimism             -0.281     0.912    
    SLICE_X30Y32         FDPE (Remov_fdpe_C_PRE)     -0.124     0.788    Soc_Tracking_i/AXI4S_fifo_buf_sw_H/U0/g_fifo_638.fifo_2/U0/inst_fifo_gen/gconvfifo.rf/gbi.bi/g7ser_birst.rstbt/rsync.rcc.wr_rst_reg_reg
  -------------------------------------------------------------------
                         required time                         -0.787    
                         arrival time                           1.225    
  -------------------------------------------------------------------
                         slack                                  0.437    

Slack (MET) :             0.438ns  (arrival time - required time)
  Source:                 Soc_Tracking_i/AXI4S_fifo_buf_sw_G/U0/g_fifo_640.fifo_1/U0/inst_fifo_gen/gconvfifo.rf/gbi.bi/g7ser_birst.rstbt/rsync.rcc.wr_rst_reg2_reg/C
                            (rising edge-triggered cell FDPE clocked by clk_fpga_0  {rise@0.000ns fall@5.000ns period=10.000ns})
  Destination:            Soc_Tracking_i/AXI4S_fifo_buf_sw_G/U0/g_fifo_640.fifo_1/U0/inst_fifo_gen/gconvfifo.rf/gbi.bi/g7ser_birst.rstbt/rsync.rcc.wr_rst_reg_reg/PRE
                            (removal check against rising-edge clock clk_fpga_0  {rise@0.000ns fall@5.000ns period=10.000ns})
  Path Group:             **async_default**
  Path Type:              Removal (Min at Fast Process Corner)
  Requirement:            0.000ns  (clk_fpga_0 rise@0.000ns - clk_fpga_0 rise@0.000ns)
  Data Path Delay:        0.330ns  (logic 0.148ns (44.832%)  route 0.182ns (55.168%))
  Logic Levels:           0  
  Clock Path Skew:        0.016ns (DCD - SCD - CPR)
    Destination Clock Delay (DCD):    1.192ns
    Source Clock Delay      (SCD):    0.895ns
    Clock Pessimism Removal (CPR):    0.281ns

    Location             Delay type                Incr(ns)  Path(ns)    Netlist Resource(s)
  -------------------------------------------------------------------    -------------------
                         (clock clk_fpga_0 rise edge)
                                                      0.000     0.000 r  
    PS7_X0Y0             PS7                          0.000     0.000 r  Soc_Tracking_i/processing_system7_0/inst/PS7_i/FCLKCLK[0]
                         net (fo=1, routed)           0.315     0.315    Soc_Tracking_i/processing_system7_0/inst/FCLK_CLK_unbuffered[0]
    BUFGCTRL_X0Y0        BUFG (Prop_bufg_I_O)         0.026     0.341 r  Soc_Tracking_i/processing_system7_0/inst/buffer_fclk_clk_0.FCLK_CLK_0_BUFG/O
                         net (fo=5076, routed)        0.554     0.895    Soc_Tracking_i/AXI4S_fifo_buf_sw_G/U0/g_fifo_640.fifo_1/U0/inst_fifo_gen/gconvfifo.rf/gbi.bi/g7ser_birst.rstbt/clk
    SLICE_X8Y23          FDPE                                         r  Soc_Tracking_i/AXI4S_fifo_buf_sw_G/U0/g_fifo_640.fifo_1/U0/inst_fifo_gen/gconvfifo.rf/gbi.bi/g7ser_birst.rstbt/rsync.rcc.wr_rst_reg2_reg/C
  -------------------------------------------------------------------    -------------------
    SLICE_X8Y23          FDPE (Prop_fdpe_C_Q)         0.148     1.043 f  Soc_Tracking_i/AXI4S_fifo_buf_sw_G/U0/g_fifo_640.fifo_1/U0/inst_fifo_gen/gconvfifo.rf/gbi.bi/g7ser_birst.rstbt/rsync.rcc.wr_rst_reg2_reg/Q
                         net (fo=1, routed)           0.182     1.225    Soc_Tracking_i/AXI4S_fifo_buf_sw_G/U0/g_fifo_640.fifo_1/U0/inst_fifo_gen/gconvfifo.rf/gbi.bi/g7ser_birst.rstbt/wr_rst_reg2
    SLICE_X8Y21          FDPE                                         f  Soc_Tracking_i/AXI4S_fifo_buf_sw_G/U0/g_fifo_640.fifo_1/U0/inst_fifo_gen/gconvfifo.rf/gbi.bi/g7ser_birst.rstbt/rsync.rcc.wr_rst_reg_reg/PRE
  -------------------------------------------------------------------    -------------------

                         (clock clk_fpga_0 rise edge)
                                                      0.000     0.000 r  
    PS7_X0Y0             PS7                          0.000     0.000 r  Soc_Tracking_i/processing_system7_0/inst/PS7_i/FCLKCLK[0]
                         net (fo=1, routed)           0.341     0.341    Soc_Tracking_i/processing_system7_0/inst/FCLK_CLK_unbuffered[0]
    BUFGCTRL_X0Y0        BUFG (Prop_bufg_I_O)         0.029     0.370 r  Soc_Tracking_i/processing_system7_0/inst/buffer_fclk_clk_0.FCLK_CLK_0_BUFG/O
                         net (fo=5076, routed)        0.822     1.192    Soc_Tracking_i/AXI4S_fifo_buf_sw_G/U0/g_fifo_640.fifo_1/U0/inst_fifo_gen/gconvfifo.rf/gbi.bi/g7ser_birst.rstbt/clk
    SLICE_X8Y21          FDPE                                         r  Soc_Tracking_i/AXI4S_fifo_buf_sw_G/U0/g_fifo_640.fifo_1/U0/inst_fifo_gen/gconvfifo.rf/gbi.bi/g7ser_birst.rstbt/rsync.rcc.wr_rst_reg_reg/C
                         clock pessimism             -0.281     0.911    
    SLICE_X8Y21          FDPE (Remov_fdpe_C_PRE)     -0.124     0.787    Soc_Tracking_i/AXI4S_fifo_buf_sw_G/U0/g_fifo_640.fifo_1/U0/inst_fifo_gen/gconvfifo.rf/gbi.bi/g7ser_birst.rstbt/rsync.rcc.wr_rst_reg_reg
  -------------------------------------------------------------------
                         required time                         -0.787    
                         arrival time                           1.225    
  -------------------------------------------------------------------
                         slack                                  0.438    

Slack (MET) :             0.442ns  (arrival time - required time)
  Source:                 Soc_Tracking_i/AXI4S_fifo_buf_sw_H/U0/g_fifo_638.fifo_1/U0/inst_fifo_gen/gconvfifo.rf/gbi.bi/g7ser_birst.rstbt/rsync.rcc.wr_rst_reg2_reg/C
                            (rising edge-triggered cell FDPE clocked by clk_fpga_0  {rise@0.000ns fall@5.000ns period=10.000ns})
  Destination:            Soc_Tracking_i/AXI4S_fifo_buf_sw_H/U0/g_fifo_638.fifo_1/U0/inst_fifo_gen/gconvfifo.rf/gbi.bi/g7ser_birst.rstbt/rsync.rcc.wr_rst_reg_reg/PRE
                            (removal check against rising-edge clock clk_fpga_0  {rise@0.000ns fall@5.000ns period=10.000ns})
  Path Group:             **async_default**
  Path Type:              Removal (Min at Fast Process Corner)
  Requirement:            0.000ns  (clk_fpga_0 rise@0.000ns - clk_fpga_0 rise@0.000ns)
  Data Path Delay:        0.306ns  (logic 0.128ns (41.788%)  route 0.178ns (58.212%))
  Logic Levels:           0  
  Clock Path Skew:        0.013ns (DCD - SCD - CPR)
    Destination Clock Delay (DCD):    1.192ns
    Source Clock Delay      (SCD):    0.898ns
    Clock Pessimism Removal (CPR):    0.281ns

    Location             Delay type                Incr(ns)  Path(ns)    Netlist Resource(s)
  -------------------------------------------------------------------    -------------------
                         (clock clk_fpga_0 rise edge)
                                                      0.000     0.000 r  
    PS7_X0Y0             PS7                          0.000     0.000 r  Soc_Tracking_i/processing_system7_0/inst/PS7_i/FCLKCLK[0]
                         net (fo=1, routed)           0.315     0.315    Soc_Tracking_i/processing_system7_0/inst/FCLK_CLK_unbuffered[0]
    BUFGCTRL_X0Y0        BUFG (Prop_bufg_I_O)         0.026     0.341 r  Soc_Tracking_i/processing_system7_0/inst/buffer_fclk_clk_0.FCLK_CLK_0_BUFG/O
                         net (fo=5076, routed)        0.557     0.898    Soc_Tracking_i/AXI4S_fifo_buf_sw_H/U0/g_fifo_638.fifo_1/U0/inst_fifo_gen/gconvfifo.rf/gbi.bi/g7ser_birst.rstbt/clk
    SLICE_X31Y32         FDPE                                         r  Soc_Tracking_i/AXI4S_fifo_buf_sw_H/U0/g_fifo_638.fifo_1/U0/inst_fifo_gen/gconvfifo.rf/gbi.bi/g7ser_birst.rstbt/rsync.rcc.wr_rst_reg2_reg/C
  -------------------------------------------------------------------    -------------------
    SLICE_X31Y32         FDPE (Prop_fdpe_C_Q)         0.128     1.026 f  Soc_Tracking_i/AXI4S_fifo_buf_sw_H/U0/g_fifo_638.fifo_1/U0/inst_fifo_gen/gconvfifo.rf/gbi.bi/g7ser_birst.rstbt/rsync.rcc.wr_rst_reg2_reg/Q
                         net (fo=1, routed)           0.178     1.204    Soc_Tracking_i/AXI4S_fifo_buf_sw_H/U0/g_fifo_638.fifo_1/U0/inst_fifo_gen/gconvfifo.rf/gbi.bi/g7ser_birst.rstbt/wr_rst_reg2
    SLICE_X31Y31         FDPE                                         f  Soc_Tracking_i/AXI4S_fifo_buf_sw_H/U0/g_fifo_638.fifo_1/U0/inst_fifo_gen/gconvfifo.rf/gbi.bi/g7ser_birst.rstbt/rsync.rcc.wr_rst_reg_reg/PRE
  -------------------------------------------------------------------    -------------------

                         (clock clk_fpga_0 rise edge)
                                                      0.000     0.000 r  
    PS7_X0Y0             PS7                          0.000     0.000 r  Soc_Tracking_i/processing_system7_0/inst/PS7_i/FCLKCLK[0]
                         net (fo=1, routed)           0.341     0.341    Soc_Tracking_i/processing_system7_0/inst/FCLK_CLK_unbuffered[0]
    BUFGCTRL_X0Y0        BUFG (Prop_bufg_I_O)         0.029     0.370 r  Soc_Tracking_i/processing_system7_0/inst/buffer_fclk_clk_0.FCLK_CLK_0_BUFG/O
                         net (fo=5076, routed)        0.822     1.192    Soc_Tracking_i/AXI4S_fifo_buf_sw_H/U0/g_fifo_638.fifo_1/U0/inst_fifo_gen/gconvfifo.rf/gbi.bi/g7ser_birst.rstbt/clk
    SLICE_X31Y31         FDPE                                         r  Soc_Tracking_i/AXI4S_fifo_buf_sw_H/U0/g_fifo_638.fifo_1/U0/inst_fifo_gen/gconvfifo.rf/gbi.bi/g7ser_birst.rstbt/rsync.rcc.wr_rst_reg_reg/C
                         clock pessimism             -0.281     0.911    
    SLICE_X31Y31         FDPE (Remov_fdpe_C_PRE)     -0.149     0.762    Soc_Tracking_i/AXI4S_fifo_buf_sw_H/U0/g_fifo_638.fifo_1/U0/inst_fifo_gen/gconvfifo.rf/gbi.bi/g7ser_birst.rstbt/rsync.rcc.wr_rst_reg_reg
  -------------------------------------------------------------------
                         required time                         -0.762    
                         arrival time                           1.204    
  -------------------------------------------------------------------
                         slack                                  0.442    

Slack (MET) :             0.443ns  (arrival time - required time)
  Source:                 Soc_Tracking_i/AXI4S_fifo_buf_sw_G/U0/g_fifo_640.fifo_2/U0/inst_fifo_gen/gconvfifo.rf/gbi.bi/g7ser_birst.rstbt/rsync.rcc.wr_rst_reg2_reg/C
                            (rising edge-triggered cell FDPE clocked by clk_fpga_0  {rise@0.000ns fall@5.000ns period=10.000ns})
  Destination:            Soc_Tracking_i/AXI4S_fifo_buf_sw_G/U0/g_fifo_640.fifo_2/U0/inst_fifo_gen/gconvfifo.rf/gbi.bi/g7ser_birst.rstbt/rsync.rcc.wr_rst_reg_reg/PRE
                            (removal check against rising-edge clock clk_fpga_0  {rise@0.000ns fall@5.000ns period=10.000ns})
  Path Group:             **async_default**
  Path Type:              Removal (Min at Fast Process Corner)
  Requirement:            0.000ns  (clk_fpga_0 rise@0.000ns - clk_fpga_0 rise@0.000ns)
  Data Path Delay:        0.310ns  (logic 0.128ns (41.252%)  route 0.182ns (58.748%))
  Logic Levels:           0  
  Clock Path Skew:        0.016ns (DCD - SCD - CPR)
    Destination Clock Delay (DCD):    1.191ns
    Source Clock Delay      (SCD):    0.894ns
    Clock Pessimism Removal (CPR):    0.281ns

    Location             Delay type                Incr(ns)  Path(ns)    Netlist Resource(s)
  -------------------------------------------------------------------    -------------------
                         (clock clk_fpga_0 rise edge)
                                                      0.000     0.000 r  
    PS7_X0Y0             PS7                          0.000     0.000 r  Soc_Tracking_i/processing_system7_0/inst/PS7_i/FCLKCLK[0]
                         net (fo=1, routed)           0.315     0.315    Soc_Tracking_i/processing_system7_0/inst/FCLK_CLK_unbuffered[0]
    BUFGCTRL_X0Y0        BUFG (Prop_bufg_I_O)         0.026     0.341 r  Soc_Tracking_i/processing_system7_0/inst/buffer_fclk_clk_0.FCLK_CLK_0_BUFG/O
                         net (fo=5076, routed)        0.553     0.894    Soc_Tracking_i/AXI4S_fifo_buf_sw_G/U0/g_fifo_640.fifo_2/U0/inst_fifo_gen/gconvfifo.rf/gbi.bi/g7ser_birst.rstbt/clk
    SLICE_X9Y24          FDPE                                         r  Soc_Tracking_i/AXI4S_fifo_buf_sw_G/U0/g_fifo_640.fifo_2/U0/inst_fifo_gen/gconvfifo.rf/gbi.bi/g7ser_birst.rstbt/rsync.rcc.wr_rst_reg2_reg/C
  -------------------------------------------------------------------    -------------------
    SLICE_X9Y24          FDPE (Prop_fdpe_C_Q)         0.128     1.021 f  Soc_Tracking_i/AXI4S_fifo_buf_sw_G/U0/g_fifo_640.fifo_2/U0/inst_fifo_gen/gconvfifo.rf/gbi.bi/g7ser_birst.rstbt/rsync.rcc.wr_rst_reg2_reg/Q
                         net (fo=1, routed)           0.182     1.204    Soc_Tracking_i/AXI4S_fifo_buf_sw_G/U0/g_fifo_640.fifo_2/U0/inst_fifo_gen/gconvfifo.rf/gbi.bi/g7ser_birst.rstbt/wr_rst_reg2
    SLICE_X9Y22          FDPE                                         f  Soc_Tracking_i/AXI4S_fifo_buf_sw_G/U0/g_fifo_640.fifo_2/U0/inst_fifo_gen/gconvfifo.rf/gbi.bi/g7ser_birst.rstbt/rsync.rcc.wr_rst_reg_reg/PRE
  -------------------------------------------------------------------    -------------------

                         (clock clk_fpga_0 rise edge)
                                                      0.000     0.000 r  
    PS7_X0Y0             PS7                          0.000     0.000 r  Soc_Tracking_i/processing_system7_0/inst/PS7_i/FCLKCLK[0]
                         net (fo=1, routed)           0.341     0.341    Soc_Tracking_i/processing_system7_0/inst/FCLK_CLK_unbuffered[0]
    BUFGCTRL_X0Y0        BUFG (Prop_bufg_I_O)         0.029     0.370 r  Soc_Tracking_i/processing_system7_0/inst/buffer_fclk_clk_0.FCLK_CLK_0_BUFG/O
                         net (fo=5076, routed)        0.821     1.191    Soc_Tracking_i/AXI4S_fifo_buf_sw_G/U0/g_fifo_640.fifo_2/U0/inst_fifo_gen/gconvfifo.rf/gbi.bi/g7ser_birst.rstbt/clk
    SLICE_X9Y22          FDPE                                         r  Soc_Tracking_i/AXI4S_fifo_buf_sw_G/U0/g_fifo_640.fifo_2/U0/inst_fifo_gen/gconvfifo.rf/gbi.bi/g7ser_birst.rstbt/rsync.rcc.wr_rst_reg_reg/C
                         clock pessimism             -0.281     0.910    
    SLICE_X9Y22          FDPE (Remov_fdpe_C_PRE)     -0.149     0.761    Soc_Tracking_i/AXI4S_fifo_buf_sw_G/U0/g_fifo_640.fifo_2/U0/inst_fifo_gen/gconvfifo.rf/gbi.bi/g7ser_birst.rstbt/rsync.rcc.wr_rst_reg_reg
  -------------------------------------------------------------------
                         required time                         -0.761    
                         arrival time                           1.204    
  -------------------------------------------------------------------
                         slack                                  0.443    

Slack (MET) :             0.466ns  (arrival time - required time)
  Source:                 Soc_Tracking_i/AXI4S_Filter_Harris/U0/fifo/U0/inst_fifo_gen/gconvfifo.rf/gbi.bi/g7ser_birst.rstbt/rsync.rcc.wr_rst_reg2_reg/C
                            (rising edge-triggered cell FDPE clocked by clk_fpga_0  {rise@0.000ns fall@5.000ns period=10.000ns})
  Destination:            Soc_Tracking_i/AXI4S_Filter_Harris/U0/fifo/U0/inst_fifo_gen/gconvfifo.rf/gbi.bi/g7ser_birst.rstbt/rsync.rcc.wr_rst_reg_reg/PRE
                            (removal check against rising-edge clock clk_fpga_0  {rise@0.000ns fall@5.000ns period=10.000ns})
  Path Group:             **async_default**
  Path Type:              Removal (Min at Fast Process Corner)
  Requirement:            0.000ns  (clk_fpga_0 rise@0.000ns - clk_fpga_0 rise@0.000ns)
  Data Path Delay:        0.331ns  (logic 0.148ns (44.757%)  route 0.183ns (55.243%))
  Logic Levels:           0  
  Clock Path Skew:        0.013ns (DCD - SCD - CPR)
    Destination Clock Delay (DCD):    1.195ns
    Source Clock Delay      (SCD):    0.897ns
    Clock Pessimism Removal (CPR):    0.285ns

    Location             Delay type                Incr(ns)  Path(ns)    Netlist Resource(s)
  -------------------------------------------------------------------    -------------------
                         (clock clk_fpga_0 rise edge)
                                                      0.000     0.000 r  
    PS7_X0Y0             PS7                          0.000     0.000 r  Soc_Tracking_i/processing_system7_0/inst/PS7_i/FCLKCLK[0]
                         net (fo=1, routed)           0.315     0.315    Soc_Tracking_i/processing_system7_0/inst/FCLK_CLK_unbuffered[0]
    BUFGCTRL_X0Y0        BUFG (Prop_bufg_I_O)         0.026     0.341 r  Soc_Tracking_i/processing_system7_0/inst/buffer_fclk_clk_0.FCLK_CLK_0_BUFG/O
                         net (fo=5076, routed)        0.556     0.897    Soc_Tracking_i/AXI4S_Filter_Harris/U0/fifo/U0/inst_fifo_gen/gconvfifo.rf/gbi.bi/g7ser_birst.rstbt/clk
    SLICE_X20Y36         FDPE                                         r  Soc_Tracking_i/AXI4S_Filter_Harris/U0/fifo/U0/inst_fifo_gen/gconvfifo.rf/gbi.bi/g7ser_birst.rstbt/rsync.rcc.wr_rst_reg2_reg/C
  -------------------------------------------------------------------    -------------------
    SLICE_X20Y36         FDPE (Prop_fdpe_C_Q)         0.148     1.045 f  Soc_Tracking_i/AXI4S_Filter_Harris/U0/fifo/U0/inst_fifo_gen/gconvfifo.rf/gbi.bi/g7ser_birst.rstbt/rsync.rcc.wr_rst_reg2_reg/Q
                         net (fo=1, routed)           0.183     1.227    Soc_Tracking_i/AXI4S_Filter_Harris/U0/fifo/U0/inst_fifo_gen/gconvfifo.rf/gbi.bi/g7ser_birst.rstbt/wr_rst_reg2
    SLICE_X21Y36         FDPE                                         f  Soc_Tracking_i/AXI4S_Filter_Harris/U0/fifo/U0/inst_fifo_gen/gconvfifo.rf/gbi.bi/g7ser_birst.rstbt/rsync.rcc.wr_rst_reg_reg/PRE
  -------------------------------------------------------------------    -------------------

                         (clock clk_fpga_0 rise edge)
                                                      0.000     0.000 r  
    PS7_X0Y0             PS7                          0.000     0.000 r  Soc_Tracking_i/processing_system7_0/inst/PS7_i/FCLKCLK[0]
                         net (fo=1, routed)           0.341     0.341    Soc_Tracking_i/processing_system7_0/inst/FCLK_CLK_unbuffered[0]
    BUFGCTRL_X0Y0        BUFG (Prop_bufg_I_O)         0.029     0.370 r  Soc_Tracking_i/processing_system7_0/inst/buffer_fclk_clk_0.FCLK_CLK_0_BUFG/O
                         net (fo=5076, routed)        0.825     1.195    Soc_Tracking_i/AXI4S_Filter_Harris/U0/fifo/U0/inst_fifo_gen/gconvfifo.rf/gbi.bi/g7ser_birst.rstbt/clk
    SLICE_X21Y36         FDPE                                         r  Soc_Tracking_i/AXI4S_Filter_Harris/U0/fifo/U0/inst_fifo_gen/gconvfifo.rf/gbi.bi/g7ser_birst.rstbt/rsync.rcc.wr_rst_reg_reg/C
                         clock pessimism             -0.285     0.910    
    SLICE_X21Y36         FDPE (Remov_fdpe_C_PRE)     -0.148     0.762    Soc_Tracking_i/AXI4S_Filter_Harris/U0/fifo/U0/inst_fifo_gen/gconvfifo.rf/gbi.bi/g7ser_birst.rstbt/rsync.rcc.wr_rst_reg_reg
  -------------------------------------------------------------------
                         required time                         -0.762    
                         arrival time                           1.227    
  -------------------------------------------------------------------
                         slack                                  0.466    

Slack (MET) :             0.469ns  (arrival time - required time)
  Source:                 Soc_Tracking_i/axi_mem_intercon/s00_couplers/auto_pc/inst/gen_axi4_axi3.axi3_conv_inst/USE_WRITE.write_addr_inst/USE_BURSTS.cmd_queue/inst/fifo_gen_inst/inst_fifo_gen/gconvfifo.rf/grf.rf/rstblk/ngwrdrst.grst.g7serrst.gnsckt_wrst.gcc_rst.sckt_wr_rst_cc_reg[0]/C
                            (rising edge-triggered cell FDRE clocked by clk_fpga_0  {rise@0.000ns fall@5.000ns period=10.000ns})
  Destination:            Soc_Tracking_i/axi_mem_intercon/s00_couplers/auto_pc/inst/gen_axi4_axi3.axi3_conv_inst/USE_WRITE.write_addr_inst/USE_BURSTS.cmd_queue/inst/fifo_gen_inst/inst_fifo_gen/gconvfifo.rf/grf.rf/gntv_or_sync_fifo.gl0.rd/gr1.gr1_int.rfwft/gpregsm1.user_valid_reg/CLR
                            (removal check against rising-edge clock clk_fpga_0  {rise@0.000ns fall@5.000ns period=10.000ns})
  Path Group:             **async_default**
  Path Type:              Removal (Min at Fast Process Corner)
  Requirement:            0.000ns  (clk_fpga_0 rise@0.000ns - clk_fpga_0 rise@0.000ns)
  Data Path Delay:        0.415ns  (logic 0.186ns (44.858%)  route 0.229ns (55.142%))
  Logic Levels:           1  (LUT3=1)
  Clock Path Skew:        0.013ns (DCD - SCD - CPR)
    Destination Clock Delay (DCD):    1.205ns
    Source Clock Delay      (SCD):    0.908ns
    Clock Pessimism Removal (CPR):    0.284ns

    Location             Delay type                Incr(ns)  Path(ns)    Netlist Resource(s)
  -------------------------------------------------------------------    -------------------
                         (clock clk_fpga_0 rise edge)
                                                      0.000     0.000 r  
    PS7_X0Y0             PS7                          0.000     0.000 r  Soc_Tracking_i/processing_system7_0/inst/PS7_i/FCLKCLK[0]
                         net (fo=1, routed)           0.315     0.315    Soc_Tracking_i/processing_system7_0/inst/FCLK_CLK_unbuffered[0]
    BUFGCTRL_X0Y0        BUFG (Prop_bufg_I_O)         0.026     0.341 r  Soc_Tracking_i/processing_system7_0/inst/buffer_fclk_clk_0.FCLK_CLK_0_BUFG/O
                         net (fo=5076, routed)        0.567     0.908    Soc_Tracking_i/axi_mem_intercon/s00_couplers/auto_pc/inst/gen_axi4_axi3.axi3_conv_inst/USE_WRITE.write_addr_inst/USE_BURSTS.cmd_queue/inst/fifo_gen_inst/inst_fifo_gen/gconvfifo.rf/grf.rf/rstblk/clk
    SLICE_X9Y0           FDRE                                         r  Soc_Tracking_i/axi_mem_intercon/s00_couplers/auto_pc/inst/gen_axi4_axi3.axi3_conv_inst/USE_WRITE.write_addr_inst/USE_BURSTS.cmd_queue/inst/fifo_gen_inst/inst_fifo_gen/gconvfifo.rf/grf.rf/rstblk/ngwrdrst.grst.g7serrst.gnsckt_wrst.gcc_rst.sckt_wr_rst_cc_reg[0]/C
  -------------------------------------------------------------------    -------------------
    SLICE_X9Y0           FDRE (Prop_fdre_C_Q)         0.141     1.049 f  Soc_Tracking_i/axi_mem_intercon/s00_couplers/auto_pc/inst/gen_axi4_axi3.axi3_conv_inst/USE_WRITE.write_addr_inst/USE_BURSTS.cmd_queue/inst/fifo_gen_inst/inst_fifo_gen/gconvfifo.rf/grf.rf/rstblk/ngwrdrst.grst.g7serrst.gnsckt_wrst.gcc_rst.sckt_wr_rst_cc_reg[0]/Q
                         net (fo=3, routed)           0.103     1.152    Soc_Tracking_i/axi_mem_intercon/s00_couplers/auto_pc/inst/gen_axi4_axi3.axi3_conv_inst/USE_WRITE.write_addr_inst/USE_BURSTS.cmd_queue/inst/fifo_gen_inst/inst_fifo_gen/gconvfifo.rf/grf.rf/rstblk/sckt_wr_rst_cc[0]
    SLICE_X8Y0           LUT3 (Prop_lut3_I1_O)        0.045     1.197 f  Soc_Tracking_i/axi_mem_intercon/s00_couplers/auto_pc/inst/gen_axi4_axi3.axi3_conv_inst/USE_WRITE.write_addr_inst/USE_BURSTS.cmd_queue/inst/fifo_gen_inst/inst_fifo_gen/gconvfifo.rf/grf.rf/rstblk/gpregsm1.curr_fwft_state[1]_i_2/O
                         net (fo=32, routed)          0.125     1.322    Soc_Tracking_i/axi_mem_intercon/s00_couplers/auto_pc/inst/gen_axi4_axi3.axi3_conv_inst/USE_WRITE.write_addr_inst/USE_BURSTS.cmd_queue/inst/fifo_gen_inst/inst_fifo_gen/gconvfifo.rf/grf.rf/gntv_or_sync_fifo.gl0.rd/gr1.gr1_int.rfwft/gpregsm1.user_valid_reg_0
    SLICE_X8Y0           FDCE                                         f  Soc_Tracking_i/axi_mem_intercon/s00_couplers/auto_pc/inst/gen_axi4_axi3.axi3_conv_inst/USE_WRITE.write_addr_inst/USE_BURSTS.cmd_queue/inst/fifo_gen_inst/inst_fifo_gen/gconvfifo.rf/grf.rf/gntv_or_sync_fifo.gl0.rd/gr1.gr1_int.rfwft/gpregsm1.user_valid_reg/CLR
  -------------------------------------------------------------------    -------------------

                         (clock clk_fpga_0 rise edge)
                                                      0.000     0.000 r  
    PS7_X0Y0             PS7                          0.000     0.000 r  Soc_Tracking_i/processing_system7_0/inst/PS7_i/FCLKCLK[0]
                         net (fo=1, routed)           0.341     0.341    Soc_Tracking_i/processing_system7_0/inst/FCLK_CLK_unbuffered[0]
    BUFGCTRL_X0Y0        BUFG (Prop_bufg_I_O)         0.029     0.370 r  Soc_Tracking_i/processing_system7_0/inst/buffer_fclk_clk_0.FCLK_CLK_0_BUFG/O
                         net (fo=5076, routed)        0.835     1.205    Soc_Tracking_i/axi_mem_intercon/s00_couplers/auto_pc/inst/gen_axi4_axi3.axi3_conv_inst/USE_WRITE.write_addr_inst/USE_BURSTS.cmd_queue/inst/fifo_gen_inst/inst_fifo_gen/gconvfifo.rf/grf.rf/gntv_or_sync_fifo.gl0.rd/gr1.gr1_int.rfwft/clk
    SLICE_X8Y0           FDCE                                         r  Soc_Tracking_i/axi_mem_intercon/s00_couplers/auto_pc/inst/gen_axi4_axi3.axi3_conv_inst/USE_WRITE.write_addr_inst/USE_BURSTS.cmd_queue/inst/fifo_gen_inst/inst_fifo_gen/gconvfifo.rf/grf.rf/gntv_or_sync_fifo.gl0.rd/gr1.gr1_int.rfwft/gpregsm1.user_valid_reg/C
                         clock pessimism             -0.284     0.921    
    SLICE_X8Y0           FDCE (Remov_fdce_C_CLR)     -0.067     0.854    Soc_Tracking_i/axi_mem_intercon/s00_couplers/auto_pc/inst/gen_axi4_axi3.axi3_conv_inst/USE_WRITE.write_addr_inst/USE_BURSTS.cmd_queue/inst/fifo_gen_inst/inst_fifo_gen/gconvfifo.rf/grf.rf/gntv_or_sync_fifo.gl0.rd/gr1.gr1_int.rfwft/gpregsm1.user_valid_reg
  -------------------------------------------------------------------
                         required time                         -0.854    
                         arrival time                           1.322    
  -------------------------------------------------------------------
                         slack                                  0.469    

Slack (MET) :             0.473ns  (arrival time - required time)
  Source:                 Soc_Tracking_i/axi_mem_intercon/s00_couplers/auto_pc/inst/gen_axi4_axi3.axi3_conv_inst/USE_WRITE.write_addr_inst/USE_BURSTS.cmd_queue/inst/fifo_gen_inst/inst_fifo_gen/gconvfifo.rf/grf.rf/rstblk/ngwrdrst.grst.g7serrst.gnsckt_wrst.gcc_rst.sckt_wr_rst_cc_reg[0]/C
                            (rising edge-triggered cell FDRE clocked by clk_fpga_0  {rise@0.000ns fall@5.000ns period=10.000ns})
  Destination:            Soc_Tracking_i/axi_mem_intercon/s00_couplers/auto_pc/inst/gen_axi4_axi3.axi3_conv_inst/USE_WRITE.write_addr_inst/USE_BURSTS.cmd_queue/inst/fifo_gen_inst/inst_fifo_gen/gconvfifo.rf/grf.rf/gntv_or_sync_fifo.gl0.rd/gr1.gr1_int.rfwft/aempty_fwft_fb_i_reg/PRE
                            (removal check against rising-edge clock clk_fpga_0  {rise@0.000ns fall@5.000ns period=10.000ns})
  Path Group:             **async_default**
  Path Type:              Removal (Min at Fast Process Corner)
  Requirement:            0.000ns  (clk_fpga_0 rise@0.000ns - clk_fpga_0 rise@0.000ns)
  Data Path Delay:        0.415ns  (logic 0.186ns (44.858%)  route 0.229ns (55.142%))
  Logic Levels:           1  (LUT3=1)
  Clock Path Skew:        0.013ns (DCD - SCD - CPR)
    Destination Clock Delay (DCD):    1.205ns
    Source Clock Delay      (SCD):    0.908ns
    Clock Pessimism Removal (CPR):    0.284ns

    Location             Delay type                Incr(ns)  Path(ns)    Netlist Resource(s)
  -------------------------------------------------------------------    -------------------
                         (clock clk_fpga_0 rise edge)
                                                      0.000     0.000 r  
    PS7_X0Y0             PS7                          0.000     0.000 r  Soc_Tracking_i/processing_system7_0/inst/PS7_i/FCLKCLK[0]
                         net (fo=1, routed)           0.315     0.315    Soc_Tracking_i/processing_system7_0/inst/FCLK_CLK_unbuffered[0]
    BUFGCTRL_X0Y0        BUFG (Prop_bufg_I_O)         0.026     0.341 r  Soc_Tracking_i/processing_system7_0/inst/buffer_fclk_clk_0.FCLK_CLK_0_BUFG/O
                         net (fo=5076, routed)        0.567     0.908    Soc_Tracking_i/axi_mem_intercon/s00_couplers/auto_pc/inst/gen_axi4_axi3.axi3_conv_inst/USE_WRITE.write_addr_inst/USE_BURSTS.cmd_queue/inst/fifo_gen_inst/inst_fifo_gen/gconvfifo.rf/grf.rf/rstblk/clk
    SLICE_X9Y0           FDRE                                         r  Soc_Tracking_i/axi_mem_intercon/s00_couplers/auto_pc/inst/gen_axi4_axi3.axi3_conv_inst/USE_WRITE.write_addr_inst/USE_BURSTS.cmd_queue/inst/fifo_gen_inst/inst_fifo_gen/gconvfifo.rf/grf.rf/rstblk/ngwrdrst.grst.g7serrst.gnsckt_wrst.gcc_rst.sckt_wr_rst_cc_reg[0]/C
  -------------------------------------------------------------------    -------------------
    SLICE_X9Y0           FDRE (Prop_fdre_C_Q)         0.141     1.049 f  Soc_Tracking_i/axi_mem_intercon/s00_couplers/auto_pc/inst/gen_axi4_axi3.axi3_conv_inst/USE_WRITE.write_addr_inst/USE_BURSTS.cmd_queue/inst/fifo_gen_inst/inst_fifo_gen/gconvfifo.rf/grf.rf/rstblk/ngwrdrst.grst.g7serrst.gnsckt_wrst.gcc_rst.sckt_wr_rst_cc_reg[0]/Q
                         net (fo=3, routed)           0.103     1.152    Soc_Tracking_i/axi_mem_intercon/s00_couplers/auto_pc/inst/gen_axi4_axi3.axi3_conv_inst/USE_WRITE.write_addr_inst/USE_BURSTS.cmd_queue/inst/fifo_gen_inst/inst_fifo_gen/gconvfifo.rf/grf.rf/rstblk/sckt_wr_rst_cc[0]
    SLICE_X8Y0           LUT3 (Prop_lut3_I1_O)        0.045     1.197 f  Soc_Tracking_i/axi_mem_intercon/s00_couplers/auto_pc/inst/gen_axi4_axi3.axi3_conv_inst/USE_WRITE.write_addr_inst/USE_BURSTS.cmd_queue/inst/fifo_gen_inst/inst_fifo_gen/gconvfifo.rf/grf.rf/rstblk/gpregsm1.curr_fwft_state[1]_i_2/O
                         net (fo=32, routed)          0.125     1.322    Soc_Tracking_i/axi_mem_intercon/s00_couplers/auto_pc/inst/gen_axi4_axi3.axi3_conv_inst/USE_WRITE.write_addr_inst/USE_BURSTS.cmd_queue/inst/fifo_gen_inst/inst_fifo_gen/gconvfifo.rf/grf.rf/gntv_or_sync_fifo.gl0.rd/gr1.gr1_int.rfwft/gpregsm1.user_valid_reg_0
    SLICE_X8Y0           FDPE                                         f  Soc_Tracking_i/axi_mem_intercon/s00_couplers/auto_pc/inst/gen_axi4_axi3.axi3_conv_inst/USE_WRITE.write_addr_inst/USE_BURSTS.cmd_queue/inst/fifo_gen_inst/inst_fifo_gen/gconvfifo.rf/grf.rf/gntv_or_sync_fifo.gl0.rd/gr1.gr1_int.rfwft/aempty_fwft_fb_i_reg/PRE
  -------------------------------------------------------------------    -------------------

                         (clock clk_fpga_0 rise edge)
                                                      0.000     0.000 r  
    PS7_X0Y0             PS7                          0.000     0.000 r  Soc_Tracking_i/processing_system7_0/inst/PS7_i/FCLKCLK[0]
                         net (fo=1, routed)           0.341     0.341    Soc_Tracking_i/processing_system7_0/inst/FCLK_CLK_unbuffered[0]
    BUFGCTRL_X0Y0        BUFG (Prop_bufg_I_O)         0.029     0.370 r  Soc_Tracking_i/processing_system7_0/inst/buffer_fclk_clk_0.FCLK_CLK_0_BUFG/O
                         net (fo=5076, routed)        0.835     1.205    Soc_Tracking_i/axi_mem_intercon/s00_couplers/auto_pc/inst/gen_axi4_axi3.axi3_conv_inst/USE_WRITE.write_addr_inst/USE_BURSTS.cmd_queue/inst/fifo_gen_inst/inst_fifo_gen/gconvfifo.rf/grf.rf/gntv_or_sync_fifo.gl0.rd/gr1.gr1_int.rfwft/clk
    SLICE_X8Y0           FDPE                                         r  Soc_Tracking_i/axi_mem_intercon/s00_couplers/auto_pc/inst/gen_axi4_axi3.axi3_conv_inst/USE_WRITE.write_addr_inst/USE_BURSTS.cmd_queue/inst/fifo_gen_inst/inst_fifo_gen/gconvfifo.rf/grf.rf/gntv_or_sync_fifo.gl0.rd/gr1.gr1_int.rfwft/aempty_fwft_fb_i_reg/C
                         clock pessimism             -0.284     0.921    
    SLICE_X8Y0           FDPE (Remov_fdpe_C_PRE)     -0.071     0.850    Soc_Tracking_i/axi_mem_intercon/s00_couplers/auto_pc/inst/gen_axi4_axi3.axi3_conv_inst/USE_WRITE.write_addr_inst/USE_BURSTS.cmd_queue/inst/fifo_gen_inst/inst_fifo_gen/gconvfifo.rf/grf.rf/gntv_or_sync_fifo.gl0.rd/gr1.gr1_int.rfwft/aempty_fwft_fb_i_reg
  -------------------------------------------------------------------
                         required time                         -0.850    
                         arrival time                           1.322    
  -------------------------------------------------------------------
                         slack                                  0.473    

Slack (MET) :             0.473ns  (arrival time - required time)
  Source:                 Soc_Tracking_i/axi_mem_intercon/s00_couplers/auto_pc/inst/gen_axi4_axi3.axi3_conv_inst/USE_WRITE.write_addr_inst/USE_BURSTS.cmd_queue/inst/fifo_gen_inst/inst_fifo_gen/gconvfifo.rf/grf.rf/rstblk/ngwrdrst.grst.g7serrst.gnsckt_wrst.gcc_rst.sckt_wr_rst_cc_reg[0]/C
                            (rising edge-triggered cell FDRE clocked by clk_fpga_0  {rise@0.000ns fall@5.000ns period=10.000ns})
  Destination:            Soc_Tracking_i/axi_mem_intercon/s00_couplers/auto_pc/inst/gen_axi4_axi3.axi3_conv_inst/USE_WRITE.write_addr_inst/USE_BURSTS.cmd_queue/inst/fifo_gen_inst/inst_fifo_gen/gconvfifo.rf/grf.rf/gntv_or_sync_fifo.gl0.rd/gr1.gr1_int.rfwft/aempty_fwft_i_reg/PRE
                            (removal check against rising-edge clock clk_fpga_0  {rise@0.000ns fall@5.000ns period=10.000ns})
  Path Group:             **async_default**
  Path Type:              Removal (Min at Fast Process Corner)
  Requirement:            0.000ns  (clk_fpga_0 rise@0.000ns - clk_fpga_0 rise@0.000ns)
  Data Path Delay:        0.415ns  (logic 0.186ns (44.858%)  route 0.229ns (55.142%))
  Logic Levels:           1  (LUT3=1)
  Clock Path Skew:        0.013ns (DCD - SCD - CPR)
    Destination Clock Delay (DCD):    1.205ns
    Source Clock Delay      (SCD):    0.908ns
    Clock Pessimism Removal (CPR):    0.284ns

    Location             Delay type                Incr(ns)  Path(ns)    Netlist Resource(s)
  -------------------------------------------------------------------    -------------------
                         (clock clk_fpga_0 rise edge)
                                                      0.000     0.000 r  
    PS7_X0Y0             PS7                          0.000     0.000 r  Soc_Tracking_i/processing_system7_0/inst/PS7_i/FCLKCLK[0]
                         net (fo=1, routed)           0.315     0.315    Soc_Tracking_i/processing_system7_0/inst/FCLK_CLK_unbuffered[0]
    BUFGCTRL_X0Y0        BUFG (Prop_bufg_I_O)         0.026     0.341 r  Soc_Tracking_i/processing_system7_0/inst/buffer_fclk_clk_0.FCLK_CLK_0_BUFG/O
                         net (fo=5076, routed)        0.567     0.908    Soc_Tracking_i/axi_mem_intercon/s00_couplers/auto_pc/inst/gen_axi4_axi3.axi3_conv_inst/USE_WRITE.write_addr_inst/USE_BURSTS.cmd_queue/inst/fifo_gen_inst/inst_fifo_gen/gconvfifo.rf/grf.rf/rstblk/clk
    SLICE_X9Y0           FDRE                                         r  Soc_Tracking_i/axi_mem_intercon/s00_couplers/auto_pc/inst/gen_axi4_axi3.axi3_conv_inst/USE_WRITE.write_addr_inst/USE_BURSTS.cmd_queue/inst/fifo_gen_inst/inst_fifo_gen/gconvfifo.rf/grf.rf/rstblk/ngwrdrst.grst.g7serrst.gnsckt_wrst.gcc_rst.sckt_wr_rst_cc_reg[0]/C
  -------------------------------------------------------------------    -------------------
    SLICE_X9Y0           FDRE (Prop_fdre_C_Q)         0.141     1.049 f  Soc_Tracking_i/axi_mem_intercon/s00_couplers/auto_pc/inst/gen_axi4_axi3.axi3_conv_inst/USE_WRITE.write_addr_inst/USE_BURSTS.cmd_queue/inst/fifo_gen_inst/inst_fifo_gen/gconvfifo.rf/grf.rf/rstblk/ngwrdrst.grst.g7serrst.gnsckt_wrst.gcc_rst.sckt_wr_rst_cc_reg[0]/Q
                         net (fo=3, routed)           0.103     1.152    Soc_Tracking_i/axi_mem_intercon/s00_couplers/auto_pc/inst/gen_axi4_axi3.axi3_conv_inst/USE_WRITE.write_addr_inst/USE_BURSTS.cmd_queue/inst/fifo_gen_inst/inst_fifo_gen/gconvfifo.rf/grf.rf/rstblk/sckt_wr_rst_cc[0]
    SLICE_X8Y0           LUT3 (Prop_lut3_I1_O)        0.045     1.197 f  Soc_Tracking_i/axi_mem_intercon/s00_couplers/auto_pc/inst/gen_axi4_axi3.axi3_conv_inst/USE_WRITE.write_addr_inst/USE_BURSTS.cmd_queue/inst/fifo_gen_inst/inst_fifo_gen/gconvfifo.rf/grf.rf/rstblk/gpregsm1.curr_fwft_state[1]_i_2/O
                         net (fo=32, routed)          0.125     1.322    Soc_Tracking_i/axi_mem_intercon/s00_couplers/auto_pc/inst/gen_axi4_axi3.axi3_conv_inst/USE_WRITE.write_addr_inst/USE_BURSTS.cmd_queue/inst/fifo_gen_inst/inst_fifo_gen/gconvfifo.rf/grf.rf/gntv_or_sync_fifo.gl0.rd/gr1.gr1_int.rfwft/gpregsm1.user_valid_reg_0
    SLICE_X8Y0           FDPE                                         f  Soc_Tracking_i/axi_mem_intercon/s00_couplers/auto_pc/inst/gen_axi4_axi3.axi3_conv_inst/USE_WRITE.write_addr_inst/USE_BURSTS.cmd_queue/inst/fifo_gen_inst/inst_fifo_gen/gconvfifo.rf/grf.rf/gntv_or_sync_fifo.gl0.rd/gr1.gr1_int.rfwft/aempty_fwft_i_reg/PRE
  -------------------------------------------------------------------    -------------------

                         (clock clk_fpga_0 rise edge)
                                                      0.000     0.000 r  
    PS7_X0Y0             PS7                          0.000     0.000 r  Soc_Tracking_i/processing_system7_0/inst/PS7_i/FCLKCLK[0]
                         net (fo=1, routed)           0.341     0.341    Soc_Tracking_i/processing_system7_0/inst/FCLK_CLK_unbuffered[0]
    BUFGCTRL_X0Y0        BUFG (Prop_bufg_I_O)         0.029     0.370 r  Soc_Tracking_i/processing_system7_0/inst/buffer_fclk_clk_0.FCLK_CLK_0_BUFG/O
                         net (fo=5076, routed)        0.835     1.205    Soc_Tracking_i/axi_mem_intercon/s00_couplers/auto_pc/inst/gen_axi4_axi3.axi3_conv_inst/USE_WRITE.write_addr_inst/USE_BURSTS.cmd_queue/inst/fifo_gen_inst/inst_fifo_gen/gconvfifo.rf/grf.rf/gntv_or_sync_fifo.gl0.rd/gr1.gr1_int.rfwft/clk
    SLICE_X8Y0           FDPE                                         r  Soc_Tracking_i/axi_mem_intercon/s00_couplers/auto_pc/inst/gen_axi4_axi3.axi3_conv_inst/USE_WRITE.write_addr_inst/USE_BURSTS.cmd_queue/inst/fifo_gen_inst/inst_fifo_gen/gconvfifo.rf/grf.rf/gntv_or_sync_fifo.gl0.rd/gr1.gr1_int.rfwft/aempty_fwft_i_reg/C
                         clock pessimism             -0.284     0.921    
    SLICE_X8Y0           FDPE (Remov_fdpe_C_PRE)     -0.071     0.850    Soc_Tracking_i/axi_mem_intercon/s00_couplers/auto_pc/inst/gen_axi4_axi3.axi3_conv_inst/USE_WRITE.write_addr_inst/USE_BURSTS.cmd_queue/inst/fifo_gen_inst/inst_fifo_gen/gconvfifo.rf/grf.rf/gntv_or_sync_fifo.gl0.rd/gr1.gr1_int.rfwft/aempty_fwft_i_reg
  -------------------------------------------------------------------
                         required time                         -0.850    
                         arrival time                           1.322    
  -------------------------------------------------------------------
                         slack                                  0.473    





---------------------------------------------------------------------------------------------------
Path Group:  **async_default**
From Clock:  clk_fpga_0
  To Clock:  clk_fpga_1

Setup :            0  Failing Endpoints,  Worst Slack        5.979ns,  Total Violation        0.000ns
Hold  :            0  Failing Endpoints,  Worst Slack        0.203ns,  Total Violation        0.000ns
---------------------------------------------------------------------------------------------------


Max Delay Paths
--------------------------------------------------------------------------------------
Slack (MET) :             5.979ns  (required time - arrival time)
  Source:                 Soc_Tracking_i/VGA_controller_0/U0/reset_ready_reg/C
                            (rising edge-triggered cell FDRE clocked by clk_fpga_0  {rise@0.000ns fall@5.000ns period=10.000ns})
  Destination:            Soc_Tracking_i/VGA_controller_0/U0/t_ready_reg/CLR
                            (recovery check against rising-edge clock clk_fpga_1  {rise@0.000ns fall@20.000ns period=40.000ns})
  Path Group:             **async_default**
  Path Type:              Recovery (Max at Slow Process Corner)
  Requirement:            10.000ns  (clk_fpga_1 rise@40.000ns - clk_fpga_0 rise@30.000ns)
  Data Path Delay:        2.707ns  (logic 0.456ns (16.842%)  route 2.251ns (83.158%))
  Logic Levels:           0  
  Clock Path Skew:        -0.289ns (DCD - SCD + CPR)
    Destination Clock Delay (DCD):    2.686ns = ( 42.687 - 40.000 ) 
    Source Clock Delay      (SCD):    2.976ns = ( 32.976 - 30.000 ) 
    Clock Pessimism Removal (CPR):    0.000ns
  Clock Uncertainty:      0.619ns  ((TSJ^2 + TIJ^2)^1/2 + DJ) / 2 + PE
    Total System Jitter     (TSJ):    0.071ns
    Total Input Jitter      (TIJ):    1.237ns
    Discrete Jitter          (DJ):    0.000ns
    Phase Error              (PE):    0.000ns
  Clock Domain Crossing:  Inter clock paths are considered valid unless explicitly excluded by timing constraints such as set_clock_groups or set_false_path.

    Location             Delay type                Incr(ns)  Path(ns)    Netlist Resource(s)
  -------------------------------------------------------------------    -------------------
                         (clock clk_fpga_0 rise edge)
                                                     30.000    30.000 r  
    PS7_X0Y0             PS7                          0.000    30.000 r  Soc_Tracking_i/processing_system7_0/inst/PS7_i/FCLKCLK[0]
                         net (fo=1, routed)           1.207    31.207    Soc_Tracking_i/processing_system7_0/inst/FCLK_CLK_unbuffered[0]
    BUFGCTRL_X0Y0        BUFG (Prop_bufg_I_O)         0.101    31.308 r  Soc_Tracking_i/processing_system7_0/inst/buffer_fclk_clk_0.FCLK_CLK_0_BUFG/O
                         net (fo=5076, routed)        1.668    32.976    Soc_Tracking_i/VGA_controller_0/U0/S_AXIS_ACLK
    SLICE_X26Y36         FDRE                                         r  Soc_Tracking_i/VGA_controller_0/U0/reset_ready_reg/C
  -------------------------------------------------------------------    -------------------
    SLICE_X26Y36         FDRE (Prop_fdre_C_Q)         0.456    33.432 f  Soc_Tracking_i/VGA_controller_0/U0/reset_ready_reg/Q
                         net (fo=3, routed)           2.251    35.683    Soc_Tracking_i/VGA_controller_0/U0/reset_ready
    SLICE_X26Y35         FDCE                                         f  Soc_Tracking_i/VGA_controller_0/U0/t_ready_reg/CLR
  -------------------------------------------------------------------    -------------------

                         (clock clk_fpga_1 rise edge)
                                                     40.000    40.000 r  
    PS7_X0Y0             PS7                          0.000    40.000 r  Soc_Tracking_i/processing_system7_0/inst/PS7_i/FCLKCLK[1]
                         net (fo=1, routed)           1.101    41.101    Soc_Tracking_i/processing_system7_0/inst/FCLK_CLK_unbuffered[1]
    BUFGCTRL_X0Y3        BUFG (Prop_bufg_I_O)         0.091    41.192 r  Soc_Tracking_i/processing_system7_0/inst/buffer_fclk_clk_1.FCLK_CLK_1_BUFG/O
                         net (fo=37, routed)          1.494    42.687    Soc_Tracking_i/VGA_controller_0/U0/clk_VGA
    SLICE_X26Y35         FDCE                                         r  Soc_Tracking_i/VGA_controller_0/U0/t_ready_reg/C
                         clock pessimism              0.000    42.687    
                         clock uncertainty           -0.619    42.067    
    SLICE_X26Y35         FDCE (Recov_fdce_C_CLR)     -0.405    41.662    Soc_Tracking_i/VGA_controller_0/U0/t_ready_reg
  -------------------------------------------------------------------
                         required time                         41.662    
                         arrival time                         -35.683    
  -------------------------------------------------------------------
                         slack                                  5.979    





Min Delay Paths
--------------------------------------------------------------------------------------
Slack (MET) :             0.203ns  (arrival time - required time)
  Source:                 Soc_Tracking_i/VGA_controller_0/U0/reset_ready_reg/C
                            (rising edge-triggered cell FDRE clocked by clk_fpga_0  {rise@0.000ns fall@5.000ns period=10.000ns})
  Destination:            Soc_Tracking_i/VGA_controller_0/U0/t_ready_reg/CLR
                            (removal check against rising-edge clock clk_fpga_1  {rise@0.000ns fall@20.000ns period=40.000ns})
  Path Group:             **async_default**
  Path Type:              Removal (Min at Fast Process Corner)
  Requirement:            0.000ns  (clk_fpga_1 rise@0.000ns - clk_fpga_0 rise@0.000ns)
  Data Path Delay:        1.027ns  (logic 0.141ns (13.723%)  route 0.886ns (86.277%))
  Logic Levels:           0  
  Clock Path Skew:        0.296ns (DCD - SCD - CPR)
    Destination Clock Delay (DCD):    1.196ns
    Source Clock Delay      (SCD):    0.900ns
    Clock Pessimism Removal (CPR):    -0.000ns
  Clock Uncertainty:      0.619ns  ((TSJ^2 + TIJ^2)^1/2 + DJ) / 2 + PE
    Total System Jitter     (TSJ):    0.071ns
    Total Input Jitter      (TIJ):    1.237ns
    Discrete Jitter          (DJ):    0.000ns
    Phase Error              (PE):    0.000ns
  Clock Domain Crossing:  Inter clock paths are considered valid unless explicitly excluded by timing constraints such as set_clock_groups or set_false_path.

    Location             Delay type                Incr(ns)  Path(ns)    Netlist Resource(s)
  -------------------------------------------------------------------    -------------------
                         (clock clk_fpga_0 rise edge)
                                                      0.000     0.000 r  
    PS7_X0Y0             PS7                          0.000     0.000 r  Soc_Tracking_i/processing_system7_0/inst/PS7_i/FCLKCLK[0]
                         net (fo=1, routed)           0.315     0.315    Soc_Tracking_i/processing_system7_0/inst/FCLK_CLK_unbuffered[0]
    BUFGCTRL_X0Y0        BUFG (Prop_bufg_I_O)         0.026     0.341 r  Soc_Tracking_i/processing_system7_0/inst/buffer_fclk_clk_0.FCLK_CLK_0_BUFG/O
                         net (fo=5076, routed)        0.559     0.900    Soc_Tracking_i/VGA_controller_0/U0/S_AXIS_ACLK
    SLICE_X26Y36         FDRE                                         r  Soc_Tracking_i/VGA_controller_0/U0/reset_ready_reg/C
  -------------------------------------------------------------------    -------------------
    SLICE_X26Y36         FDRE (Prop_fdre_C_Q)         0.141     1.041 f  Soc_Tracking_i/VGA_controller_0/U0/reset_ready_reg/Q
                         net (fo=3, routed)           0.886     1.927    Soc_Tracking_i/VGA_controller_0/U0/reset_ready
    SLICE_X26Y35         FDCE                                         f  Soc_Tracking_i/VGA_controller_0/U0/t_ready_reg/CLR
  -------------------------------------------------------------------    -------------------

                         (clock clk_fpga_1 rise edge)
                                                      0.000     0.000 r  
    PS7_X0Y0             PS7                          0.000     0.000 r  Soc_Tracking_i/processing_system7_0/inst/PS7_i/FCLKCLK[1]
                         net (fo=1, routed)           0.341     0.341    Soc_Tracking_i/processing_system7_0/inst/FCLK_CLK_unbuffered[1]
    BUFGCTRL_X0Y3        BUFG (Prop_bufg_I_O)         0.029     0.370 r  Soc_Tracking_i/processing_system7_0/inst/buffer_fclk_clk_1.FCLK_CLK_1_BUFG/O
                         net (fo=37, routed)          0.826     1.196    Soc_Tracking_i/VGA_controller_0/U0/clk_VGA
    SLICE_X26Y35         FDCE                                         r  Soc_Tracking_i/VGA_controller_0/U0/t_ready_reg/C
                         clock pessimism              0.000     1.196    
                         clock uncertainty            0.619     1.815    
    SLICE_X26Y35         FDCE (Remov_fdce_C_CLR)     -0.092     1.723    Soc_Tracking_i/VGA_controller_0/U0/t_ready_reg
  -------------------------------------------------------------------
                         required time                         -1.723    
                         arrival time                           1.927    
  -------------------------------------------------------------------
                         slack                                  0.203    





