#-----------------------------------------------------------
# Vivado v2020.2 (64-bit)
# SW Build 3064766 on Wed Nov 18 09:12:45 MST 2020
# IP Build 3064653 on Wed Nov 18 14:17:31 MST 2020
# Start of session at: Tue Sep  8 12:17:12 2026
# Process ID: 23276
# Current directory: C:/Users/vladi/Documents/Travail/Formation_AJC-Expleo/Projet/PL
# Command line: vivado.exe -gui_launcher_event rodinguilauncherevent21628 C:\Users\vladi\Documents\Travail\Formation_AJC-Expleo\Projet\PL\Soc_Tracking.xpr
# Log file: C:/Users/vladi/Documents/Travail/Formation_AJC-Expleo/Projet/PL/vivado.log
# Journal file: C:/Users/vladi/Documents/Travail/Formation_AJC-Expleo/Projet/PL\vivado.jou
#-----------------------------------------------------------
start_gui
open_project C:/Users/vladi/Documents/Travail/Formation_AJC-Expleo/Projet/PL/Soc_Tracking.xpr
Scanning sources...
Finished scanning sources
INFO: [IP_Flow 19-234] Refreshing IP repositories
INFO: [IP_Flow 19-1700] Loaded user IP repository 'c:/Users/vladi/Documents/Travail/Formation_AJC-Expleo/Projet/MyIPs'.
INFO: [IP_Flow 19-2313] Loaded Vivado IP repository 'E:/Xilinx/Vivado/2020.2/data/ip'.
WARNING: [IP_Flow 19-3664] IP 'Soc_Tracking_processing_system7_0_0' generated file not found 'c:/Users/vladi/Documents/Travail/Formation_AJC-Expleo/Projet/PL/Soc_Tracking.gen/sources_1/bd/Soc_Tracking/ip/Soc_Tracking_processing_system7_0_0/Soc_Tracking_processing_system7_0_0.dcp'. Please regenerate to continue.
WARNING: [IP_Flow 19-3664] IP 'Soc_Tracking_processing_system7_0_0' generated file not found 'c:/Users/vladi/Documents/Travail/Formation_AJC-Expleo/Projet/PL/Soc_Tracking.gen/sources_1/bd/Soc_Tracking/ip/Soc_Tracking_processing_system7_0_0/Soc_Tracking_processing_system7_0_0_stub.v'. Please regenerate to continue.
WARNING: [IP_Flow 19-3664] IP 'Soc_Tracking_processing_system7_0_0' generated file not found 'c:/Users/vladi/Documents/Travail/Formation_AJC-Expleo/Projet/PL/Soc_Tracking.gen/sources_1/bd/Soc_Tracking/ip/Soc_Tracking_processing_system7_0_0/Soc_Tracking_processing_system7_0_0_stub.vhdl'. Please regenerate to continue.
WARNING: [IP_Flow 19-3664] IP 'Soc_Tracking_processing_system7_0_0' generated file not found 'c:/Users/vladi/Documents/Travail/Formation_AJC-Expleo/Projet/PL/Soc_Tracking.gen/sources_1/bd/Soc_Tracking/ip/Soc_Tracking_processing_system7_0_0/Soc_Tracking_processing_system7_0_0_sim_netlist.v'. Please regenerate to continue.
WARNING: [IP_Flow 19-3664] IP 'Soc_Tracking_processing_system7_0_0' generated file not found 'c:/Users/vladi/Documents/Travail/Formation_AJC-Expleo/Projet/PL/Soc_Tracking.gen/sources_1/bd/Soc_Tracking/ip/Soc_Tracking_processing_system7_0_0/Soc_Tracking_processing_system7_0_0_sim_netlist.vhdl'. Please regenerate to continue.
WARNING: [IP_Flow 19-3664] IP 'Soc_Tracking_xbar_0' generated file not found 'c:/Users/vladi/Documents/Travail/Formation_AJC-Expleo/Projet/PL/Soc_Tracking.gen/sources_1/bd/Soc_Tracking/ip/Soc_Tracking_xbar_0/Soc_Tracking_xbar_0.dcp'. Please regenerate to continue.
WARNING: [IP_Flow 19-3664] IP 'Soc_Tracking_xbar_0' generated file not found 'c:/Users/vladi/Documents/Travail/Formation_AJC-Expleo/Projet/PL/Soc_Tracking.gen/sources_1/bd/Soc_Tracking/ip/Soc_Tracking_xbar_0/Soc_Tracking_xbar_0_stub.v'. Please regenerate to continue.
WARNING: [IP_Flow 19-3664] IP 'Soc_Tracking_xbar_0' generated file not found 'c:/Users/vladi/Documents/Travail/Formation_AJC-Expleo/Projet/PL/Soc_Tracking.gen/sources_1/bd/Soc_Tracking/ip/Soc_Tracking_xbar_0/Soc_Tracking_xbar_0_stub.vhdl'. Please regenerate to continue.
WARNING: [IP_Flow 19-3664] IP 'Soc_Tracking_xbar_0' generated file not found 'c:/Users/vladi/Documents/Travail/Formation_AJC-Expleo/Projet/PL/Soc_Tracking.gen/sources_1/bd/Soc_Tracking/ip/Soc_Tracking_xbar_0/Soc_Tracking_xbar_0_sim_netlist.v'. Please regenerate to continue.
WARNING: [IP_Flow 19-3664] IP 'Soc_Tracking_xbar_0' generated file not found 'c:/Users/vladi/Documents/Travail/Formation_AJC-Expleo/Projet/PL/Soc_Tracking.gen/sources_1/bd/Soc_Tracking/ip/Soc_Tracking_xbar_0/Soc_Tracking_xbar_0_sim_netlist.vhdl'. Please regenerate to continue.
WARNING: [IP_Flow 19-3664] IP 'Soc_Tracking_auto_pc_1' generated file not found 'c:/Users/vladi/Documents/Travail/Formation_AJC-Expleo/Projet/PL/Soc_Tracking.gen/sources_1/bd/Soc_Tracking/ip/Soc_Tracking_auto_pc_1/Soc_Tracking_auto_pc_1.dcp'. Please regenerate to continue.
WARNING: [IP_Flow 19-3664] IP 'Soc_Tracking_auto_pc_1' generated file not found 'c:/Users/vladi/Documents/Travail/Formation_AJC-Expleo/Projet/PL/Soc_Tracking.gen/sources_1/bd/Soc_Tracking/ip/Soc_Tracking_auto_pc_1/Soc_Tracking_auto_pc_1_stub.v'. Please regenerate to continue.
WARNING: [IP_Flow 19-3664] IP 'Soc_Tracking_auto_pc_1' generated file not found 'c:/Users/vladi/Documents/Travail/Formation_AJC-Expleo/Projet/PL/Soc_Tracking.gen/sources_1/bd/Soc_Tracking/ip/Soc_Tracking_auto_pc_1/Soc_Tracking_auto_pc_1_stub.vhdl'. Please regenerate to continue.
WARNING: [IP_Flow 19-3664] IP 'Soc_Tracking_auto_pc_1' generated file not found 'c:/Users/vladi/Documents/Travail/Formation_AJC-Expleo/Projet/PL/Soc_Tracking.gen/sources_1/bd/Soc_Tracking/ip/Soc_Tracking_auto_pc_1/Soc_Tracking_auto_pc_1_sim_netlist.v'. Please regenerate to continue.
WARNING: [IP_Flow 19-3664] IP 'Soc_Tracking_auto_pc_1' generated file not found 'c:/Users/vladi/Documents/Travail/Formation_AJC-Expleo/Projet/PL/Soc_Tracking.gen/sources_1/bd/Soc_Tracking/ip/Soc_Tracking_auto_pc_1/Soc_Tracking_auto_pc_1_sim_netlist.vhdl'. Please regenerate to continue.
WARNING: [IP_Flow 19-3664] IP 'Soc_Tracking_auto_us_0' generated file not found 'c:/Users/vladi/Documents/Travail/Formation_AJC-Expleo/Projet/PL/Soc_Tracking.gen/sources_1/bd/Soc_Tracking/ip/Soc_Tracking_auto_us_0/Soc_Tracking_auto_us_0.dcp'. Please regenerate to continue.
WARNING: [IP_Flow 19-3664] IP 'Soc_Tracking_auto_us_0' generated file not found 'c:/Users/vladi/Documents/Travail/Formation_AJC-Expleo/Projet/PL/Soc_Tracking.gen/sources_1/bd/Soc_Tracking/ip/Soc_Tracking_auto_us_0/Soc_Tracking_auto_us_0_stub.v'. Please regenerate to continue.
WARNING: [IP_Flow 19-3664] IP 'Soc_Tracking_auto_us_0' generated file not found 'c:/Users/vladi/Documents/Travail/Formation_AJC-Expleo/Projet/PL/Soc_Tracking.gen/sources_1/bd/Soc_Tracking/ip/Soc_Tracking_auto_us_0/Soc_Tracking_auto_us_0_stub.vhdl'. Please regenerate to continue.
WARNING: [IP_Flow 19-3664] IP 'Soc_Tracking_auto_us_0' generated file not found 'c:/Users/vladi/Documents/Travail/Formation_AJC-Expleo/Projet/PL/Soc_Tracking.gen/sources_1/bd/Soc_Tracking/ip/Soc_Tracking_auto_us_0/Soc_Tracking_auto_us_0_sim_netlist.v'. Please regenerate to continue.
WARNING: [IP_Flow 19-3664] IP 'Soc_Tracking_auto_us_0' generated file not found 'c:/Users/vladi/Documents/Travail/Formation_AJC-Expleo/Projet/PL/Soc_Tracking.gen/sources_1/bd/Soc_Tracking/ip/Soc_Tracking_auto_us_0/Soc_Tracking_auto_us_0_sim_netlist.vhdl'. Please regenerate to continue.
WARNING: [IP_Flow 19-3664] IP 'Soc_Tracking_auto_ds_0' generated file not found 'c:/Users/vladi/Documents/Travail/Formation_AJC-Expleo/Projet/PL/Soc_Tracking.gen/sources_1/bd/Soc_Tracking/ip/Soc_Tracking_auto_ds_0/Soc_Tracking_auto_ds_0.dcp'. Please regenerate to continue.
WARNING: [IP_Flow 19-3664] IP 'Soc_Tracking_auto_ds_0' generated file not found 'c:/Users/vladi/Documents/Travail/Formation_AJC-Expleo/Projet/PL/Soc_Tracking.gen/sources_1/bd/Soc_Tracking/ip/Soc_Tracking_auto_ds_0/Soc_Tracking_auto_ds_0_stub.v'. Please regenerate to continue.
WARNING: [IP_Flow 19-3664] IP 'Soc_Tracking_auto_ds_0' generated file not found 'c:/Users/vladi/Documents/Travail/Formation_AJC-Expleo/Projet/PL/Soc_Tracking.gen/sources_1/bd/Soc_Tracking/ip/Soc_Tracking_auto_ds_0/Soc_Tracking_auto_ds_0_stub.vhdl'. Please regenerate to continue.
WARNING: [IP_Flow 19-3664] IP 'Soc_Tracking_auto_ds_0' generated file not found 'c:/Users/vladi/Documents/Travail/Formation_AJC-Expleo/Projet/PL/Soc_Tracking.gen/sources_1/bd/Soc_Tracking/ip/Soc_Tracking_auto_ds_0/Soc_Tracking_auto_ds_0_sim_netlist.v'. Please regenerate to continue.
WARNING: [IP_Flow 19-3664] IP 'Soc_Tracking_auto_ds_0' generated file not found 'c:/Users/vladi/Documents/Travail/Formation_AJC-Expleo/Projet/PL/Soc_Tracking.gen/sources_1/bd/Soc_Tracking/ip/Soc_Tracking_auto_ds_0/Soc_Tracking_auto_ds_0_sim_netlist.vhdl'. Please regenerate to continue.
WARNING: [IP_Flow 19-3664] IP 'Soc_Tracking_auto_pc_0' generated file not found 'c:/Users/vladi/Documents/Travail/Formation_AJC-Expleo/Projet/PL/Soc_Tracking.gen/sources_1/bd/Soc_Tracking/ip/Soc_Tracking_auto_pc_0/Soc_Tracking_auto_pc_0.dcp'. Please regenerate to continue.
WARNING: [IP_Flow 19-3664] IP 'Soc_Tracking_auto_pc_0' generated file not found 'c:/Users/vladi/Documents/Travail/Formation_AJC-Expleo/Projet/PL/Soc_Tracking.gen/sources_1/bd/Soc_Tracking/ip/Soc_Tracking_auto_pc_0/Soc_Tracking_auto_pc_0_stub.v'. Please regenerate to continue.
WARNING: [IP_Flow 19-3664] IP 'Soc_Tracking_auto_pc_0' generated file not found 'c:/Users/vladi/Documents/Travail/Formation_AJC-Expleo/Projet/PL/Soc_Tracking.gen/sources_1/bd/Soc_Tracking/ip/Soc_Tracking_auto_pc_0/Soc_Tracking_auto_pc_0_stub.vhdl'. Please regenerate to continue.
WARNING: [IP_Flow 19-3664] IP 'Soc_Tracking_auto_pc_0' generated file not found 'c:/Users/vladi/Documents/Travail/Formation_AJC-Expleo/Projet/PL/Soc_Tracking.gen/sources_1/bd/Soc_Tracking/ip/Soc_Tracking_auto_pc_0/Soc_Tracking_auto_pc_0_sim_netlist.v'. Please regenerate to continue.
WARNING: [IP_Flow 19-3664] IP 'Soc_Tracking_auto_pc_0' generated file not found 'c:/Users/vladi/Documents/Travail/Formation_AJC-Expleo/Projet/PL/Soc_Tracking.gen/sources_1/bd/Soc_Tracking/ip/Soc_Tracking_auto_pc_0/Soc_Tracking_auto_pc_0_sim_netlist.vhdl'. Please regenerate to continue.
WARNING: [IP_Flow 19-3664] IP 'Soc_Tracking_DMA24bUnit_mm2s_0_0' generated file not found 'c:/Users/vladi/Documents/Travail/Formation_AJC-Expleo/Projet/PL/Soc_Tracking.gen/sources_1/bd/Soc_Tracking/ip/Soc_Tracking_DMA24bUnit_mm2s_0_0/Soc_Tracking_DMA24bUnit_mm2s_0_0.dcp'. Please regenerate to continue.
WARNING: [IP_Flow 19-3664] IP 'Soc_Tracking_DMA24bUnit_mm2s_0_0' generated file not found 'c:/Users/vladi/Documents/Travail/Formation_AJC-Expleo/Projet/PL/Soc_Tracking.gen/sources_1/bd/Soc_Tracking/ip/Soc_Tracking_DMA24bUnit_mm2s_0_0/Soc_Tracking_DMA24bUnit_mm2s_0_0_stub.v'. Please regenerate to continue.
WARNING: [IP_Flow 19-3664] IP 'Soc_Tracking_DMA24bUnit_mm2s_0_0' generated file not found 'c:/Users/vladi/Documents/Travail/Formation_AJC-Expleo/Projet/PL/Soc_Tracking.gen/sources_1/bd/Soc_Tracking/ip/Soc_Tracking_DMA24bUnit_mm2s_0_0/Soc_Tracking_DMA24bUnit_mm2s_0_0_stub.vhdl'. Please regenerate to continue.
WARNING: [IP_Flow 19-3664] IP 'Soc_Tracking_DMA24bUnit_mm2s_0_0' generated file not found 'c:/Users/vladi/Documents/Travail/Formation_AJC-Expleo/Projet/PL/Soc_Tracking.gen/sources_1/bd/Soc_Tracking/ip/Soc_Tracking_DMA24bUnit_mm2s_0_0/Soc_Tracking_DMA24bUnit_mm2s_0_0_sim_netlist.v'. Please regenerate to continue.
WARNING: [IP_Flow 19-3664] IP 'Soc_Tracking_DMA24bUnit_mm2s_0_0' generated file not found 'c:/Users/vladi/Documents/Travail/Formation_AJC-Expleo/Projet/PL/Soc_Tracking.gen/sources_1/bd/Soc_Tracking/ip/Soc_Tracking_DMA24bUnit_mm2s_0_0/Soc_Tracking_DMA24bUnit_mm2s_0_0_sim_netlist.vhdl'. Please regenerate to continue.
WARNING: [IP_Flow 19-3664] IP 'Soc_Tracking_DMA_controller_0_0' generated file not found 'c:/Users/vladi/Documents/Travail/Formation_AJC-Expleo/Projet/PL/Soc_Tracking.gen/sources_1/bd/Soc_Tracking/ip/Soc_Tracking_DMA_controller_0_0/Soc_Tracking_DMA_controller_0_0.dcp'. Please regenerate to continue.
WARNING: [IP_Flow 19-3664] IP 'Soc_Tracking_DMA_controller_0_0' generated file not found 'c:/Users/vladi/Documents/Travail/Formation_AJC-Expleo/Projet/PL/Soc_Tracking.gen/sources_1/bd/Soc_Tracking/ip/Soc_Tracking_DMA_controller_0_0/Soc_Tracking_DMA_controller_0_0_stub.v'. Please regenerate to continue.
WARNING: [IP_Flow 19-3664] IP 'Soc_Tracking_DMA_controller_0_0' generated file not found 'c:/Users/vladi/Documents/Travail/Formation_AJC-Expleo/Projet/PL/Soc_Tracking.gen/sources_1/bd/Soc_Tracking/ip/Soc_Tracking_DMA_controller_0_0/Soc_Tracking_DMA_controller_0_0_stub.vhdl'. Please regenerate to continue.
WARNING: [IP_Flow 19-3664] IP 'Soc_Tracking_DMA_controller_0_0' generated file not found 'c:/Users/vladi/Documents/Travail/Formation_AJC-Expleo/Projet/PL/Soc_Tracking.gen/sources_1/bd/Soc_Tracking/ip/Soc_Tracking_DMA_controller_0_0/Soc_Tracking_DMA_controller_0_0_sim_netlist.v'. Please regenerate to continue.
WARNING: [IP_Flow 19-3664] IP 'Soc_Tracking_DMA_controller_0_0' generated file not found 'c:/Users/vladi/Documents/Travail/Formation_AJC-Expleo/Projet/PL/Soc_Tracking.gen/sources_1/bd/Soc_Tracking/ip/Soc_Tracking_DMA_controller_0_0/Soc_Tracking_DMA_controller_0_0_sim_netlist.vhdl'. Please regenerate to continue.
open_project: Time (s): cpu = 00:00:16 ; elapsed = 00:00:13 . Memory (MB): peak = 1103.020 ; gain = 0.000
update_compile_order -fileset sources_1
open_bd_design {C:/Users/vladi/Documents/Travail/Formation_AJC-Expleo/Projet/PL/Soc_Tracking.srcs/sources_1/bd/Soc_Tracking/Soc_Tracking.bd}
Reading block design file <C:/Users/vladi/Documents/Travail/Formation_AJC-Expleo/Projet/PL/Soc_Tracking.srcs/sources_1/bd/Soc_Tracking/Soc_Tracking.bd>...
Adding component instance block -- xilinx.com:ip:processing_system7:5.5 - processing_system7_0
Adding component instance block -- xilinx.com:ip:axi_interconnect:2.1 - ps7_0_axi_periph
Adding component instance block -- xilinx.com:ip:axi_crossbar:2.1 - xbar
Adding component instance block -- xilinx.com:ip:axi_protocol_converter:2.1 - auto_pc
Adding component instance block -- xilinx.com:ip:axi_dwidth_converter:2.1 - auto_us
Adding component instance block -- xilinx.com:ip:axi_dwidth_converter:2.1 - auto_ds
Adding component instance block -- xilinx.com:ip:axi_protocol_converter:2.1 - auto_pc
Adding component instance block -- xilinx.com:ip:proc_sys_reset:5.0 - rst_ps7_0_100M
Adding component instance block -- xilinx.com:user:VGA_controller:1.0 - VGA_controller_0
Adding component instance block -- xilinx.com:user:DMA24bUnit_mm2s:1.0 - DMA24bUnit_mm2s_0
Adding component instance block -- xilinx.com:user:DMA_controller:1.0 - DMA_controller_0
Excluding slave segment /processing_system7_0/S_AXI_HP0/HP0_DDR_LOWOCM from address space /processing_system7_0/Data.
Successfully read diagram <Soc_Tracking> from block design file <C:/Users/vladi/Documents/Travail/Formation_AJC-Expleo/Projet/PL/Soc_Tracking.srcs/sources_1/bd/Soc_Tracking/Soc_Tracking.bd>
open_bd_design: Time (s): cpu = 00:00:06 ; elapsed = 00:00:08 . Memory (MB): peak = 1103.020 ; gain = 0.000
reset_run Soc_Tracking_processing_system7_0_0_synth_1
WARNING: [Vivado 12-1017] Problems encountered:
1. Couldn't access process for termination

reset_run Soc_Tracking_xbar_0_synth_1
WARNING: [Vivado 12-1017] Problems encountered:
1. Couldn't access process for termination

reset_run Soc_Tracking_DMA24bUnit_mm2s_0_0_synth_1
WARNING: [Vivado 12-1017] Problems encountered:
1. Couldn't access process for termination

reset_run Soc_Tracking_DMA_controller_0_0_synth_1
WARNING: [Vivado 12-1017] Problems encountered:
1. Couldn't access process for termination

reset_run Soc_Tracking_auto_pc_1_synth_1
WARNING: [Vivado 12-1017] Problems encountered:
1. Couldn't access process for termination

reset_run Soc_Tracking_auto_us_0_synth_1
WARNING: [Vivado 12-1017] Problems encountered:
1. Failed to delete one or more files in run directory C:/Users/vladi/Documents/Travail/Formation_AJC-Expleo/Projet/PL/Soc_Tracking.runs/Soc_Tracking_auto_us_0_synth_1

reset_run Soc_Tracking_auto_ds_0_synth_1
WARNING: [Vivado 12-1017] Problems encountered:
1. Couldn't access process for termination

reset_run Soc_Tracking_auto_pc_0_synth_1
WARNING: [Vivado 12-1017] Problems encountered:
1. Couldn't access process for termination

generate_target all [get_files  C:/Users/vladi/Documents/Travail/Formation_AJC-Expleo/Projet/PL/Soc_Tracking.srcs/sources_1/bd/Soc_Tracking/Soc_Tracking.bd]
INFO: [BD 41-1637] Generated targets are already up-to-date for block design 'Soc_Tracking' - hence not re-generating.
catch { config_ip_cache -export [get_ips -all Soc_Tracking_processing_system7_0_0] }
catch { config_ip_cache -export [get_ips -all Soc_Tracking_xbar_0] }
catch { config_ip_cache -export [get_ips -all Soc_Tracking_auto_pc_1] }
catch { config_ip_cache -export [get_ips -all Soc_Tracking_auto_us_0] }
catch { config_ip_cache -export [get_ips -all Soc_Tracking_auto_ds_0] }
catch { config_ip_cache -export [get_ips -all Soc_Tracking_auto_pc_0] }
catch { config_ip_cache -export [get_ips -all Soc_Tracking_DMA24bUnit_mm2s_0_0] }
catch { config_ip_cache -export [get_ips -all Soc_Tracking_DMA_controller_0_0] }
export_ip_user_files -of_objects [get_files C:/Users/vladi/Documents/Travail/Formation_AJC-Expleo/Projet/PL/Soc_Tracking.srcs/sources_1/bd/Soc_Tracking/Soc_Tracking.bd] -no_script -sync -force -quiet
create_ip_run [get_files -of_objects [get_fileset sources_1] C:/Users/vladi/Documents/Travail/Formation_AJC-Expleo/Projet/PL/Soc_Tracking.srcs/sources_1/bd/Soc_Tracking/Soc_Tracking.bd]
launch_runs Soc_Tracking_processing_system7_0_0_synth_1 Soc_Tracking_xbar_0_synth_1 Soc_Tracking_DMA24bUnit_mm2s_0_0_synth_1 Soc_Tracking_DMA_controller_0_0_synth_1 Soc_Tracking_auto_pc_1_synth_1 Soc_Tracking_auto_us_0_synth_1 Soc_Tracking_auto_ds_0_synth_1 Soc_Tracking_auto_pc_0_synth_1 -jobs 8
[Tue Sep  8 12:18:33 2026] Launched Soc_Tracking_processing_system7_0_0_synth_1, Soc_Tracking_xbar_0_synth_1, Soc_Tracking_DMA24bUnit_mm2s_0_0_synth_1, Soc_Tracking_DMA_controller_0_0_synth_1, Soc_Tracking_auto_pc_1_synth_1, Soc_Tracking_auto_us_0_synth_1, Soc_Tracking_auto_ds_0_synth_1, Soc_Tracking_auto_pc_0_synth_1...
Run output will be captured here:
Soc_Tracking_processing_system7_0_0_synth_1: C:/Users/vladi/Documents/Travail/Formation_AJC-Expleo/Projet/PL/Soc_Tracking.runs/Soc_Tracking_processing_system7_0_0_synth_1/runme.log
Soc_Tracking_xbar_0_synth_1: C:/Users/vladi/Documents/Travail/Formation_AJC-Expleo/Projet/PL/Soc_Tracking.runs/Soc_Tracking_xbar_0_synth_1/runme.log
Soc_Tracking_DMA24bUnit_mm2s_0_0_synth_1: C:/Users/vladi/Documents/Travail/Formation_AJC-Expleo/Projet/PL/Soc_Tracking.runs/Soc_Tracking_DMA24bUnit_mm2s_0_0_synth_1/runme.log
Soc_Tracking_DMA_controller_0_0_synth_1: C:/Users/vladi/Documents/Travail/Formation_AJC-Expleo/Projet/PL/Soc_Tracking.runs/Soc_Tracking_DMA_controller_0_0_synth_1/runme.log
Soc_Tracking_auto_pc_1_synth_1: C:/Users/vladi/Documents/Travail/Formation_AJC-Expleo/Projet/PL/Soc_Tracking.runs/Soc_Tracking_auto_pc_1_synth_1/runme.log
Soc_Tracking_auto_us_0_synth_1: C:/Users/vladi/Documents/Travail/Formation_AJC-Expleo/Projet/PL/Soc_Tracking.runs/Soc_Tracking_auto_us_0_synth_1/runme.log
Soc_Tracking_auto_ds_0_synth_1: C:/Users/vladi/Documents/Travail/Formation_AJC-Expleo/Projet/PL/Soc_Tracking.runs/Soc_Tracking_auto_ds_0_synth_1/runme.log
Soc_Tracking_auto_pc_0_synth_1: C:/Users/vladi/Documents/Travail/Formation_AJC-Expleo/Projet/PL/Soc_Tracking.runs/Soc_Tracking_auto_pc_0_synth_1/runme.log
export_simulation -of_objects [get_files C:/Users/vladi/Documents/Travail/Formation_AJC-Expleo/Projet/PL/Soc_Tracking.srcs/sources_1/bd/Soc_Tracking/Soc_Tracking.bd] -directory C:/Users/vladi/Documents/Travail/Formation_AJC-Expleo/Projet/PL/Soc_Tracking.ip_user_files/sim_scripts -ip_user_files_dir C:/Users/vladi/Documents/Travail/Formation_AJC-Expleo/Projet/PL/Soc_Tracking.ip_user_files -ipstatic_source_dir C:/Users/vladi/Documents/Travail/Formation_AJC-Expleo/Projet/PL/Soc_Tracking.ip_user_files/ipstatic -lib_map_path [list {modelsim=C:/Users/vladi/Documents/Travail/Formation_AJC-Expleo/Projet/PL/Soc_Tracking.cache/compile_simlib/modelsim} {questa=C:/Users/vladi/Documents/Travail/Formation_AJC-Expleo/Projet/PL/Soc_Tracking.cache/compile_simlib/questa} {riviera=C:/Users/vladi/Documents/Travail/Formation_AJC-Expleo/Projet/PL/Soc_Tracking.cache/compile_simlib/riviera} {activehdl=C:/Users/vladi/Documents/Travail/Formation_AJC-Expleo/Projet/PL/Soc_Tracking.cache/compile_simlib/activehdl}] -use_ip_compiled_libs -force -quiet
launch_simulation -simset [get_filesets sim_2 ]
Command: launch_simulation -simset sim_2
INFO: [Vivado 12-5698] Checking validity of IPs in the design for the 'XSim' simulator...
INFO: [Vivado 12-5682] Launching behavioral simulation in 'C:/Users/vladi/Documents/Travail/Formation_AJC-Expleo/Projet/PL/Soc_Tracking.sim/sim_2/behav/xsim'
INFO: [Vivado 12-4795] Using compiled simulation libraries for IPs
INFO: [SIM-utils-51] Simulation object is 'sim_2'
INFO: [USF-XSim-7] Finding pre-compiled libraries...
INFO: [USF-XSim-11] File 'E:/Xilinx/Vivado/2020.2/data/xsim/xsim.ini' copied to run dir:'C:/Users/vladi/Documents/Travail/Formation_AJC-Expleo/Projet/PL/Soc_Tracking.sim/sim_2/behav/xsim'
INFO: [SIM-utils-54] Inspecting design source files for 'tb_dma_vga' in fileset 'sim_2'...
INFO: [USF-XSim-97] Finding global include files...
INFO: [USF-XSim-98] Fetching design files from 'sim_2'...
INFO: [USF-XSim-2] XSim::Compile design
INFO: [USF-XSim-61] Executing 'COMPILE and ANALYZE' step in 'C:/Users/vladi/Documents/Travail/Formation_AJC-Expleo/Projet/PL/Soc_Tracking.sim/sim_2/behav/xsim'
"xvlog --incr --relax -L uvm -L axi_vip_v1_1_8 -L processing_system7_vip_v1_0_10 -L xilinx_vip -prj tb_dma_vga_vlog.prj"
INFO: [VRFC 10-2263] Analyzing Verilog file "C:/Users/vladi/Documents/Travail/Formation_AJC-Expleo/Projet/PL/Soc_Tracking.ip_user_files/bd/Soc_Tracking/ip/Soc_Tracking_processing_system7_0_0/sim/Soc_Tracking_processing_system7_0_0.v" into library xil_defaultlib
INFO: [VRFC 10-311] analyzing module Soc_Tracking_processing_system7_0_0
INFO: [VRFC 10-2263] Analyzing Verilog file "C:/Users/vladi/Documents/Travail/Formation_AJC-Expleo/Projet/PL/Soc_Tracking.ip_user_files/bd/Soc_Tracking/ip/Soc_Tracking_xbar_0/sim/Soc_Tracking_xbar_0.v" into library xil_defaultlib
INFO: [VRFC 10-311] analyzing module Soc_Tracking_xbar_0
INFO: [VRFC 10-2263] Analyzing Verilog file "C:/Users/vladi/Documents/Travail/Formation_AJC-Expleo/Projet/PL/Soc_Tracking.ip_user_files/bd/Soc_Tracking/ip/Soc_Tracking_auto_pc_1/sim/Soc_Tracking_auto_pc_1.v" into library xil_defaultlib
INFO: [VRFC 10-311] analyzing module Soc_Tracking_auto_pc_1
INFO: [VRFC 10-2263] Analyzing Verilog file "C:/Users/vladi/Documents/Travail/Formation_AJC-Expleo/Projet/PL/Soc_Tracking.ip_user_files/bd/Soc_Tracking/ip/Soc_Tracking_auto_us_0/sim/Soc_Tracking_auto_us_0.v" into library xil_defaultlib
INFO: [VRFC 10-311] analyzing module Soc_Tracking_auto_us_0
INFO: [VRFC 10-2263] Analyzing Verilog file "C:/Users/vladi/Documents/Travail/Formation_AJC-Expleo/Projet/PL/Soc_Tracking.ip_user_files/bd/Soc_Tracking/ip/Soc_Tracking_auto_ds_0/sim/Soc_Tracking_auto_ds_0.v" into library xil_defaultlib
INFO: [VRFC 10-311] analyzing module Soc_Tracking_auto_ds_0
INFO: [VRFC 10-2263] Analyzing Verilog file "C:/Users/vladi/Documents/Travail/Formation_AJC-Expleo/Projet/PL/Soc_Tracking.ip_user_files/bd/Soc_Tracking/ip/Soc_Tracking_auto_pc_0/sim/Soc_Tracking_auto_pc_0.v" into library xil_defaultlib
INFO: [VRFC 10-311] analyzing module Soc_Tracking_auto_pc_0
"xvhdl --incr --relax -prj tb_dma_vga_vhdl.prj"
INFO: [VRFC 10-163] Analyzing VHDL file "C:/Users/vladi/Documents/Travail/Formation_AJC-Expleo/Projet/PL/Soc_Tracking.ip_user_files/bd/Soc_Tracking/ipshared/5783/src/DMA_controller.vhd" into library xil_defaultlib
INFO: [VRFC 10-3107] analyzing entity 'DMA_controller'
INFO: [VRFC 10-163] Analyzing VHDL file "C:/Users/vladi/Documents/Travail/Formation_AJC-Expleo/Projet/PL/Soc_Tracking.ip_user_files/bd/Soc_Tracking/ip/Soc_Tracking_DMA_controller_0_0/sim/Soc_Tracking_DMA_controller_0_0.vhd" into library xil_defaultlib
INFO: [VRFC 10-3107] analyzing entity 'Soc_Tracking_DMA_controller_0_0'
INFO: [VRFC 10-163] Analyzing VHDL file "C:/Users/vladi/Documents/Travail/Formation_AJC-Expleo/Projet/PL/Soc_Tracking.ip_user_files/bd/Soc_Tracking/sim/Soc_Tracking.vhd" into library xil_defaultlib
INFO: [VRFC 10-3107] analyzing entity 'm00_couplers_imp_LIW5QW'
INFO: [VRFC 10-3107] analyzing entity 's00_couplers_imp_MEXH3F'
INFO: [VRFC 10-3107] analyzing entity 's01_couplers_imp_JXZ18R'
INFO: [VRFC 10-3107] analyzing entity 'Soc_Tracking_ps7_0_axi_periph_0'
INFO: [VRFC 10-3107] analyzing entity 'Soc_Tracking'
INFO: [VRFC 10-163] Analyzing VHDL file "C:/Users/vladi/Documents/Travail/Formation_AJC-Expleo/Projet/PL/Soc_Tracking.gen/sources_1/bd/Soc_Tracking/hdl/Soc_Tracking_wrapper.vhd" into library xil_defaultlib
INFO: [VRFC 10-3107] analyzing entity 'Soc_Tracking_wrapper'
INFO: [USF-XSim-69] 'compile' step finished in '4' seconds
INFO: [USF-XSim-3] XSim::Elaborate design
INFO: [USF-XSim-61] Executing 'ELABORATE' step in 'C:/Users/vladi/Documents/Travail/Formation_AJC-Expleo/Projet/PL/Soc_Tracking.sim/sim_2/behav/xsim'
"xelab -wto 74048056a3674799b78154eeed3124fa --incr --debug typical --relax --mt 2 -L xil_defaultlib -L axi_infrastructure_v1_1_0 -L axi_vip_v1_1_8 -L processing_system7_vip_v1_0_10 -L generic_baseblocks_v2_1_0 -L axi_register_slice_v2_1_22 -L fifo_generator_v13_2_5 -L axi_data_fifo_v2_1_21 -L axi_crossbar_v2_1_23 -L axi_protocol_converter_v2_1_22 -L axi_clock_converter_v2_1_21 -L blk_mem_gen_v8_4_4 -L axi_dwidth_converter_v2_1_22 -L lib_cdc_v1_0_2 -L proc_sys_reset_v5_0_13 -L uvm -L xilinx_vip -L unisims_ver -L unimacro_ver -L secureip -L xpm --snapshot tb_dma_vga_behav xil_defaultlib.tb_dma_vga xil_defaultlib.glbl -log elaborate.log"
Vivado Simulator 2020.2
Copyright 1986-1999, 2001-2020 Xilinx, Inc. All Rights Reserved.
Running: E:/Xilinx/Vivado/2020.2/bin/unwrapped/win64.o/xelab.exe -wto 74048056a3674799b78154eeed3124fa --incr --debug typical --relax --mt 2 -L xil_defaultlib -L axi_infrastructure_v1_1_0 -L axi_vip_v1_1_8 -L processing_system7_vip_v1_0_10 -L generic_baseblocks_v2_1_0 -L axi_register_slice_v2_1_22 -L fifo_generator_v13_2_5 -L axi_data_fifo_v2_1_21 -L axi_crossbar_v2_1_23 -L axi_protocol_converter_v2_1_22 -L axi_clock_converter_v2_1_21 -L blk_mem_gen_v8_4_4 -L axi_dwidth_converter_v2_1_22 -L lib_cdc_v1_0_2 -L proc_sys_reset_v5_0_13 -L uvm -L xilinx_vip -L unisims_ver -L unimacro_ver -L secureip -L xpm --snapshot tb_dma_vga_behav xil_defaultlib.tb_dma_vga xil_defaultlib.glbl -log elaborate.log 
Using 2 slave threads.
Starting static elaboration
Pass Through NonSizing Optimizer
WARNING: [VRFC 10-4969] module 'processing_system7_vip_v1_0_10_arb_wr' is instantiated multiple times from VHDL or from both Verilog and VHDL, elaboration result may be incorrect [/wrk/ci/prod/2020.2/sw/continuous/733/packages/customer/vivado/data/ip/xilinx/processing_system7_vip_v1_0/hdl/processing_system7_vip_v1_0_vl_rfs.sv:11]
WARNING: [VRFC 10-3091] actual bit length 128 differs from formal bit length 64 for port 'WR_DATA_STRB' [/scratch/proj/xbuilds/SWIP/2020.2_1118_1232/infra/XSIM/lin/.cxl.ip/incl/processing_system7_vip_v1_0_10_axi_gp.v:208]
WARNING: [VRFC 10-3091] actual bit length 12 differs from formal bit length 6 for port 'm_axi_bid' [/wrk/ci/prod/2020.2/sw/continuous/733/packages/customer/vivado/data/ip/xilinx/processing_system7_vip_v1_0/hdl/processing_system7_vip_v1_0_vl_rfs.sv:5546]
WARNING: [VRFC 10-3091] actual bit length 12 differs from formal bit length 6 for port 'm_axi_rid' [/wrk/ci/prod/2020.2/sw/continuous/733/packages/customer/vivado/data/ip/xilinx/processing_system7_vip_v1_0/hdl/processing_system7_vip_v1_0_vl_rfs.sv:5564]
WARNING: [VRFC 10-3091] actual bit length 128 differs from formal bit length 64 for port 'WR_DATA_STRB' [/scratch/proj/xbuilds/SWIP/2020.2_1118_1232/infra/XSIM/lin/.cxl.ip/incl/processing_system7_vip_v1_0_10_axi_gp.v:292]
WARNING: [VRFC 10-3091] actual bit length 8 differs from formal bit length 9 for port 'WR_BYTES' [/scratch/proj/xbuilds/SWIP/2020.2_1118_1232/infra/XSIM/lin/.cxl.ip/incl/processing_system7_vip_v1_0_10_axi_hp.v:80]
WARNING: [VRFC 10-3091] actual bit length 8 differs from formal bit length 9 for port 'RD_BYTES' [/scratch/proj/xbuilds/SWIP/2020.2_1118_1232/infra/XSIM/lin/.cxl.ip/incl/processing_system7_vip_v1_0_10_axi_hp.v:89]
WARNING: [VRFC 10-3091] actual bit length 12 differs from formal bit length 6 for port 'm_axi_bid' [/wrk/ci/prod/2020.2/sw/continuous/733/packages/customer/vivado/data/ip/xilinx/processing_system7_vip_v1_0/hdl/processing_system7_vip_v1_0_vl_rfs.sv:10256]
WARNING: [VRFC 10-3091] actual bit length 12 differs from formal bit length 6 for port 'm_axi_rid' [/wrk/ci/prod/2020.2/sw/continuous/733/packages/customer/vivado/data/ip/xilinx/processing_system7_vip_v1_0/hdl/processing_system7_vip_v1_0_vl_rfs.sv:10274]
WARNING: [VRFC 10-3091] actual bit length 32 differs from formal bit length 64 for port 'm_axi_rdata' [/wrk/ci/prod/2020.2/sw/continuous/733/packages/customer/vivado/data/ip/xilinx/processing_system7_vip_v1_0/hdl/processing_system7_vip_v1_0_vl_rfs.sv:10275]
WARNING: [VRFC 10-3091] actual bit length 8 differs from formal bit length 9 for port 'WR_BYTES' [/scratch/proj/xbuilds/SWIP/2020.2_1118_1232/infra/XSIM/lin/.cxl.ip/incl/processing_system7_vip_v1_0_10_axi_hp.v:165]
WARNING: [VRFC 10-3091] actual bit length 8 differs from formal bit length 9 for port 'RD_BYTES' [/scratch/proj/xbuilds/SWIP/2020.2_1118_1232/infra/XSIM/lin/.cxl.ip/incl/processing_system7_vip_v1_0_10_axi_hp.v:174]
WARNING: [VRFC 10-3091] actual bit length 8 differs from formal bit length 9 for port 'WR_BYTES' [/scratch/proj/xbuilds/SWIP/2020.2_1118_1232/infra/XSIM/lin/.cxl.ip/incl/processing_system7_vip_v1_0_10_axi_hp.v:251]
WARNING: [VRFC 10-3091] actual bit length 8 differs from formal bit length 9 for port 'RD_BYTES' [/scratch/proj/xbuilds/SWIP/2020.2_1118_1232/infra/XSIM/lin/.cxl.ip/incl/processing_system7_vip_v1_0_10_axi_hp.v:260]
WARNING: [VRFC 10-3091] actual bit length 8 differs from formal bit length 9 for port 'WR_BYTES' [/scratch/proj/xbuilds/SWIP/2020.2_1118_1232/infra/XSIM/lin/.cxl.ip/incl/processing_system7_vip_v1_0_10_axi_hp.v:337]
WARNING: [VRFC 10-3091] actual bit length 8 differs from formal bit length 9 for port 'RD_BYTES' [/scratch/proj/xbuilds/SWIP/2020.2_1118_1232/infra/XSIM/lin/.cxl.ip/incl/processing_system7_vip_v1_0_10_axi_hp.v:346]
WARNING: [VRFC 10-3091] actual bit length 12 differs from formal bit length 3 for port 'm_axi_bid' [/wrk/ci/prod/2020.2/sw/continuous/733/packages/customer/vivado/data/ip/xilinx/processing_system7_vip_v1_0/hdl/processing_system7_vip_v1_0_vl_rfs.sv:7157]
WARNING: [VRFC 10-3091] actual bit length 12 differs from formal bit length 3 for port 'm_axi_rid' [/wrk/ci/prod/2020.2/sw/continuous/733/packages/customer/vivado/data/ip/xilinx/processing_system7_vip_v1_0/hdl/processing_system7_vip_v1_0_vl_rfs.sv:7175]
WARNING: [VRFC 10-3091] actual bit length 32 differs from formal bit length 64 for port 'm_axi_rdata' [/wrk/ci/prod/2020.2/sw/continuous/733/packages/customer/vivado/data/ip/xilinx/processing_system7_vip_v1_0/hdl/processing_system7_vip_v1_0_vl_rfs.sv:7176]
WARNING: [VRFC 10-5021] port 'ENET0_GMII_RXD' is not connected on this instance [C:/Users/vladi/Documents/Travail/Formation_AJC-Expleo/Projet/PL/Soc_Tracking.ip_user_files/bd/Soc_Tracking/ip/Soc_Tracking_processing_system7_0_0/sim/Soc_Tracking_processing_system7_0_0.v:283]
WARNING: [VRFC 10-3027] 'ocm_wr_strb_port0' was previously declared with a different range [/wrk/ci/prod/2020.2/sw/continuous/733/packages/customer/vivado/data/ip/xilinx/processing_system7_vip_v1_0/hdl/processing_system7_vip_v1_0_vl_rfs.sv:3809]
WARNING: [VRFC 10-5021] port 'aclk2x' is not connected on this instance [/wrk/ci/prod/2020.2/sw/continuous/733/packages/customer/vivado/data/ip/xilinx/axi_dwidth_converter_v2_1/hdl/axi_dwidth_converter_v2_1_vl_rfs.v:13138]
WARNING: [VRFC 10-5021] port 'aclk2x' is not connected on this instance [/wrk/ci/prod/2020.2/sw/continuous/733/packages/customer/vivado/data/ip/xilinx/axi_dwidth_converter_v2_1/hdl/axi_dwidth_converter_v2_1_vl_rfs.v:14235]
WARNING: [VRFC 10-5021] port 'aclk2x' is not connected on this instance [/wrk/ci/prod/2020.2/sw/continuous/733/packages/customer/vivado/data/ip/xilinx/axi_crossbar_v2_1/hdl/axi_crossbar_v2_1_vl_rfs.v:3103]
WARNING: [VRFC 10-3705] select index 64 into 'wrp_strb' is out of bounds [/wrk/ci/prod/2020.2/sw/continuous/733/packages/customer/vivado/data/ip/xilinx/processing_system7_vip_v1_0/hdl/processing_system7_vip_v1_0_vl_rfs.sv:6134]
WARNING: [VRFC 10-3705] select index 128 into 'wrp_strb' is out of bounds [/wrk/ci/prod/2020.2/sw/continuous/733/packages/customer/vivado/data/ip/xilinx/processing_system7_vip_v1_0/hdl/processing_system7_vip_v1_0_vl_rfs.sv:10898]
WARNING: [VRFC 10-3705] select index 128 into 'wrp_strb' is out of bounds [/wrk/ci/prod/2020.2/sw/continuous/733/packages/customer/vivado/data/ip/xilinx/processing_system7_vip_v1_0/hdl/processing_system7_vip_v1_0_vl_rfs.sv:7772]
WARNING: [VRFC 10-3705] select index 4 into 'wr_fifo_rd_ptr' is out of bounds [/wrk/ci/prod/2020.2/sw/continuous/733/packages/customer/vivado/data/ip/xilinx/processing_system7_vip_v1_0/hdl/processing_system7_vip_v1_0_vl_rfs.sv:7985]
WARNING: [VRFC 10-3705] select index 4 into 'ar_cnt' is out of bounds [/wrk/ci/prod/2020.2/sw/continuous/733/packages/customer/vivado/data/ip/xilinx/processing_system7_vip_v1_0/hdl/processing_system7_vip_v1_0_vl_rfs.sv:8124]
WARNING: [VRFC 10-3705] select index 4 into 'wr_rresp_cnt' is out of bounds [/wrk/ci/prod/2020.2/sw/continuous/733/packages/customer/vivado/data/ip/xilinx/processing_system7_vip_v1_0/hdl/processing_system7_vip_v1_0_vl_rfs.sv:8221]
WARNING: [VRFC 10-3705] select index 4 into 'rd_fifo_wr_ptr' is out of bounds [/wrk/ci/prod/2020.2/sw/continuous/733/packages/customer/vivado/data/ip/xilinx/processing_system7_vip_v1_0/hdl/processing_system7_vip_v1_0_vl_rfs.sv:8240]
WARNING: [VRFC 10-3705] select index 4 into 'rd_cnt' is out of bounds [/wrk/ci/prod/2020.2/sw/continuous/733/packages/customer/vivado/data/ip/xilinx/processing_system7_vip_v1_0/hdl/processing_system7_vip_v1_0_vl_rfs.sv:8381]
WARNING: [VRFC 10-3705] select index 4 into 'rresp_time_cnt' is out of bounds [/wrk/ci/prod/2020.2/sw/continuous/733/packages/customer/vivado/data/ip/xilinx/processing_system7_vip_v1_0/hdl/processing_system7_vip_v1_0_vl_rfs.sv:8386]
WARNING: [VRFC 10-3705] select index 4 into 'rd_fifo_rd_ptr' is out of bounds [/wrk/ci/prod/2020.2/sw/continuous/733/packages/customer/vivado/data/ip/xilinx/processing_system7_vip_v1_0/hdl/processing_system7_vip_v1_0_vl_rfs.sv:8391]
WARNING: [VRFC 10-3705] select index 2 into 'g7s_cc_rst_nsckt.arst_sync_wr' is out of bounds [/wrk/ci/prod/2020.2/sw/continuous/733/packages/customer/vivado/data/ip/xilinx/fifo_generator_v13_2/simulation/fifo_generator_vlog_beh.v:4830]
Completed static elaboration
Starting simulation data flow analysis
Completed simulation data flow analysis
Time Resolution for simulation is 1ps
Compiling package std.standard
Compiling package std.textio
Compiling package ieee.std_logic_1164
Compiling package ieee.numeric_std
Compiling package unisim.vcomponents
Compiling package ieee.std_logic_arith
Compiling package ieee.std_logic_unsigned
Compiling package vl.vl_types
Compiling package ieee.vital_timing
Compiling package ieee.vital_primitives
Compiling package unisim.vpkg
Compiling package synopsys.attributes
Compiling package ieee.std_logic_misc
Compiling module xil_defaultlib.glbl
Compiling architecture behav of entity xil_defaultlib.DMA24bUnit_mm2s_gmem_m_axi_throttl [\DMA24bUnit_mm2s_gmem_m_axi_thro...]
Compiling architecture behave of entity xil_defaultlib.DMA24bUnit_mm2s_gmem_m_axi_fifo [\DMA24bUnit_mm2s_gmem_m_axi_fifo...]
Compiling architecture behave of entity xil_defaultlib.DMA24bUnit_mm2s_gmem_m_axi_reg_slice [\DMA24bUnit_mm2s_gmem_m_axi_reg_...]
Compiling architecture behave of entity xil_defaultlib.DMA24bUnit_mm2s_gmem_m_axi_fifo [\DMA24bUnit_mm2s_gmem_m_axi_fifo...]
Compiling architecture arch of entity xil_defaultlib.DMA24bUnit_mm2s_gmem_m_axi_buffer [\DMA24bUnit_mm2s_gmem_m_axi_buff...]
Compiling architecture behave of entity xil_defaultlib.DMA24bUnit_mm2s_gmem_m_axi_fifo [\DMA24bUnit_mm2s_gmem_m_axi_fifo...]
Compiling architecture behave of entity xil_defaultlib.DMA24bUnit_mm2s_gmem_m_axi_fifo [\DMA24bUnit_mm2s_gmem_m_axi_fifo...]
Compiling architecture behave of entity xil_defaultlib.DMA24bUnit_mm2s_gmem_m_axi_write [\DMA24bUnit_mm2s_gmem_m_axi_writ...]
Compiling architecture arch of entity xil_defaultlib.DMA24bUnit_mm2s_gmem_m_axi_buffer [\DMA24bUnit_mm2s_gmem_m_axi_buff...]
Compiling architecture behave of entity xil_defaultlib.DMA24bUnit_mm2s_gmem_m_axi_reg_slice [\DMA24bUnit_mm2s_gmem_m_axi_reg_...]
Compiling architecture behave of entity xil_defaultlib.DMA24bUnit_mm2s_gmem_m_axi_read [\DMA24bUnit_mm2s_gmem_m_axi_read...]
Compiling architecture behave of entity xil_defaultlib.DMA24bUnit_mm2s_gmem_m_axi [\DMA24bUnit_mm2s_gmem_m_axi(num_...]
Compiling architecture behav of entity xil_defaultlib.DMA24bUnit_mm2s_mul_mul_11s_13ns_24_4_1_DSP48_0 [dma24bunit_mm2s_mul_mul_11s_13ns...]
Compiling architecture arch of entity xil_defaultlib.DMA24bUnit_mm2s_mul_mul_11s_13ns_24_4_1 [\DMA24bUnit_mm2s_mul_mul_11s_13n...]
Compiling architecture behav of entity xil_defaultlib.DMA24bUnit_mm2s_DMA24b_mm2s_fetch [dma24bunit_mm2s_dma24b_mm2s_fetc...]
Compiling architecture behav of entity xil_defaultlib.DMA24bUnit_mm2s_mul_mul_12ns_8ns_20_4_1_DSP48_1 [dma24bunit_mm2s_mul_mul_12ns_8ns...]
Compiling architecture arch of entity xil_defaultlib.DMA24bUnit_mm2s_mul_mul_12ns_8ns_20_4_1 [\DMA24bUnit_mm2s_mul_mul_12ns_8n...]
Compiling architecture behav of entity xil_defaultlib.DMA24bUnit_mm2s_DMA24b_mm2s_streamout [dma24bunit_mm2s_dma24b_mm2s_stre...]
Compiling architecture arch of entity xil_defaultlib.DMA24bUnit_mm2s_fifo_w128_d256_A_ram [dma24bunit_mm2s_fifo_w128_d256_a...]
Compiling architecture arch of entity xil_defaultlib.DMA24bUnit_mm2s_fifo_w128_d256_A [dma24bunit_mm2s_fifo_w128_d256_a...]
Compiling architecture rtl of entity xil_defaultlib.DMA24bUnit_mm2s_fifo_w12_d2_S_shiftReg [dma24bunit_mm2s_fifo_w12_d2_s_sh...]
Compiling architecture rtl of entity xil_defaultlib.DMA24bUnit_mm2s_fifo_w12_d2_S [\DMA24bUnit_mm2s_fifo_w12_d2_S(1...]
Compiling architecture rtl of entity xil_defaultlib.DMA24bUnit_mm2s_start_for_DMA24b_mm2s_streamout_U0_shiftReg [dma24bunit_mm2s_start_for_dma24b...]
Compiling architecture rtl of entity xil_defaultlib.DMA24bUnit_mm2s_start_for_DMA24b_mm2s_streamout_U0 [\DMA24bUnit_mm2s_start_for_DMA24...]
Compiling architecture behav of entity xil_defaultlib.DMA24bUnit_mm2s_DMA24b_mm2s [dma24bunit_mm2s_dma24b_mm2s_defa...]
Compiling architecture behav of entity xil_defaultlib.DMA24bUnit_mm2s_regslice_both [\DMA24bUnit_mm2s_regslice_both(d...]
Compiling architecture behav of entity xil_defaultlib.DMA24bUnit_mm2s_regslice_both [\DMA24bUnit_mm2s_regslice_both(d...]
Compiling architecture behav of entity xil_defaultlib.DMA24bUnit_mm2s_regslice_both [\DMA24bUnit_mm2s_regslice_both(d...]
Compiling architecture behav of entity xil_defaultlib.DMA24bUnit_mm2s [dma24bunit_mm2s_default]
Compiling architecture soc_tracking_dma24bunit_mm2s_0_0_arch of entity xil_defaultlib.Soc_Tracking_DMA24bUnit_mm2s_0_0 [soc_tracking_dma24bunit_mm2s_0_0...]
Compiling architecture behavioral of entity xil_defaultlib.DMA_controller [dma_controller_default]
Compiling architecture soc_tracking_dma_controller_0_0_arch of entity xil_defaultlib.Soc_Tracking_DMA_controller_0_0 [soc_tracking_dma_controller_0_0_...]
Compiling architecture behavioral of entity xil_defaultlib.VGA_controller [vga_controller_default]
Compiling architecture soc_tracking_vga_controller_0_0_arch of entity xil_defaultlib.Soc_Tracking_VGA_controller_0_0 [soc_tracking_vga_controller_0_0_...]
Compiling module processing_system7_vip_v1_0_10.processing_system7_vip_v1_0_10_g...
Compiling module processing_system7_vip_v1_0_10.processing_system7_vip_v1_0_10_g...
Compiling module processing_system7_vip_v1_0_10.processing_system7_vip_v1_0_10_a...
Compiling module processing_system7_vip_v1_0_10.processing_system7_vip_v1_0_10_a...
Compiling module processing_system7_vip_v1_0_10.processing_system7_vip_v1_0_10_f...
Compiling module processing_system7_vip_v1_0_10.processing_system7_vip_v1_0_10_a...
Compiling module processing_system7_vip_v1_0_10.processing_system7_vip_v1_0_10_a...
Compiling module processing_system7_vip_v1_0_10.processing_system7_vip_v1_0_10_a...
Compiling module processing_system7_vip_v1_0_10.processing_system7_vip_v1_0_10_a...
Compiling module processing_system7_vip_v1_0_10.processing_system7_vip_v1_0_10_s...
Compiling module processing_system7_vip_v1_0_10.processing_system7_vip_v1_0_10_i...
Compiling module processing_system7_vip_v1_0_10.processing_system7_vip_v1_0_10_s...
Compiling module processing_system7_vip_v1_0_10.processing_system7_vip_v1_0_10_d...
Compiling module processing_system7_vip_v1_0_10.processing_system7_vip_v1_0_10_o...
Compiling module processing_system7_vip_v1_0_10.processing_system7_vip_v1_0_10_o...
Compiling module processing_system7_vip_v1_0_10.processing_system7_vip_v1_0_10_r...
Compiling module processing_system7_vip_v1_0_10.processing_system7_vip_v1_0_10_r...
Compiling module xilinx_vip.axi_vip_axi4pc(WDATA_WIDTH=32,RD...
Compiling module xilinx_vip.cb
Compiling module xilinx_vip.axi_vip_if(C_AXI_PROTOCOL=1,C_AX...
Compiling module axi_vip_v1_1_8.axi_vip_v1_1_8_top(C_AXI_PROTOCO...
Compiling module processing_system7_vip_v1_0_10.processing_system7_vip_v1_0_10_a...
Compiling module processing_system7_vip_v1_0_10.processing_system7_vip_v1_0_10_a...
Compiling module xilinx_vip.axi_vip_axi4pc(WDATA_WIDTH=32,RD...
Compiling module xilinx_vip.cb
Compiling module xilinx_vip.axi_vip_if(C_AXI_PROTOCOL=1,C_AX...
Compiling module axi_vip_v1_1_8.axi_vip_v1_1_8_top(C_AXI_PROTOCO...
WARNING: [VRFC 10-3705] select index 64 into 'wrp_strb' is out of bounds [/wrk/ci/prod/2020.2/sw/continuous/733/packages/customer/vivado/data/ip/xilinx/processing_system7_vip_v1_0/hdl/processing_system7_vip_v1_0_vl_rfs.sv:6134]
Compiling module processing_system7_vip_v1_0_10.processing_system7_vip_v1_0_10_a...
Compiling module processing_system7_vip_v1_0_10.processing_system7_vip_v1_0_10_a...
Compiling module xilinx_vip.axi_vip_axi4pc(PROTOCOL=1,RID_WI...
Compiling module xilinx_vip.cb
Compiling module xilinx_vip.axi_vip_if(C_AXI_PROTOCOL=1,C_AX...
Compiling module axi_vip_v1_1_8.axi_vip_v1_1_8_top(C_AXI_PROTOCO...
Compiling module processing_system7_vip_v1_0_10.processing_system7_vip_v1_0_10_i...
WARNING: [VRFC 10-3705] select index 128 into 'wrp_strb' is out of bounds [/wrk/ci/prod/2020.2/sw/continuous/733/packages/customer/vivado/data/ip/xilinx/processing_system7_vip_v1_0/hdl/processing_system7_vip_v1_0_vl_rfs.sv:10898]
Compiling module processing_system7_vip_v1_0_10.processing_system7_vip_v1_0_10_a...
Compiling module processing_system7_vip_v1_0_10.processing_system7_vip_v1_0_10_a...
Compiling module processing_system7_vip_v1_0_10.processing_system7_vip_v1_0_10_a...
Compiling module processing_system7_vip_v1_0_10.processing_system7_vip_v1_0_10_a...
Compiling module xilinx_vip.axi_vip_axi4pc(PROTOCOL=1,RID_WI...
Compiling module xilinx_vip.cb
Compiling module xilinx_vip.axi_vip_if(C_AXI_PROTOCOL=1,C_AX...
Compiling module axi_vip_v1_1_8.axi_vip_v1_1_8_top(C_AXI_PROTOCO...
WARNING: [VRFC 10-3705] select index 128 into 'wrp_strb' is out of bounds [/wrk/ci/prod/2020.2/sw/continuous/733/packages/customer/vivado/data/ip/xilinx/processing_system7_vip_v1_0/hdl/processing_system7_vip_v1_0_vl_rfs.sv:7772]
WARNING: [VRFC 10-3705] select index 4 into 'wr_fifo_rd_ptr' is out of bounds [/wrk/ci/prod/2020.2/sw/continuous/733/packages/customer/vivado/data/ip/xilinx/processing_system7_vip_v1_0/hdl/processing_system7_vip_v1_0_vl_rfs.sv:7985]
WARNING: [VRFC 10-3705] select index 4 into 'ar_cnt' is out of bounds [/wrk/ci/prod/2020.2/sw/continuous/733/packages/customer/vivado/data/ip/xilinx/processing_system7_vip_v1_0/hdl/processing_system7_vip_v1_0_vl_rfs.sv:8124]
WARNING: [VRFC 10-3705] select index 4 into 'wr_rresp_cnt' is out of bounds [/wrk/ci/prod/2020.2/sw/continuous/733/packages/customer/vivado/data/ip/xilinx/processing_system7_vip_v1_0/hdl/processing_system7_vip_v1_0_vl_rfs.sv:8221]
WARNING: [VRFC 10-3705] select index 4 into 'rd_fifo_wr_ptr' is out of bounds [/wrk/ci/prod/2020.2/sw/continuous/733/packages/customer/vivado/data/ip/xilinx/processing_system7_vip_v1_0/hdl/processing_system7_vip_v1_0_vl_rfs.sv:8240]
WARNING: [VRFC 10-3705] select index 4 into 'rd_cnt' is out of bounds [/wrk/ci/prod/2020.2/sw/continuous/733/packages/customer/vivado/data/ip/xilinx/processing_system7_vip_v1_0/hdl/processing_system7_vip_v1_0_vl_rfs.sv:8381]
WARNING: [VRFC 10-3705] select index 4 into 'rresp_time_cnt' is out of bounds [/wrk/ci/prod/2020.2/sw/continuous/733/packages/customer/vivado/data/ip/xilinx/processing_system7_vip_v1_0/hdl/processing_system7_vip_v1_0_vl_rfs.sv:8386]
WARNING: [VRFC 10-3705] select index 4 into 'rd_fifo_rd_ptr' is out of bounds [/wrk/ci/prod/2020.2/sw/continuous/733/packages/customer/vivado/data/ip/xilinx/processing_system7_vip_v1_0/hdl/processing_system7_vip_v1_0_vl_rfs.sv:8391]
Compiling module processing_system7_vip_v1_0_10.processing_system7_vip_v1_0_10_a...
Compiling module processing_system7_vip_v1_0_10.processing_system7_vip_v1_0_10(C...
Compiling module xil_defaultlib.Soc_Tracking_processing_system7_...
Compiling module fifo_generator_v13_2_5.fifo_generator_v13_2_5_bhv_ver_s...
Compiling module fifo_generator_v13_2_5.fifo_generator_v13_2_5_bhv_ver_p...
WARNING: [VRFC 10-3705] select index 2 into 'g7s_cc_rst_nsckt.arst_sync_wr' is out of bounds [/wrk/ci/prod/2020.2/sw/continuous/733/packages/customer/vivado/data/ip/xilinx/fifo_generator_v13_2/simulation/fifo_generator_vlog_beh.v:4830]
Compiling module fifo_generator_v13_2_5.fifo_generator_v13_2_5_CONV_VER(...
Compiling module fifo_generator_v13_2_5.fifo_generator_vlog_beh(C_COMMON...
Compiling module axi_data_fifo_v2_1_21.axi_data_fifo_v2_1_21_fifo_gen(C...
Compiling module axi_data_fifo_v2_1_21.axi_data_fifo_v2_1_21_axic_fifo(...
Compiling module fifo_generator_v13_2_5.fifo_generator_v13_2_5_bhv_ver_s...
Compiling module fifo_generator_v13_2_5.fifo_generator_v13_2_5_bhv_ver_p...
Compiling module fifo_generator_v13_2_5.fifo_generator_v13_2_5_CONV_VER(...
Compiling module fifo_generator_v13_2_5.fifo_generator_vlog_beh(C_COMMON...
Compiling module axi_data_fifo_v2_1_21.axi_data_fifo_v2_1_21_fifo_gen(C...
Compiling module axi_data_fifo_v2_1_21.axi_data_fifo_v2_1_21_axic_fifo(...
Compiling module axi_dwidth_converter_v2_1_22.axi_dwidth_converter_v2_1_22_a_d...
Compiling module axi_dwidth_converter_v2_1_22.axi_dwidth_converter_v2_1_22_w_d...
Compiling module axi_dwidth_converter_v2_1_22.axi_dwidth_converter_v2_1_22_b_d...
Compiling module axi_dwidth_converter_v2_1_22.axi_dwidth_converter_v2_1_22_a_d...
Compiling module axi_dwidth_converter_v2_1_22.axi_dwidth_converter_v2_1_22_r_d...
Compiling module axi_dwidth_converter_v2_1_22.axi_dwidth_converter_v2_1_22_axi...
Compiling module fifo_generator_v13_2_5.fifo_generator_v13_2_5_bhv_ver_s...
Compiling module fifo_generator_v13_2_5.fifo_generator_v13_2_5_bhv_ver_p...
Compiling module fifo_generator_v13_2_5.fifo_generator_v13_2_5_CONV_VER(...
Compiling module fifo_generator_v13_2_5.fifo_generator_vlog_beh(C_COMMON...
Compiling module axi_data_fifo_v2_1_21.axi_data_fifo_v2_1_21_fifo_gen(C...
Compiling module axi_data_fifo_v2_1_21.axi_data_fifo_v2_1_21_axic_fifo(...
Compiling module axi_protocol_converter_v2_1_22.axi_protocol_converter_v2_1_22_a...
Compiling module axi_protocol_converter_v2_1_22.axi_protocol_converter_v2_1_22_w...
Compiling module axi_protocol_converter_v2_1_22.axi_protocol_converter_v2_1_22_b...
Compiling module fifo_generator_v13_2_5.fifo_generator_v13_2_5_bhv_ver_s...
Compiling module fifo_generator_v13_2_5.fifo_generator_v13_2_5_bhv_ver_p...
Compiling module fifo_generator_v13_2_5.fifo_generator_v13_2_5_CONV_VER(...
Compiling module fifo_generator_v13_2_5.fifo_generator_vlog_beh(C_COMMON...
Compiling module axi_data_fifo_v2_1_21.axi_data_fifo_v2_1_21_fifo_gen(C...
Compiling module axi_data_fifo_v2_1_21.axi_data_fifo_v2_1_21_axic_fifo(...
Compiling module axi_protocol_converter_v2_1_22.axi_protocol_converter_v2_1_22_a...
Compiling module axi_protocol_converter_v2_1_22.axi_protocol_converter_v2_1_22_r...
Compiling module axi_protocol_converter_v2_1_22.axi_protocol_converter_v2_1_22_a...
Compiling module axi_protocol_converter_v2_1_22.axi_protocol_converter_v2_1_22_a...
Compiling module axi_dwidth_converter_v2_1_22.axi_dwidth_converter_v2_1_22_top...
Compiling module xil_defaultlib.Soc_Tracking_auto_ds_0
Compiling module axi_protocol_converter_v2_1_22.axi_protocol_converter_v2_1_22_a...
Compiling module axi_protocol_converter_v2_1_22.axi_protocol_converter_v2_1_22_w...
Compiling module axi_protocol_converter_v2_1_22.axi_protocol_converter_v2_1_22_a...
Compiling module axi_protocol_converter_v2_1_22.axi_protocol_converter_v2_1_22_a...
Compiling module xil_defaultlib.Soc_Tracking_auto_pc_0
Compiling architecture structure of entity xil_defaultlib.m00_couplers_imp_LIW5QW [m00_couplers_imp_liw5qw_default]
Compiling module axi_protocol_converter_v2_1_22.axi_protocol_converter_v2_1_22_a...
Compiling module xil_defaultlib.Soc_Tracking_auto_pc_1
Compiling module axi_infrastructure_v1_1_0.axi_infrastructure_v1_1_0_axi2ve...
Compiling module axi_infrastructure_v1_1_0.axi_infrastructure_v1_1_0_vector...
Compiling module axi_register_slice_v2_1_22.axi_register_slice_v2_1_22_axic_...
Compiling module axi_register_slice_v2_1_22.axi_register_slice_v2_1_22_axic_...
Compiling module axi_register_slice_v2_1_22.axi_register_slice_v2_1_22_axic_...
Compiling module axi_register_slice_v2_1_22.axi_register_slice_v2_1_22_axic_...
Compiling module axi_register_slice_v2_1_22.axi_register_slice_v2_1_22_axi_r...
Compiling module generic_baseblocks_v2_1_0.generic_baseblocks_v2_1_0_comman...
Compiling module generic_baseblocks_v2_1_0.generic_baseblocks_v2_1_0_comman...
Compiling module axi_dwidth_converter_v2_1_22.axi_dwidth_converter_v2_1_22_a_u...
Compiling module axi_dwidth_converter_v2_1_22.axi_dwidth_converter_v2_1_22_w_u...
Compiling module axi_dwidth_converter_v2_1_22.axi_dwidth_converter_v2_1_22_a_u...
Compiling module axi_dwidth_converter_v2_1_22.axi_dwidth_converter_v2_1_22_r_u...
Compiling module axi_infrastructure_v1_1_0.axi_infrastructure_v1_1_0_axi2ve...
Compiling module axi_infrastructure_v1_1_0.axi_infrastructure_v1_1_0_vector...
Compiling module axi_register_slice_v2_1_22.axi_register_slice_v2_1_22_axic_...
Compiling module axi_register_slice_v2_1_22.axi_register_slice_v2_1_22_axic_...
Compiling module axi_register_slice_v2_1_22.axi_register_slice_v2_1_22_axic_...
Compiling module axi_register_slice_v2_1_22.axi_register_slice_v2_1_22_axic_...
Compiling module axi_register_slice_v2_1_22.axi_register_slice_v2_1_22_axi_r...
Compiling module axi_dwidth_converter_v2_1_22.axi_dwidth_converter_v2_1_22_axi...
Compiling module axi_dwidth_converter_v2_1_22.axi_dwidth_converter_v2_1_22_top...
Compiling module xil_defaultlib.Soc_Tracking_auto_us_0
Compiling architecture structure of entity xil_defaultlib.s00_couplers_imp_MEXH3F [s00_couplers_imp_mexh3f_default]
Compiling architecture structure of entity xil_defaultlib.s01_couplers_imp_JXZ18R [s01_couplers_imp_jxz18r_default]
Compiling module generic_baseblocks_v2_1_0.generic_baseblocks_v2_1_0_carry_...
Compiling module generic_baseblocks_v2_1_0.generic_baseblocks_v2_1_0_compar...
Compiling module axi_crossbar_v2_1_23.axi_crossbar_v2_1_23_addr_decode...
Compiling module generic_baseblocks_v2_1_0.generic_baseblocks_v2_1_0_mux_en...
Compiling module unisims_ver.SRLC32E_default_1
Compiling module axi_data_fifo_v2_1_21.axi_data_fifo_v2_1_21_ndeep_srl(...
Compiling module axi_data_fifo_v2_1_21.axi_data_fifo_v2_1_21_axic_srl_f...
Compiling module axi_crossbar_v2_1_23.axi_crossbar_v2_1_23_si_transact...
Compiling module generic_baseblocks_v2_1_0.generic_baseblocks_v2_1_0_mux_en...
Compiling module axi_crossbar_v2_1_23.axi_crossbar_v2_1_23_si_transact...
Compiling module axi_crossbar_v2_1_23.axi_crossbar_v2_1_23_splitter
Compiling module unisims_ver.SRLC32E_default
Compiling module axi_data_fifo_v2_1_21.axi_data_fifo_v2_1_21_ndeep_srl(...
Compiling module axi_data_fifo_v2_1_21.axi_data_fifo_v2_1_21_axic_reg_s...
Compiling module axi_crossbar_v2_1_23.axi_crossbar_v2_1_23_wdata_route...
Compiling module axi_crossbar_v2_1_23.axi_crossbar_v2_1_23_arbiter_res...
Compiling module axi_data_fifo_v2_1_21.axi_data_fifo_v2_1_21_ndeep_srl(...
Compiling module axi_data_fifo_v2_1_21.axi_data_fifo_v2_1_21_axic_srl_f...
Compiling module axi_crossbar_v2_1_23.axi_crossbar_v2_1_23_si_transact...
Compiling module axi_crossbar_v2_1_23.axi_crossbar_v2_1_23_si_transact...
Compiling module axi_data_fifo_v2_1_21.axi_data_fifo_v2_1_21_axic_reg_s...
Compiling module axi_crossbar_v2_1_23.axi_crossbar_v2_1_23_wdata_route...
Compiling module axi_crossbar_v2_1_23.axi_crossbar_v2_1_23_addr_decode...
Compiling module axi_data_fifo_v2_1_21.axi_data_fifo_v2_1_21_axic_reg_s...
Compiling module generic_baseblocks_v2_1_0.generic_baseblocks_v2_1_0_mux_en...
Compiling module axi_crossbar_v2_1_23.axi_crossbar_v2_1_23_wdata_mux(C...
Compiling module axi_data_fifo_v2_1_21.axi_data_fifo_v2_1_21_axic_srl_f...
Compiling module axi_infrastructure_v1_1_0.axi_infrastructure_v1_1_0_axi2ve...
Compiling module axi_infrastructure_v1_1_0.axi_infrastructure_v1_1_0_vector...
Compiling module axi_register_slice_v2_1_22.axi_register_slice_v2_1_22_axic_...
Compiling module axi_register_slice_v2_1_22.axi_register_slice_v2_1_22_axic_...
Compiling module axi_register_slice_v2_1_22.axi_register_slice_v2_1_22_axic_...
Compiling module axi_register_slice_v2_1_22.axi_register_slice_v2_1_22_axic_...
Compiling module axi_register_slice_v2_1_22.axi_register_slice_v2_1_22_axi_r...
Compiling module axi_data_fifo_v2_1_21.axi_data_fifo_v2_1_21_axic_reg_s...
Compiling module axi_crossbar_v2_1_23.axi_crossbar_v2_1_23_wdata_mux(C...
Compiling module axi_data_fifo_v2_1_21.axi_data_fifo_v2_1_21_axic_srl_f...
Compiling module generic_baseblocks_v2_1_0.generic_baseblocks_v2_1_0_mux_en...
Compiling module generic_baseblocks_v2_1_0.generic_baseblocks_v2_1_0_mux_en...
Compiling module axi_crossbar_v2_1_23.axi_crossbar_v2_1_23_addr_arbite...
Compiling module axi_crossbar_v2_1_23.axi_crossbar_v2_1_23_decerr_slav...
Compiling module axi_crossbar_v2_1_23.axi_crossbar_v2_1_23_crossbar(C_...
Compiling module axi_crossbar_v2_1_23.axi_crossbar_v2_1_23_axi_crossba...
Compiling module xil_defaultlib.Soc_Tracking_xbar_0
Compiling package xilinx_vip.axi_vip_pkg
Compiling package xilinx_vip.xil_common_vip_pkg
Compiling package std.std
Compiling architecture structure of entity xil_defaultlib.Soc_Tracking_ps7_0_axi_periph_0 [soc_tracking_ps7_0_axi_periph_0_...]
Compiling architecture fdre_v of entity unisim.FDRE [fdre_default]
Compiling architecture fdre_v of entity unisim.FDRE [\FDRE(init='1')\]
Compiling architecture fdr_v of entity unisim.FDR [fdr_default]
Compiling architecture implementation of entity lib_cdc_v1_0_2.cdc_sync [\cdc_sync(c_vector_width=2,c_mtb...]
Compiling architecture srl16e_v of entity unisim.SRL16E [\SRL16E(init="1111111111111111")...]
Compiling architecture srl16_v of entity unisim.SRL16 [\SRL16(init="1111111111111111")(...]
Compiling architecture imp of entity proc_sys_reset_v5_0_13.lpf [\lpf(c_ext_rst_width=4,c_aux_rst...]
Compiling architecture imp of entity proc_sys_reset_v5_0_13.upcnt_n [\upcnt_n(c_size=6)\]
Compiling architecture imp of entity proc_sys_reset_v5_0_13.sequence_psr [sequence_psr_default]
Compiling architecture imp of entity proc_sys_reset_v5_0_13.proc_sys_reset [\proc_sys_reset(c_family="zynq",...]
Compiling architecture soc_tracking_rst_ps7_0_100m_0_arch of entity xil_defaultlib.Soc_Tracking_rst_ps7_0_100M_0 [soc_tracking_rst_ps7_0_100m_0_de...]
Compiling architecture structure of entity xil_defaultlib.Soc_Tracking [soc_tracking_default]
Compiling architecture structure of entity xil_defaultlib.Soc_Tracking_wrapper [soc_tracking_wrapper_default]
Compiling architecture behavioral of entity xil_defaultlib.tb_dma_vga
Built simulation snapshot tb_dma_vga_behav
run_program: Time (s): cpu = 00:00:03 ; elapsed = 00:01:22 . Memory (MB): peak = 1226.590 ; gain = 0.000
INFO: [USF-XSim-69] 'elaborate' step finished in '81' seconds
INFO: [USF-XSim-4] XSim::Simulate design
INFO: [USF-XSim-61] Executing 'SIMULATE' step in 'C:/Users/vladi/Documents/Travail/Formation_AJC-Expleo/Projet/PL/Soc_Tracking.sim/sim_2/behav/xsim'
INFO: [USF-XSim-98] *** Running xsim
   with args "tb_dma_vga_behav -key {Behavioral:sim_2:Functional:tb_dma_vga} -tclbatch {tb_dma_vga.tcl} -protoinst "protoinst_files/Soc_Tracking.protoinst" -view {C:/Users/vladi/Documents/Travail/Formation_AJC-Expleo/Projet/PL/sim_dma_vga.wcfg} -log {simulate.log}"
INFO: [USF-XSim-8] Loading simulator feature
Vivado Simulator 2020.2
INFO: [Wavedata 42-565] Reading protoinst file protoinst_files/Soc_Tracking.protoinst
INFO: [Wavedata 42-564]   Found protocol instance at /tb_dma_vga/dut/Soc_Tracking_i//DMA24bUnit_mm2s_0/STR_video_out
INFO: [Wavedata 42-564]   Found protocol instance at /tb_dma_vga/dut/Soc_Tracking_i//DMA24bUnit_mm2s_0/m_axi_gmem
INFO: [Wavedata 42-564]   Found protocol instance at /tb_dma_vga/dut/Soc_Tracking_i//VGA_controller_0/S_AXIS
INFO: [Wavedata 42-564]   Found protocol instance at /tb_dma_vga/dut/Soc_Tracking_i//processing_system7_0/M_AXI_GP0
INFO: [Wavedata 42-564]   Found protocol instance at /tb_dma_vga/dut/Soc_Tracking_i//processing_system7_0/S_AXI_HP0
INFO: [Wavedata 42-564]   Found protocol instance at /tb_dma_vga/dut/Soc_Tracking_i//ps7_0_axi_periph/M00_AXI
INFO: [Wavedata 42-564]   Found protocol instance at /tb_dma_vga/dut/Soc_Tracking_i//ps7_0_axi_periph/S00_AXI
INFO: [Wavedata 42-564]   Found protocol instance at /tb_dma_vga/dut/Soc_Tracking_i//ps7_0_axi_periph/S01_AXI
INFO: [Wavedata 42-564]   Found protocol instance at /tb_dma_vga/dut/Soc_Tracking_i//ps7_0_axi_periph/m00_couplers/M_AXI
INFO: [Wavedata 42-564]   Found protocol instance at /tb_dma_vga/dut/Soc_Tracking_i//ps7_0_axi_periph/m00_couplers/S_AXI
INFO: [Wavedata 42-564]   Found protocol instance at /tb_dma_vga/dut/Soc_Tracking_i//ps7_0_axi_periph/m00_couplers/auto_ds/M_AXI
INFO: [Wavedata 42-564]   Found protocol instance at /tb_dma_vga/dut/Soc_Tracking_i//ps7_0_axi_periph/m00_couplers/auto_ds/S_AXI
INFO: [Wavedata 42-564]   Found protocol instance at /tb_dma_vga/dut/Soc_Tracking_i//ps7_0_axi_periph/m00_couplers/auto_pc/M_AXI
INFO: [Wavedata 42-564]   Found protocol instance at /tb_dma_vga/dut/Soc_Tracking_i//ps7_0_axi_periph/m00_couplers/auto_pc/S_AXI
INFO: [Wavedata 42-564]   Found protocol instance at /tb_dma_vga/dut/Soc_Tracking_i//ps7_0_axi_periph/s00_couplers/M_AXI
INFO: [Wavedata 42-564]   Found protocol instance at /tb_dma_vga/dut/Soc_Tracking_i//ps7_0_axi_periph/s00_couplers/S_AXI
INFO: [Wavedata 42-564]   Found protocol instance at /tb_dma_vga/dut/Soc_Tracking_i//ps7_0_axi_periph/s00_couplers/auto_pc/M_AXI
INFO: [Wavedata 42-564]   Found protocol instance at /tb_dma_vga/dut/Soc_Tracking_i//ps7_0_axi_periph/s00_couplers/auto_pc/S_AXI
INFO: [Wavedata 42-564]   Found protocol instance at /tb_dma_vga/dut/Soc_Tracking_i//ps7_0_axi_periph/s00_couplers/auto_us/M_AXI
INFO: [Wavedata 42-564]   Found protocol instance at /tb_dma_vga/dut/Soc_Tracking_i//ps7_0_axi_periph/s00_couplers/auto_us/S_AXI
INFO: [Wavedata 42-564]   Found protocol instance at /tb_dma_vga/dut/Soc_Tracking_i//ps7_0_axi_periph/s01_couplers/M_AXI
INFO: [Wavedata 42-564]   Found protocol instance at /tb_dma_vga/dut/Soc_Tracking_i//ps7_0_axi_periph/s01_couplers/S_AXI
INFO: [Wavedata 42-564]   Found protocol instance at /tb_dma_vga/dut/Soc_Tracking_i//ps7_0_axi_periph/xbar/M00_AXI
INFO: [Wavedata 42-564]   Found protocol instance at /tb_dma_vga/dut/Soc_Tracking_i//ps7_0_axi_periph/xbar/S00_AXI
INFO: [Wavedata 42-564]   Found protocol instance at /tb_dma_vga/dut/Soc_Tracking_i//ps7_0_axi_periph/xbar/S01_AXI
WARNING: [Wavedata 42-559] Protocol instance "/tb_dma_vga/dut/Soc_Tracking_i//DMA24bUnit_mm2s_0/STR_video_out" was created but is non-functional for the following reason(s):
Required port "ACLK" is missing

WARNING: [Wavedata 42-559] Protocol instance "/tb_dma_vga/dut/Soc_Tracking_i//DMA24bUnit_mm2s_0/m_axi_gmem" was created but is non-functional for the following reason(s):
Required port "ACLK" is missing

WARNING: [Wavedata 42-559] Protocol instance "/tb_dma_vga/dut/Soc_Tracking_i//VGA_controller_0/S_AXIS" was created but is non-functional for the following reason(s):
Port "TUSER" must be a logic vector

Time resolution is 1 ps
open_wave_config C:/Users/vladi/Documents/Travail/Formation_AJC-Expleo/Projet/PL/sim_dma_vga.wcfg
WARNING: [Wavedata 42-572] Protocol instance "/tb_dma_vga/dut/Soc_Tracking_i/DMA24bUnit_mm2s_0/STR_video_out" is non-functional for the following reason(s):
Required port "ACLK" is missing

WARNING: [Wavedata 42-572] Protocol instance "/tb_dma_vga/dut/Soc_Tracking_i/DMA24bUnit_mm2s_0/STR_video_out" is non-functional for the following reason(s):
Required port "ACLK" is missing

WARNING: [Wavedata 42-572] Protocol instance "/tb_dma_vga/dut/Soc_Tracking_i/DMA24bUnit_mm2s_0/m_axi_gmem" is non-functional for the following reason(s):
Required port "ACLK" is missing

WARNING: [Wavedata 42-572] Protocol instance "/tb_dma_vga/dut/Soc_Tracking_i/DMA24bUnit_mm2s_0/m_axi_gmem" is non-functional for the following reason(s):
Required port "ACLK" is missing

source tb_dma_vga.tcl
# set curr_wave [current_wave_config]
# if { [string length $curr_wave] == 0 } {
#   if { [llength [get_objects]] > 0} {
#     add_wave /
#     set_property needs_save false [current_wave_config]
#   } else {
#      send_msg_id Add_Wave-1 WARNING "No top level signals found. Simulator will start without a wave window. If you want to open a wave window go to 'File->New Waveform Configuration' or type 'create_wave_config' in the TCL console."
#   }
# }
# run 3 ms
XilinxAXIVIP: Found at Path: tb_dma_vga.dut.Soc_Tracking_i.processing_system7_0.inst.M_AXI_GP0.master
[0] : *ZYNQ_VIP_INFO : M_AXI_GP0 : Port is ENABLED.
XilinxAXIVIP: Found at Path: tb_dma_vga.dut.Soc_Tracking_i.processing_system7_0.inst.M_AXI_GP1.master
[0] : *ZYNQ_VIP_INFO : M_AXI_GP1 : Port is DISABLED.
XilinxAXIVIP: Found at Path: tb_dma_vga.dut.Soc_Tracking_i.processing_system7_0.inst.S_AXI_GP0.slave
[0] : *ZYNQ_VIP_INFO : S_AXI_GP0 : Port is DISABLED.
XilinxAXIVIP: Found at Path: tb_dma_vga.dut.Soc_Tracking_i.processing_system7_0.inst.S_AXI_GP1.slave
[0] : *ZYNQ_VIP_INFO : S_AXI_GP1 : Port is DISABLED.
XilinxAXIVIP: Found at Path: tb_dma_vga.dut.Soc_Tracking_i.processing_system7_0.inst.S_AXI_HP0.slave
[0] : *ZYNQ_VIP_INFO : S_AXI_HP0 : Port is ENABLED.
                   0 BEFORE checking line ...... x
                   0 AFTER checking line ...... x
XilinxAXIVIP: Found at Path: tb_dma_vga.dut.Soc_Tracking_i.processing_system7_0.inst.S_AXI_HP1.slave
[0] : *ZYNQ_VIP_INFO : S_AXI_HP1 : Port is DISABLED.
                   0 BEFORE checking line ...... x
                   0 AFTER checking line ...... x
XilinxAXIVIP: Found at Path: tb_dma_vga.dut.Soc_Tracking_i.processing_system7_0.inst.S_AXI_HP2.slave
[0] : *ZYNQ_VIP_INFO : S_AXI_HP2 : Port is DISABLED.
                   0 BEFORE checking line ...... x
                   0 AFTER checking line ...... x
XilinxAXIVIP: Found at Path: tb_dma_vga.dut.Soc_Tracking_i.processing_system7_0.inst.S_AXI_HP3.slave
[0] : *ZYNQ_VIP_INFO : S_AXI_HP3 : Port is DISABLED.
                   0 BEFORE checking line ...... x
                   0 AFTER checking line ...... x
XilinxAXIVIP: Found at Path: tb_dma_vga.dut.Soc_Tracking_i.processing_system7_0.inst.S_AXI_ACP.slave
[0] : *ZYNQ_VIP_INFO : S_AXI_ACP : Port is DISABLED.
                   0 else checking line ......x
WARNING: 5 ns tb_dma_vga.dut.Soc_Tracking_i.processing_system7_0.inst.M_AXI_GP0.master.IF : ARESET_N can't be X/Z after 1 cycle of clock. To downgrade, use <hierarchy_path to VIP>.IF.set_enable_xchecks_to_warn(), or filter using clr_enable_xchecks.
WARNING: 5 ns tb_dma_vga.dut.Soc_Tracking_i.processing_system7_0.inst.S_AXI_HP0.slave.IF : ARESET_N can't be X/Z after 1 cycle of clock. To downgrade, use <hierarchy_path to VIP>.IF.set_enable_xchecks_to_warn(), or filter using clr_enable_xchecks.
                   5 else checking line ......1
             1000535 AFTER checking line ...... 1
             1002135 AFTER checking line ...... 1
             1002795 AFTER checking line ...... 1
             1002795 AFTER checking line ...... 1
             1002795 AFTER checking line ...... 1
             1002795 AFTER checking line ...... 1
             1002795 AFTER checking line ...... 1
             1002795 AFTER checking line ...... 1
Warning: XILINX_RECS_CONTINUOUS_RTRANSFERS_MAX_WAIT: RVALID should be asserted within MAXWAITS cycles of AR Command being accepted.
Time: 1010465 ns  Iteration: 1  Process: /tb_dma_vga/dut/Soc_Tracking_i/processing_system7_0/inst/S_AXI_HP0/slave/IF/PC/Always1528_1148  Scope: tb_dma_vga.dut.Soc_Tracking_i.processing_system7_0.inst.S_AXI_HP0.slave.IF.PC  File: /wrk/ci/prod/2020.2/sw/continuous/733/packages/customer/vivado/data/xilinx_vip/hdl/axi_vip_axi4pc.sv Line: 1656
Warning: XILINX_RECS_CONTINUOUS_RTRANSFERS_MAX_WAIT: RVALID should be asserted within MAXWAITS cycles of AR Command being accepted.
Time: 1020725 ns  Iteration: 1  Process: /tb_dma_vga/dut/Soc_Tracking_i/processing_system7_0/inst/S_AXI_HP0/slave/IF/PC/Always1528_1148  Scope: tb_dma_vga.dut.Soc_Tracking_i.processing_system7_0.inst.S_AXI_HP0.slave.IF.PC  File: /wrk/ci/prod/2020.2/sw/continuous/733/packages/customer/vivado/data/xilinx_vip/hdl/axi_vip_axi4pc.sv Line: 1656
Warning: XILINX_RECS_CONTINUOUS_RTRANSFERS_MAX_WAIT: RVALID should be asserted within MAXWAITS cycles of AR Command being accepted.
Time: 1030985 ns  Iteration: 1  Process: /tb_dma_vga/dut/Soc_Tracking_i/processing_system7_0/inst/S_AXI_HP0/slave/IF/PC/Always1528_1148  Scope: tb_dma_vga.dut.Soc_Tracking_i.processing_system7_0.inst.S_AXI_HP0.slave.IF.PC  File: /wrk/ci/prod/2020.2/sw/continuous/733/packages/customer/vivado/data/xilinx_vip/hdl/axi_vip_axi4pc.sv Line: 1656
Warning: XILINX_RECS_CONTINUOUS_RTRANSFERS_MAX_WAIT: RVALID should be asserted within MAXWAITS cycles of AR Command being accepted.
Time: 1041245 ns  Iteration: 1  Process: /tb_dma_vga/dut/Soc_Tracking_i/processing_system7_0/inst/S_AXI_HP0/slave/IF/PC/Always1528_1148  Scope: tb_dma_vga.dut.Soc_Tracking_i.processing_system7_0.inst.S_AXI_HP0.slave.IF.PC  File: /wrk/ci/prod/2020.2/sw/continuous/733/packages/customer/vivado/data/xilinx_vip/hdl/axi_vip_axi4pc.sv Line: 1656
Warning: XILINX_RECS_CONTINUOUS_RTRANSFERS_MAX_WAIT: RVALID should be asserted within MAXWAITS cycles of AR Command being accepted.
Time: 1051505 ns  Iteration: 1  Process: /tb_dma_vga/dut/Soc_Tracking_i/processing_system7_0/inst/S_AXI_HP0/slave/IF/PC/Always1528_1148  Scope: tb_dma_vga.dut.Soc_Tracking_i.processing_system7_0.inst.S_AXI_HP0.slave.IF.PC  File: /wrk/ci/prod/2020.2/sw/continuous/733/packages/customer/vivado/data/xilinx_vip/hdl/axi_vip_axi4pc.sv Line: 1656
Warning: XILINX_RECS_CONTINUOUS_RTRANSFERS_MAX_WAIT: RVALID should be asserted within MAXWAITS cycles of AR Command being accepted.
Time: 1061765 ns  Iteration: 1  Process: /tb_dma_vga/dut/Soc_Tracking_i/processing_system7_0/inst/S_AXI_HP0/slave/IF/PC/Always1528_1148  Scope: tb_dma_vga.dut.Soc_Tracking_i.processing_system7_0.inst.S_AXI_HP0.slave.IF.PC  File: /wrk/ci/prod/2020.2/sw/continuous/733/packages/customer/vivado/data/xilinx_vip/hdl/axi_vip_axi4pc.sv Line: 1656
Warning: XILINX_RECS_CONTINUOUS_RTRANSFERS_MAX_WAIT: RVALID should be asserted within MAXWAITS cycles of AR Command being accepted.
Time: 1072025 ns  Iteration: 1  Process: /tb_dma_vga/dut/Soc_Tracking_i/processing_system7_0/inst/S_AXI_HP0/slave/IF/PC/Always1528_1148  Scope: tb_dma_vga.dut.Soc_Tracking_i.processing_system7_0.inst.S_AXI_HP0.slave.IF.PC  File: /wrk/ci/prod/2020.2/sw/continuous/733/packages/customer/vivado/data/xilinx_vip/hdl/axi_vip_axi4pc.sv Line: 1656
Warning: XILINX_RECS_CONTINUOUS_RTRANSFERS_MAX_WAIT: RVALID should be asserted within MAXWAITS cycles of AR Command being accepted.
Time: 1082285 ns  Iteration: 1  Process: /tb_dma_vga/dut/Soc_Tracking_i/processing_system7_0/inst/S_AXI_HP0/slave/IF/PC/Always1528_1148  Scope: tb_dma_vga.dut.Soc_Tracking_i.processing_system7_0.inst.S_AXI_HP0.slave.IF.PC  File: /wrk/ci/prod/2020.2/sw/continuous/733/packages/customer/vivado/data/xilinx_vip/hdl/axi_vip_axi4pc.sv Line: 1656
Warning: XILINX_RECS_CONTINUOUS_RTRANSFERS_MAX_WAIT: RVALID should be asserted within MAXWAITS cycles of AR Command being accepted.
Time: 1092545 ns  Iteration: 1  Process: /tb_dma_vga/dut/Soc_Tracking_i/processing_system7_0/inst/S_AXI_HP0/slave/IF/PC/Always1528_1148  Scope: tb_dma_vga.dut.Soc_Tracking_i.processing_system7_0.inst.S_AXI_HP0.slave.IF.PC  File: /wrk/ci/prod/2020.2/sw/continuous/733/packages/customer/vivado/data/xilinx_vip/hdl/axi_vip_axi4pc.sv Line: 1656
Warning: XILINX_RECS_CONTINUOUS_RTRANSFERS_MAX_WAIT: RVALID should be asserted within MAXWAITS cycles of AR Command being accepted.
Time: 1102805 ns  Iteration: 1  Process: /tb_dma_vga/dut/Soc_Tracking_i/processing_system7_0/inst/S_AXI_HP0/slave/IF/PC/Always1528_1148  Scope: tb_dma_vga.dut.Soc_Tracking_i.processing_system7_0.inst.S_AXI_HP0.slave.IF.PC  File: /wrk/ci/prod/2020.2/sw/continuous/733/packages/customer/vivado/data/xilinx_vip/hdl/axi_vip_axi4pc.sv Line: 1656
Warning: XILINX_RECS_CONTINUOUS_RTRANSFERS_MAX_WAIT: RVALID should be asserted within MAXWAITS cycles of AR Command being accepted.
Time: 1113065 ns  Iteration: 1  Process: /tb_dma_vga/dut/Soc_Tracking_i/processing_system7_0/inst/S_AXI_HP0/slave/IF/PC/Always1528_1148  Scope: tb_dma_vga.dut.Soc_Tracking_i.processing_system7_0.inst.S_AXI_HP0.slave.IF.PC  File: /wrk/ci/prod/2020.2/sw/continuous/733/packages/customer/vivado/data/xilinx_vip/hdl/axi_vip_axi4pc.sv Line: 1656
Warning: XILINX_RECS_CONTINUOUS_RTRANSFERS_MAX_WAIT: RVALID should be asserted within MAXWAITS cycles of AR Command being accepted.
Time: 1123325 ns  Iteration: 1  Process: /tb_dma_vga/dut/Soc_Tracking_i/processing_system7_0/inst/S_AXI_HP0/slave/IF/PC/Always1528_1148  Scope: tb_dma_vga.dut.Soc_Tracking_i.processing_system7_0.inst.S_AXI_HP0.slave.IF.PC  File: /wrk/ci/prod/2020.2/sw/continuous/733/packages/customer/vivado/data/xilinx_vip/hdl/axi_vip_axi4pc.sv Line: 1656
Warning: XILINX_RECS_CONTINUOUS_RTRANSFERS_MAX_WAIT: RVALID should be asserted within MAXWAITS cycles of AR Command being accepted.
Time: 1133585 ns  Iteration: 1  Process: /tb_dma_vga/dut/Soc_Tracking_i/processing_system7_0/inst/S_AXI_HP0/slave/IF/PC/Always1528_1148  Scope: tb_dma_vga.dut.Soc_Tracking_i.processing_system7_0.inst.S_AXI_HP0.slave.IF.PC  File: /wrk/ci/prod/2020.2/sw/continuous/733/packages/customer/vivado/data/xilinx_vip/hdl/axi_vip_axi4pc.sv Line: 1656
Warning: XILINX_RECS_CONTINUOUS_RTRANSFERS_MAX_WAIT: RVALID should be asserted within MAXWAITS cycles of AR Command being accepted.
Time: 1143845 ns  Iteration: 1  Process: /tb_dma_vga/dut/Soc_Tracking_i/processing_system7_0/inst/S_AXI_HP0/slave/IF/PC/Always1528_1148  Scope: tb_dma_vga.dut.Soc_Tracking_i.processing_system7_0.inst.S_AXI_HP0.slave.IF.PC  File: /wrk/ci/prod/2020.2/sw/continuous/733/packages/customer/vivado/data/xilinx_vip/hdl/axi_vip_axi4pc.sv Line: 1656
Warning: XILINX_RECS_CONTINUOUS_RTRANSFERS_MAX_WAIT: RVALID should be asserted within MAXWAITS cycles of AR Command being accepted.
Time: 1154105 ns  Iteration: 1  Process: /tb_dma_vga/dut/Soc_Tracking_i/processing_system7_0/inst/S_AXI_HP0/slave/IF/PC/Always1528_1148  Scope: tb_dma_vga.dut.Soc_Tracking_i.processing_system7_0.inst.S_AXI_HP0.slave.IF.PC  File: /wrk/ci/prod/2020.2/sw/continuous/733/packages/customer/vivado/data/xilinx_vip/hdl/axi_vip_axi4pc.sv Line: 1656
Warning: XILINX_RECS_CONTINUOUS_RTRANSFERS_MAX_WAIT: RVALID should be asserted within MAXWAITS cycles of AR Command being accepted.
Time: 1164365 ns  Iteration: 1  Process: /tb_dma_vga/dut/Soc_Tracking_i/processing_system7_0/inst/S_AXI_HP0/slave/IF/PC/Always1528_1148  Scope: tb_dma_vga.dut.Soc_Tracking_i.processing_system7_0.inst.S_AXI_HP0.slave.IF.PC  File: /wrk/ci/prod/2020.2/sw/continuous/733/packages/customer/vivado/data/xilinx_vip/hdl/axi_vip_axi4pc.sv Line: 1656
Warning: XILINX_RECS_CONTINUOUS_RTRANSFERS_MAX_WAIT: RVALID should be asserted within MAXWAITS cycles of AR Command being accepted.
Time: 1174625 ns  Iteration: 1  Process: /tb_dma_vga/dut/Soc_Tracking_i/processing_system7_0/inst/S_AXI_HP0/slave/IF/PC/Always1528_1148  Scope: tb_dma_vga.dut.Soc_Tracking_i.processing_system7_0.inst.S_AXI_HP0.slave.IF.PC  File: /wrk/ci/prod/2020.2/sw/continuous/733/packages/customer/vivado/data/xilinx_vip/hdl/axi_vip_axi4pc.sv Line: 1656
Warning: XILINX_RECS_CONTINUOUS_RTRANSFERS_MAX_WAIT: RVALID should be asserted within MAXWAITS cycles of AR Command being accepted.
Time: 1184885 ns  Iteration: 1  Process: /tb_dma_vga/dut/Soc_Tracking_i/processing_system7_0/inst/S_AXI_HP0/slave/IF/PC/Always1528_1148  Scope: tb_dma_vga.dut.Soc_Tracking_i.processing_system7_0.inst.S_AXI_HP0.slave.IF.PC  File: /wrk/ci/prod/2020.2/sw/continuous/733/packages/customer/vivado/data/xilinx_vip/hdl/axi_vip_axi4pc.sv Line: 1656
Warning: XILINX_RECS_CONTINUOUS_RTRANSFERS_MAX_WAIT: RVALID should be asserted within MAXWAITS cycles of AR Command being accepted.
Time: 1195145 ns  Iteration: 1  Process: /tb_dma_vga/dut/Soc_Tracking_i/processing_system7_0/inst/S_AXI_HP0/slave/IF/PC/Always1528_1148  Scope: tb_dma_vga.dut.Soc_Tracking_i.processing_system7_0.inst.S_AXI_HP0.slave.IF.PC  File: /wrk/ci/prod/2020.2/sw/continuous/733/packages/customer/vivado/data/xilinx_vip/hdl/axi_vip_axi4pc.sv Line: 1656
Warning: XILINX_RECS_CONTINUOUS_RTRANSFERS_MAX_WAIT: RVALID should be asserted within MAXWAITS cycles of AR Command being accepted.
Time: 1205405 ns  Iteration: 1  Process: /tb_dma_vga/dut/Soc_Tracking_i/processing_system7_0/inst/S_AXI_HP0/slave/IF/PC/Always1528_1148  Scope: tb_dma_vga.dut.Soc_Tracking_i.processing_system7_0.inst.S_AXI_HP0.slave.IF.PC  File: /wrk/ci/prod/2020.2/sw/continuous/733/packages/customer/vivado/data/xilinx_vip/hdl/axi_vip_axi4pc.sv Line: 1656
Warning: XILINX_RECS_CONTINUOUS_RTRANSFERS_MAX_WAIT: RVALID should be asserted within MAXWAITS cycles of AR Command being accepted.
Time: 1215665 ns  Iteration: 1  Process: /tb_dma_vga/dut/Soc_Tracking_i/processing_system7_0/inst/S_AXI_HP0/slave/IF/PC/Always1528_1148  Scope: tb_dma_vga.dut.Soc_Tracking_i.processing_system7_0.inst.S_AXI_HP0.slave.IF.PC  File: /wrk/ci/prod/2020.2/sw/continuous/733/packages/customer/vivado/data/xilinx_vip/hdl/axi_vip_axi4pc.sv Line: 1656
Warning: XILINX_RECS_CONTINUOUS_RTRANSFERS_MAX_WAIT: RVALID should be asserted within MAXWAITS cycles of AR Command being accepted.
Time: 1225925 ns  Iteration: 1  Process: /tb_dma_vga/dut/Soc_Tracking_i/processing_system7_0/inst/S_AXI_HP0/slave/IF/PC/Always1528_1148  Scope: tb_dma_vga.dut.Soc_Tracking_i.processing_system7_0.inst.S_AXI_HP0.slave.IF.PC  File: /wrk/ci/prod/2020.2/sw/continuous/733/packages/customer/vivado/data/xilinx_vip/hdl/axi_vip_axi4pc.sv Line: 1656
Warning: XILINX_RECS_CONTINUOUS_RTRANSFERS_MAX_WAIT: RVALID should be asserted within MAXWAITS cycles of AR Command being accepted.
Time: 1236185 ns  Iteration: 1  Process: /tb_dma_vga/dut/Soc_Tracking_i/processing_system7_0/inst/S_AXI_HP0/slave/IF/PC/Always1528_1148  Scope: tb_dma_vga.dut.Soc_Tracking_i.processing_system7_0.inst.S_AXI_HP0.slave.IF.PC  File: /wrk/ci/prod/2020.2/sw/continuous/733/packages/customer/vivado/data/xilinx_vip/hdl/axi_vip_axi4pc.sv Line: 1656
Warning: XILINX_RECS_CONTINUOUS_RTRANSFERS_MAX_WAIT: RVALID should be asserted within MAXWAITS cycles of AR Command being accepted.
Time: 1246445 ns  Iteration: 1  Process: /tb_dma_vga/dut/Soc_Tracking_i/processing_system7_0/inst/S_AXI_HP0/slave/IF/PC/Always1528_1148  Scope: tb_dma_vga.dut.Soc_Tracking_i.processing_system7_0.inst.S_AXI_HP0.slave.IF.PC  File: /wrk/ci/prod/2020.2/sw/continuous/733/packages/customer/vivado/data/xilinx_vip/hdl/axi_vip_axi4pc.sv Line: 1656
Warning: XILINX_RECS_CONTINUOUS_RTRANSFERS_MAX_WAIT: RVALID should be asserted within MAXWAITS cycles of AR Command being accepted.
Time: 1256705 ns  Iteration: 1  Process: /tb_dma_vga/dut/Soc_Tracking_i/processing_system7_0/inst/S_AXI_HP0/slave/IF/PC/Always1528_1148  Scope: tb_dma_vga.dut.Soc_Tracking_i.processing_system7_0.inst.S_AXI_HP0.slave.IF.PC  File: /wrk/ci/prod/2020.2/sw/continuous/733/packages/customer/vivado/data/xilinx_vip/hdl/axi_vip_axi4pc.sv Line: 1656
Warning: XILINX_RECS_CONTINUOUS_RTRANSFERS_MAX_WAIT: RVALID should be asserted within MAXWAITS cycles of AR Command being accepted.
Time: 1266965 ns  Iteration: 1  Process: /tb_dma_vga/dut/Soc_Tracking_i/processing_system7_0/inst/S_AXI_HP0/slave/IF/PC/Always1528_1148  Scope: tb_dma_vga.dut.Soc_Tracking_i.processing_system7_0.inst.S_AXI_HP0.slave.IF.PC  File: /wrk/ci/prod/2020.2/sw/continuous/733/packages/customer/vivado/data/xilinx_vip/hdl/axi_vip_axi4pc.sv Line: 1656
Warning: XILINX_RECS_CONTINUOUS_RTRANSFERS_MAX_WAIT: RVALID should be asserted within MAXWAITS cycles of AR Command being accepted.
Time: 1277225 ns  Iteration: 1  Process: /tb_dma_vga/dut/Soc_Tracking_i/processing_system7_0/inst/S_AXI_HP0/slave/IF/PC/Always1528_1148  Scope: tb_dma_vga.dut.Soc_Tracking_i.processing_system7_0.inst.S_AXI_HP0.slave.IF.PC  File: /wrk/ci/prod/2020.2/sw/continuous/733/packages/customer/vivado/data/xilinx_vip/hdl/axi_vip_axi4pc.sv Line: 1656
Warning: XILINX_RECS_CONTINUOUS_RTRANSFERS_MAX_WAIT: RVALID should be asserted within MAXWAITS cycles of AR Command being accepted.
Time: 1287485 ns  Iteration: 1  Process: /tb_dma_vga/dut/Soc_Tracking_i/processing_system7_0/inst/S_AXI_HP0/slave/IF/PC/Always1528_1148  Scope: tb_dma_vga.dut.Soc_Tracking_i.processing_system7_0.inst.S_AXI_HP0.slave.IF.PC  File: /wrk/ci/prod/2020.2/sw/continuous/733/packages/customer/vivado/data/xilinx_vip/hdl/axi_vip_axi4pc.sv Line: 1656
Warning: XILINX_RECS_CONTINUOUS_RTRANSFERS_MAX_WAIT: RVALID should be asserted within MAXWAITS cycles of AR Command being accepted.
Time: 1297745 ns  Iteration: 1  Process: /tb_dma_vga/dut/Soc_Tracking_i/processing_system7_0/inst/S_AXI_HP0/slave/IF/PC/Always1528_1148  Scope: tb_dma_vga.dut.Soc_Tracking_i.processing_system7_0.inst.S_AXI_HP0.slave.IF.PC  File: /wrk/ci/prod/2020.2/sw/continuous/733/packages/customer/vivado/data/xilinx_vip/hdl/axi_vip_axi4pc.sv Line: 1656
Warning: XILINX_RECS_CONTINUOUS_RTRANSFERS_MAX_WAIT: RVALID should be asserted within MAXWAITS cycles of AR Command being accepted.
Time: 1308005 ns  Iteration: 1  Process: /tb_dma_vga/dut/Soc_Tracking_i/processing_system7_0/inst/S_AXI_HP0/slave/IF/PC/Always1528_1148  Scope: tb_dma_vga.dut.Soc_Tracking_i.processing_system7_0.inst.S_AXI_HP0.slave.IF.PC  File: /wrk/ci/prod/2020.2/sw/continuous/733/packages/customer/vivado/data/xilinx_vip/hdl/axi_vip_axi4pc.sv Line: 1656
Warning: XILINX_RECS_CONTINUOUS_RTRANSFERS_MAX_WAIT: RVALID should be asserted within MAXWAITS cycles of AR Command being accepted.
Time: 1318265 ns  Iteration: 1  Process: /tb_dma_vga/dut/Soc_Tracking_i/processing_system7_0/inst/S_AXI_HP0/slave/IF/PC/Always1528_1148  Scope: tb_dma_vga.dut.Soc_Tracking_i.processing_system7_0.inst.S_AXI_HP0.slave.IF.PC  File: /wrk/ci/prod/2020.2/sw/continuous/733/packages/customer/vivado/data/xilinx_vip/hdl/axi_vip_axi4pc.sv Line: 1656
Warning: XILINX_RECS_CONTINUOUS_RTRANSFERS_MAX_WAIT: RVALID should be asserted within MAXWAITS cycles of AR Command being accepted.
Time: 1328525 ns  Iteration: 1  Process: /tb_dma_vga/dut/Soc_Tracking_i/processing_system7_0/inst/S_AXI_HP0/slave/IF/PC/Always1528_1148  Scope: tb_dma_vga.dut.Soc_Tracking_i.processing_system7_0.inst.S_AXI_HP0.slave.IF.PC  File: /wrk/ci/prod/2020.2/sw/continuous/733/packages/customer/vivado/data/xilinx_vip/hdl/axi_vip_axi4pc.sv Line: 1656
Warning: XILINX_RECS_CONTINUOUS_RTRANSFERS_MAX_WAIT: RVALID should be asserted within MAXWAITS cycles of AR Command being accepted.
Time: 1338785 ns  Iteration: 1  Process: /tb_dma_vga/dut/Soc_Tracking_i/processing_system7_0/inst/S_AXI_HP0/slave/IF/PC/Always1528_1148  Scope: tb_dma_vga.dut.Soc_Tracking_i.processing_system7_0.inst.S_AXI_HP0.slave.IF.PC  File: /wrk/ci/prod/2020.2/sw/continuous/733/packages/customer/vivado/data/xilinx_vip/hdl/axi_vip_axi4pc.sv Line: 1656
Warning: XILINX_RECS_CONTINUOUS_RTRANSFERS_MAX_WAIT: RVALID should be asserted within MAXWAITS cycles of AR Command being accepted.
Time: 1349045 ns  Iteration: 1  Process: /tb_dma_vga/dut/Soc_Tracking_i/processing_system7_0/inst/S_AXI_HP0/slave/IF/PC/Always1528_1148  Scope: tb_dma_vga.dut.Soc_Tracking_i.processing_system7_0.inst.S_AXI_HP0.slave.IF.PC  File: /wrk/ci/prod/2020.2/sw/continuous/733/packages/customer/vivado/data/xilinx_vip/hdl/axi_vip_axi4pc.sv Line: 1656
Warning: XILINX_RECS_CONTINUOUS_RTRANSFERS_MAX_WAIT: RVALID should be asserted within MAXWAITS cycles of AR Command being accepted.
Time: 1359305 ns  Iteration: 1  Process: /tb_dma_vga/dut/Soc_Tracking_i/processing_system7_0/inst/S_AXI_HP0/slave/IF/PC/Always1528_1148  Scope: tb_dma_vga.dut.Soc_Tracking_i.processing_system7_0.inst.S_AXI_HP0.slave.IF.PC  File: /wrk/ci/prod/2020.2/sw/continuous/733/packages/customer/vivado/data/xilinx_vip/hdl/axi_vip_axi4pc.sv Line: 1656
Warning: XILINX_RECS_CONTINUOUS_RTRANSFERS_MAX_WAIT: RVALID should be asserted within MAXWAITS cycles of AR Command being accepted.
Time: 1369565 ns  Iteration: 1  Process: /tb_dma_vga/dut/Soc_Tracking_i/processing_system7_0/inst/S_AXI_HP0/slave/IF/PC/Always1528_1148  Scope: tb_dma_vga.dut.Soc_Tracking_i.processing_system7_0.inst.S_AXI_HP0.slave.IF.PC  File: /wrk/ci/prod/2020.2/sw/continuous/733/packages/customer/vivado/data/xilinx_vip/hdl/axi_vip_axi4pc.sv Line: 1656
Warning: XILINX_RECS_CONTINUOUS_RTRANSFERS_MAX_WAIT: RVALID should be asserted within MAXWAITS cycles of AR Command being accepted.
Time: 1379825 ns  Iteration: 1  Process: /tb_dma_vga/dut/Soc_Tracking_i/processing_system7_0/inst/S_AXI_HP0/slave/IF/PC/Always1528_1148  Scope: tb_dma_vga.dut.Soc_Tracking_i.processing_system7_0.inst.S_AXI_HP0.slave.IF.PC  File: /wrk/ci/prod/2020.2/sw/continuous/733/packages/customer/vivado/data/xilinx_vip/hdl/axi_vip_axi4pc.sv Line: 1656
Warning: XILINX_RECS_CONTINUOUS_RTRANSFERS_MAX_WAIT: RVALID should be asserted within MAXWAITS cycles of AR Command being accepted.
Time: 1390085 ns  Iteration: 1  Process: /tb_dma_vga/dut/Soc_Tracking_i/processing_system7_0/inst/S_AXI_HP0/slave/IF/PC/Always1528_1148  Scope: tb_dma_vga.dut.Soc_Tracking_i.processing_system7_0.inst.S_AXI_HP0.slave.IF.PC  File: /wrk/ci/prod/2020.2/sw/continuous/733/packages/customer/vivado/data/xilinx_vip/hdl/axi_vip_axi4pc.sv Line: 1656
Warning: XILINX_RECS_CONTINUOUS_RTRANSFERS_MAX_WAIT: RVALID should be asserted within MAXWAITS cycles of AR Command being accepted.
Time: 1400345 ns  Iteration: 1  Process: /tb_dma_vga/dut/Soc_Tracking_i/processing_system7_0/inst/S_AXI_HP0/slave/IF/PC/Always1528_1148  Scope: tb_dma_vga.dut.Soc_Tracking_i.processing_system7_0.inst.S_AXI_HP0.slave.IF.PC  File: /wrk/ci/prod/2020.2/sw/continuous/733/packages/customer/vivado/data/xilinx_vip/hdl/axi_vip_axi4pc.sv Line: 1656
Warning: XILINX_RECS_CONTINUOUS_RTRANSFERS_MAX_WAIT: RVALID should be asserted within MAXWAITS cycles of AR Command being accepted.
Time: 1410605 ns  Iteration: 1  Process: /tb_dma_vga/dut/Soc_Tracking_i/processing_system7_0/inst/S_AXI_HP0/slave/IF/PC/Always1528_1148  Scope: tb_dma_vga.dut.Soc_Tracking_i.processing_system7_0.inst.S_AXI_HP0.slave.IF.PC  File: /wrk/ci/prod/2020.2/sw/continuous/733/packages/customer/vivado/data/xilinx_vip/hdl/axi_vip_axi4pc.sv Line: 1656
Warning: XILINX_RECS_CONTINUOUS_RTRANSFERS_MAX_WAIT: RVALID should be asserted within MAXWAITS cycles of AR Command being accepted.
Time: 1420865 ns  Iteration: 1  Process: /tb_dma_vga/dut/Soc_Tracking_i/processing_system7_0/inst/S_AXI_HP0/slave/IF/PC/Always1528_1148  Scope: tb_dma_vga.dut.Soc_Tracking_i.processing_system7_0.inst.S_AXI_HP0.slave.IF.PC  File: /wrk/ci/prod/2020.2/sw/continuous/733/packages/customer/vivado/data/xilinx_vip/hdl/axi_vip_axi4pc.sv Line: 1656
Warning: XILINX_RECS_CONTINUOUS_RTRANSFERS_MAX_WAIT: RVALID should be asserted within MAXWAITS cycles of AR Command being accepted.
Time: 1431125 ns  Iteration: 1  Process: /tb_dma_vga/dut/Soc_Tracking_i/processing_system7_0/inst/S_AXI_HP0/slave/IF/PC/Always1528_1148  Scope: tb_dma_vga.dut.Soc_Tracking_i.processing_system7_0.inst.S_AXI_HP0.slave.IF.PC  File: /wrk/ci/prod/2020.2/sw/continuous/733/packages/customer/vivado/data/xilinx_vip/hdl/axi_vip_axi4pc.sv Line: 1656
Warning: XILINX_RECS_CONTINUOUS_RTRANSFERS_MAX_WAIT: RVALID should be asserted within MAXWAITS cycles of AR Command being accepted.
Time: 1441385 ns  Iteration: 1  Process: /tb_dma_vga/dut/Soc_Tracking_i/processing_system7_0/inst/S_AXI_HP0/slave/IF/PC/Always1528_1148  Scope: tb_dma_vga.dut.Soc_Tracking_i.processing_system7_0.inst.S_AXI_HP0.slave.IF.PC  File: /wrk/ci/prod/2020.2/sw/continuous/733/packages/customer/vivado/data/xilinx_vip/hdl/axi_vip_axi4pc.sv Line: 1656
Warning: XILINX_RECS_CONTINUOUS_RTRANSFERS_MAX_WAIT: RVALID should be asserted within MAXWAITS cycles of AR Command being accepted.
Time: 1451645 ns  Iteration: 1  Process: /tb_dma_vga/dut/Soc_Tracking_i/processing_system7_0/inst/S_AXI_HP0/slave/IF/PC/Always1528_1148  Scope: tb_dma_vga.dut.Soc_Tracking_i.processing_system7_0.inst.S_AXI_HP0.slave.IF.PC  File: /wrk/ci/prod/2020.2/sw/continuous/733/packages/customer/vivado/data/xilinx_vip/hdl/axi_vip_axi4pc.sv Line: 1656
Warning: XILINX_RECS_CONTINUOUS_RTRANSFERS_MAX_WAIT: RVALID should be asserted within MAXWAITS cycles of AR Command being accepted.
Time: 1461905 ns  Iteration: 1  Process: /tb_dma_vga/dut/Soc_Tracking_i/processing_system7_0/inst/S_AXI_HP0/slave/IF/PC/Always1528_1148  Scope: tb_dma_vga.dut.Soc_Tracking_i.processing_system7_0.inst.S_AXI_HP0.slave.IF.PC  File: /wrk/ci/prod/2020.2/sw/continuous/733/packages/customer/vivado/data/xilinx_vip/hdl/axi_vip_axi4pc.sv Line: 1656
Warning: XILINX_RECS_CONTINUOUS_RTRANSFERS_MAX_WAIT: RVALID should be asserted within MAXWAITS cycles of AR Command being accepted.
Time: 1472165 ns  Iteration: 1  Process: /tb_dma_vga/dut/Soc_Tracking_i/processing_system7_0/inst/S_AXI_HP0/slave/IF/PC/Always1528_1148  Scope: tb_dma_vga.dut.Soc_Tracking_i.processing_system7_0.inst.S_AXI_HP0.slave.IF.PC  File: /wrk/ci/prod/2020.2/sw/continuous/733/packages/customer/vivado/data/xilinx_vip/hdl/axi_vip_axi4pc.sv Line: 1656
Warning: XILINX_RECS_CONTINUOUS_RTRANSFERS_MAX_WAIT: RVALID should be asserted within MAXWAITS cycles of AR Command being accepted.
Time: 1482425 ns  Iteration: 1  Process: /tb_dma_vga/dut/Soc_Tracking_i/processing_system7_0/inst/S_AXI_HP0/slave/IF/PC/Always1528_1148  Scope: tb_dma_vga.dut.Soc_Tracking_i.processing_system7_0.inst.S_AXI_HP0.slave.IF.PC  File: /wrk/ci/prod/2020.2/sw/continuous/733/packages/customer/vivado/data/xilinx_vip/hdl/axi_vip_axi4pc.sv Line: 1656
Warning: XILINX_RECS_CONTINUOUS_RTRANSFERS_MAX_WAIT: RVALID should be asserted within MAXWAITS cycles of AR Command being accepted.
Time: 1492685 ns  Iteration: 1  Process: /tb_dma_vga/dut/Soc_Tracking_i/processing_system7_0/inst/S_AXI_HP0/slave/IF/PC/Always1528_1148  Scope: tb_dma_vga.dut.Soc_Tracking_i.processing_system7_0.inst.S_AXI_HP0.slave.IF.PC  File: /wrk/ci/prod/2020.2/sw/continuous/733/packages/customer/vivado/data/xilinx_vip/hdl/axi_vip_axi4pc.sv Line: 1656
Fatal: [slv_rd_driver] (.tb_dma_vga.dut.Soc_Tracking_i.ps7_0_axi_periph.axi_vip_pkg.\axi_slv_rd_driver(C_AXI_PROTOCOL=1,C_AXI_WDATA_WIDTH=64,C_AXI_RDATA_WIDTH=64,C_AXI_WID_WIDTH=6,C_AXI_RID_WIDTH=6,C_AXI_HAS_REGION=0)::forward_progress_watchdog .PROGRESS.) 1500465 ns : Forward progress timeout triggered. There are pending AR commands (         8), however, a corresponding RDATA+RLAST has not occured in (     50000) cycles. No forward progess.
Time: 1500465 ns  Iteration: 4  Process: /tb_dma_vga/dut/Soc_Tracking_i/ps7_0_axi_periph/axi_vip_pkg/axi_slv_rd_driver(C_AXI_PROTOCOL=1,C_AXI_WDATA_WIDTH=64,C_AXI_RDATA_WIDTH=64,C_AXI_WID_WIDTH=6,C_AXI_RID_WIDTH=6,C_AXI_HAS_REGION=0)::forward_progress_watchdog/PROGRESS/Block14320_3916  Scope: .tb_dma_vga.dut.Soc_Tracking_i.ps7_0_axi_periph.axi_vip_pkg.\axi_slv_rd_driver(C_AXI_PROTOCOL=1,C_AXI_WDATA_WIDTH=64,C_AXI_RDATA_WIDTH=64,C_AXI_WID_WIDTH=6,C_AXI_RID_WIDTH=6,C_AXI_HAS_REGION=0)::forward_progress_watchdog .PROGRESS.  File: /wrk/ci/prod/2020.2/sw/continuous/733/packages/customer/vivado/data/xilinx_vip/hdl/axi_vip_pkg.sv Line: 14323
$finish called at time : 1500465 ns : File "/wrk/ci/prod/2020.2/sw/continuous/733/packages/customer/vivado/data/xilinx_vip/hdl/axi_vip_pkg.sv" Line 13594
WARNING: [Simulator 45-29] Cannot open source file /wrk/ci/prod/2020.2/sw/continuous/733/packages/customer/vivado/data/xilinx_vip/hdl/axi_vip_pkg.sv: file does not exist.
run: Time (s): cpu = 00:00:06 ; elapsed = 00:01:28 . Memory (MB): peak = 1280.441 ; gain = 22.426
xsim: Time (s): cpu = 00:00:13 ; elapsed = 00:01:35 . Memory (MB): peak = 1280.441 ; gain = 40.938
INFO: [USF-XSim-96] XSim completed. Design snapshot 'tb_dma_vga_behav' loaded.
INFO: [USF-XSim-97] XSim simulation ran for 3 ms
launch_simulation: Time (s): cpu = 00:00:20 ; elapsed = 00:03:04 . Memory (MB): peak = 1280.441 ; gain = 53.852
save_wave_config {C:/Users/vladi/Documents/Travail/Formation_AJC-Expleo/Projet/PL/sim_dma_vga.wcfg}
open_bd_design {C:/Users/vladi/Documents/Travail/Formation_AJC-Expleo/Projet/PL/Soc_Tracking.srcs/sources_1/bd/Soc_Tracking/Soc_Tracking.bd}
validate_bd_design -force
CRITICAL WARNING: [BD 41-967] AXI interface pin /DMA24bUnit_mm2s_0/STR_video_out is not associated to any clock pin. It may not work correctly.
CRITICAL WARNING: [BD 41-967] AXI interface pin /DMA24bUnit_mm2s_0/m_axi_gmem is not associated to any clock pin. It may not work correctly.
WARNING: [BD 41-237] Bus Interface property AWUSER_WIDTH does not match between /ps7_0_axi_periph/m00_couplers/auto_ds/S_AXI(0) and /ps7_0_axi_periph/xbar/M00_AXI(1)
WARNING: [BD 41-237] Bus Interface property ARUSER_WIDTH does not match between /ps7_0_axi_periph/m00_couplers/auto_ds/S_AXI(0) and /ps7_0_axi_periph/xbar/M00_AXI(1)
WARNING: [BD 41-237] Bus Interface property WUSER_WIDTH does not match between /ps7_0_axi_periph/m00_couplers/auto_ds/S_AXI(0) and /ps7_0_axi_periph/xbar/M00_AXI(1)
WARNING: [BD 41-237] Bus Interface property RUSER_WIDTH does not match between /ps7_0_axi_periph/m00_couplers/auto_ds/S_AXI(0) and /ps7_0_axi_periph/xbar/M00_AXI(1)
WARNING: [BD 41-237] Bus Interface property BUSER_WIDTH does not match between /ps7_0_axi_periph/m00_couplers/auto_ds/S_AXI(0) and /ps7_0_axi_periph/xbar/M00_AXI(1)
WARNING: [BD 41-237] Bus Interface property AWUSER_WIDTH does not match between /ps7_0_axi_periph/xbar/S00_AXI(1) and /ps7_0_axi_periph/s00_couplers/auto_us/M_AXI(0)
WARNING: [BD 41-237] Bus Interface property ARUSER_WIDTH does not match between /ps7_0_axi_periph/xbar/S00_AXI(1) and /ps7_0_axi_periph/s00_couplers/auto_us/M_AXI(0)
WARNING: [BD 41-237] Bus Interface property WUSER_WIDTH does not match between /ps7_0_axi_periph/xbar/S00_AXI(1) and /ps7_0_axi_periph/s00_couplers/auto_us/M_AXI(0)
WARNING: [BD 41-237] Bus Interface property RUSER_WIDTH does not match between /ps7_0_axi_periph/xbar/S00_AXI(1) and /ps7_0_axi_periph/s00_couplers/auto_us/M_AXI(0)
WARNING: [BD 41-237] Bus Interface property BUSER_WIDTH does not match between /ps7_0_axi_periph/xbar/S00_AXI(1) and /ps7_0_axi_periph/s00_couplers/auto_us/M_AXI(0)
validate_bd_design: Time (s): cpu = 00:00:14 ; elapsed = 00:00:17 . Memory (MB): peak = 1448.340 ; gain = 29.566
close_sim
Executing Axi4 End Of Simulation checks
Executing Axi4 End Of Simulation checks
Executing Axi4 End Of Simulation checks
Executing Axi4 End Of Simulation checks
Executing Axi4 End Of Simulation checks
Warning: AXI4_ERRS_RLAST_ALL_DONE_EOS: All outstanding read bursts must have completed a the end of the simulation.
Time: 1500465 ns  Iteration: 4  Process: /tb_dma_vga/dut/Soc_Tracking_i/processing_system7_0/inst/S_AXI_HP0/slave/IF/PC/Always3109_1149  Scope: tb_dma_vga.dut.Soc_Tracking_i.processing_system7_0.inst.S_AXI_HP0.slave.IF.PC.arm_amba4_pc_msg_err  File: /wrk/ci/prod/2020.2/sw/continuous/733/packages/customer/vivado/data/xilinx_vip/hdl/axi_vip_axi4pc.sv Line: 725
Executing Axi4 End Of Simulation checks
Executing Axi4 End Of Simulation checks
Executing Axi4 End Of Simulation checks
Executing Axi4 End Of Simulation checks
INFO: [Simtcl 6-16] Simulation closed
save_bd_design
Wrote  : <C:\Users\vladi\Documents\Travail\Formation_AJC-Expleo\Projet\PL\Soc_Tracking.srcs\sources_1\bd\Soc_Tracking\Soc_Tracking.bd> 
Wrote  : <C:/Users/vladi/Documents/Travail/Formation_AJC-Expleo/Projet/PL/Soc_Tracking.srcs/sources_1/bd/Soc_Tracking/ui/bd_127f896f.ui> 
generate_target Simulation [get_files C:/Users/vladi/Documents/Travail/Formation_AJC-Expleo/Projet/PL/Soc_Tracking.srcs/sources_1/bd/Soc_Tracking/Soc_Tracking.bd]
INFO: [BD 41-1662] The design 'Soc_Tracking.bd' is already validated. Therefore parameter propagation will not be re-run.
WARNING: [BD 41-2384] Width mismatch when connecting pin: '/ps7_0_axi_periph/xbar/s_axi_awid'(2) to pin: '/ps7_0_axi_periph/s01_couplers/M_AXI_awid'(1) - Only lower order bits will be connected.
WARNING: [BD 41-2384] Width mismatch when connecting pin: '/ps7_0_axi_periph/xbar/s_axi_arlock'(1) to pin: '/ps7_0_axi_periph/s01_couplers/M_AXI_arlock'(2) - Only lower order bits will be connected.
WARNING: [BD 41-2384] Width mismatch when connecting pin: '/ps7_0_axi_periph/xbar/s_axi_awlock'(1) to pin: '/ps7_0_axi_periph/s01_couplers/M_AXI_awlock'(2) - Only lower order bits will be connected.
WARNING: [BD 41-2384] Width mismatch when connecting pin: '/ps7_0_axi_periph/xbar/s_axi_arid'(2) to pin: '/ps7_0_axi_periph/s01_couplers/M_AXI_arid'(1) - Only lower order bits will be connected.
WARNING: [BD 41-2384] Width mismatch when connecting pin: '/DMA24bUnit_mm2s_0/m_axi_gmem_BID'(1) to pin: '/ps7_0_axi_periph/S01_AXI_bid'(2) - Only lower order bits will be connected.
WARNING: [BD 41-2384] Width mismatch when connecting pin: '/DMA24bUnit_mm2s_0/m_axi_gmem_RID'(1) to pin: '/ps7_0_axi_periph/S01_AXI_rid'(2) - Only lower order bits will be connected.
VHDL Output written to : c:/Users/vladi/Documents/Travail/Formation_AJC-Expleo/Projet/PL/Soc_Tracking.gen/sources_1/bd/Soc_Tracking/synth/Soc_Tracking.vhd
WARNING: [BD 41-2384] Width mismatch when connecting pin: '/ps7_0_axi_periph/xbar/s_axi_awid'(2) to pin: '/ps7_0_axi_periph/s01_couplers/M_AXI_awid'(1) - Only lower order bits will be connected.
WARNING: [BD 41-2384] Width mismatch when connecting pin: '/ps7_0_axi_periph/xbar/s_axi_arlock'(1) to pin: '/ps7_0_axi_periph/s01_couplers/M_AXI_arlock'(2) - Only lower order bits will be connected.
WARNING: [BD 41-2384] Width mismatch when connecting pin: '/ps7_0_axi_periph/xbar/s_axi_awlock'(1) to pin: '/ps7_0_axi_periph/s01_couplers/M_AXI_awlock'(2) - Only lower order bits will be connected.
WARNING: [BD 41-2384] Width mismatch when connecting pin: '/ps7_0_axi_periph/xbar/s_axi_arid'(2) to pin: '/ps7_0_axi_periph/s01_couplers/M_AXI_arid'(1) - Only lower order bits will be connected.
WARNING: [BD 41-2384] Width mismatch when connecting pin: '/DMA24bUnit_mm2s_0/m_axi_gmem_BID'(1) to pin: '/ps7_0_axi_periph/S01_AXI_bid'(2) - Only lower order bits will be connected.
WARNING: [BD 41-2384] Width mismatch when connecting pin: '/DMA24bUnit_mm2s_0/m_axi_gmem_RID'(1) to pin: '/ps7_0_axi_periph/S01_AXI_rid'(2) - Only lower order bits will be connected.
VHDL Output written to : c:/Users/vladi/Documents/Travail/Formation_AJC-Expleo/Projet/PL/Soc_Tracking.gen/sources_1/bd/Soc_Tracking/sim/Soc_Tracking.vhd
VHDL Output written to : c:/Users/vladi/Documents/Travail/Formation_AJC-Expleo/Projet/PL/Soc_Tracking.gen/sources_1/bd/Soc_Tracking/hdl/Soc_Tracking_wrapper.vhd
INFO: [BD 41-1029] Generation completed for the IP Integrator block ps7_0_axi_periph/s00_couplers/auto_pc .
WARNING: [IP_Flow 19-5611] Unable to find an associated reset port for the interface 'S_AXI'. A default connection has been created.
WARNING: [IP_Flow 19-5611] Unable to find an associated reset port for the interface 'M_AXI'. A default connection has been created.
INFO: [BD 41-1029] Generation completed for the IP Integrator block ps7_0_axi_periph/s00_couplers/auto_us .
WARNING: [IP_Flow 19-5611] Unable to find an associated reset port for the interface 'S_AXI'. A default connection has been created.
WARNING: [IP_Flow 19-5611] Unable to find an associated reset port for the interface 'M_AXI'. A default connection has been created.
INFO: [BD 41-1029] Generation completed for the IP Integrator block ps7_0_axi_periph/m00_couplers/auto_ds .
INFO: [BD 41-1029] Generation completed for the IP Integrator block ps7_0_axi_periph/m00_couplers/auto_pc .
Exporting to file c:/Users/vladi/Documents/Travail/Formation_AJC-Expleo/Projet/PL/Soc_Tracking.gen/sources_1/bd/Soc_Tracking/hw_handoff/Soc_Tracking.hwh
Generated Block Design Tcl file c:/Users/vladi/Documents/Travail/Formation_AJC-Expleo/Projet/PL/Soc_Tracking.gen/sources_1/bd/Soc_Tracking/hw_handoff/Soc_Tracking_bd.tcl
Generated Hardware Definition File c:/Users/vladi/Documents/Travail/Formation_AJC-Expleo/Projet/PL/Soc_Tracking.gen/sources_1/bd/Soc_Tracking/synth/Soc_Tracking.hwdef
WARNING: [BD 41-2265] Clock pin for protocol instance pin STR_video_out could not be determined. Make sure that ASSOCIATED_BUSIF and ASSOCIATED_RESET properties are set or propagated on clock pins of block /DMA24bUnit_mm2s_0
WARNING: [BD 41-2265] Clock pin for protocol instance pin m_axi_gmem could not be determined. Make sure that ASSOCIATED_BUSIF and ASSOCIATED_RESET properties are set or propagated on clock pins of block /DMA24bUnit_mm2s_0
generate_target: Time (s): cpu = 00:00:04 ; elapsed = 00:00:11 . Memory (MB): peak = 1607.664 ; gain = 130.293
export_ip_user_files -of_objects [get_files C:/Users/vladi/Documents/Travail/Formation_AJC-Expleo/Projet/PL/Soc_Tracking.srcs/sources_1/bd/Soc_Tracking/Soc_Tracking.bd] -no_script -sync -force -quiet
export_simulation -of_objects [get_files C:/Users/vladi/Documents/Travail/Formation_AJC-Expleo/Projet/PL/Soc_Tracking.srcs/sources_1/bd/Soc_Tracking/Soc_Tracking.bd] -directory C:/Users/vladi/Documents/Travail/Formation_AJC-Expleo/Projet/PL/Soc_Tracking.ip_user_files/sim_scripts -ip_user_files_dir C:/Users/vladi/Documents/Travail/Formation_AJC-Expleo/Projet/PL/Soc_Tracking.ip_user_files -ipstatic_source_dir C:/Users/vladi/Documents/Travail/Formation_AJC-Expleo/Projet/PL/Soc_Tracking.ip_user_files/ipstatic -lib_map_path [list {modelsim=C:/Users/vladi/Documents/Travail/Formation_AJC-Expleo/Projet/PL/Soc_Tracking.cache/compile_simlib/modelsim} {questa=C:/Users/vladi/Documents/Travail/Formation_AJC-Expleo/Projet/PL/Soc_Tracking.cache/compile_simlib/questa} {riviera=C:/Users/vladi/Documents/Travail/Formation_AJC-Expleo/Projet/PL/Soc_Tracking.cache/compile_simlib/riviera} {activehdl=C:/Users/vladi/Documents/Travail/Formation_AJC-Expleo/Projet/PL/Soc_Tracking.cache/compile_simlib/activehdl}] -use_ip_compiled_libs -force -quiet
launch_simulation -simset [get_filesets sim_2 ]
Command: launch_simulation -simset sim_2
INFO: [Vivado 12-5698] Checking validity of IPs in the design for the 'XSim' simulator...
INFO: [Vivado 12-5682] Launching behavioral simulation in 'C:/Users/vladi/Documents/Travail/Formation_AJC-Expleo/Projet/PL/Soc_Tracking.sim/sim_2/behav/xsim'
INFO: [Vivado 12-4795] Using compiled simulation libraries for IPs
INFO: [SIM-utils-51] Simulation object is 'sim_2'
INFO: [USF-XSim-7] Finding pre-compiled libraries...
INFO: [USF-XSim-11] File 'E:/Xilinx/Vivado/2020.2/data/xsim/xsim.ini' copied to run dir:'C:/Users/vladi/Documents/Travail/Formation_AJC-Expleo/Projet/PL/Soc_Tracking.sim/sim_2/behav/xsim'
INFO: [SIM-utils-54] Inspecting design source files for 'tb_dma_vga' in fileset 'sim_2'...
INFO: [USF-XSim-97] Finding global include files...
INFO: [USF-XSim-98] Fetching design files from 'sim_2'...
INFO: [USF-XSim-2] XSim::Compile design
INFO: [USF-XSim-61] Executing 'COMPILE and ANALYZE' step in 'C:/Users/vladi/Documents/Travail/Formation_AJC-Expleo/Projet/PL/Soc_Tracking.sim/sim_2/behav/xsim'
"xvlog --incr --relax -L uvm -L axi_vip_v1_1_8 -L processing_system7_vip_v1_0_10 -L xilinx_vip -prj tb_dma_vga_vlog.prj"
INFO: [VRFC 10-2263] Analyzing Verilog file "C:/Users/vladi/Documents/Travail/Formation_AJC-Expleo/Projet/PL/Soc_Tracking.ip_user_files/bd/Soc_Tracking/ip/Soc_Tracking_processing_system7_0_0/sim/Soc_Tracking_processing_system7_0_0.v" into library xil_defaultlib
INFO: [VRFC 10-311] analyzing module Soc_Tracking_processing_system7_0_0
INFO: [VRFC 10-2263] Analyzing Verilog file "C:/Users/vladi/Documents/Travail/Formation_AJC-Expleo/Projet/PL/Soc_Tracking.ip_user_files/bd/Soc_Tracking/ip/Soc_Tracking_xbar_0/sim/Soc_Tracking_xbar_0.v" into library xil_defaultlib
INFO: [VRFC 10-311] analyzing module Soc_Tracking_xbar_0
INFO: [VRFC 10-2263] Analyzing Verilog file "C:/Users/vladi/Documents/Travail/Formation_AJC-Expleo/Projet/PL/Soc_Tracking.ip_user_files/bd/Soc_Tracking/ip/Soc_Tracking_auto_pc_1/sim/Soc_Tracking_auto_pc_1.v" into library xil_defaultlib
INFO: [VRFC 10-311] analyzing module Soc_Tracking_auto_pc_1
INFO: [VRFC 10-2263] Analyzing Verilog file "C:/Users/vladi/Documents/Travail/Formation_AJC-Expleo/Projet/PL/Soc_Tracking.ip_user_files/bd/Soc_Tracking/ip/Soc_Tracking_auto_us_0/sim/Soc_Tracking_auto_us_0.v" into library xil_defaultlib
INFO: [VRFC 10-311] analyzing module Soc_Tracking_auto_us_0
INFO: [VRFC 10-2263] Analyzing Verilog file "C:/Users/vladi/Documents/Travail/Formation_AJC-Expleo/Projet/PL/Soc_Tracking.ip_user_files/bd/Soc_Tracking/ip/Soc_Tracking_auto_ds_0/sim/Soc_Tracking_auto_ds_0.v" into library xil_defaultlib
INFO: [VRFC 10-311] analyzing module Soc_Tracking_auto_ds_0
INFO: [VRFC 10-2263] Analyzing Verilog file "C:/Users/vladi/Documents/Travail/Formation_AJC-Expleo/Projet/PL/Soc_Tracking.ip_user_files/bd/Soc_Tracking/ip/Soc_Tracking_auto_pc_0/sim/Soc_Tracking_auto_pc_0.v" into library xil_defaultlib
INFO: [VRFC 10-311] analyzing module Soc_Tracking_auto_pc_0
"xvhdl --incr --relax -prj tb_dma_vga_vhdl.prj"
INFO: [VRFC 10-163] Analyzing VHDL file "C:/Users/vladi/Documents/Travail/Formation_AJC-Expleo/Projet/PL/Soc_Tracking.ip_user_files/bd/Soc_Tracking/sim/Soc_Tracking.vhd" into library xil_defaultlib
INFO: [VRFC 10-3107] analyzing entity 'm00_couplers_imp_LIW5QW'
INFO: [VRFC 10-3107] analyzing entity 's00_couplers_imp_MEXH3F'
INFO: [VRFC 10-3107] analyzing entity 's01_couplers_imp_JXZ18R'
INFO: [VRFC 10-3107] analyzing entity 'Soc_Tracking_ps7_0_axi_periph_0'
INFO: [VRFC 10-3107] analyzing entity 'Soc_Tracking'
INFO: [VRFC 10-163] Analyzing VHDL file "C:/Users/vladi/Documents/Travail/Formation_AJC-Expleo/Projet/PL/Soc_Tracking.gen/sources_1/bd/Soc_Tracking/hdl/Soc_Tracking_wrapper.vhd" into library xil_defaultlib
INFO: [VRFC 10-3107] analyzing entity 'Soc_Tracking_wrapper'
INFO: [USF-XSim-69] 'compile' step finished in '4' seconds
INFO: [USF-XSim-3] XSim::Elaborate design
INFO: [USF-XSim-61] Executing 'ELABORATE' step in 'C:/Users/vladi/Documents/Travail/Formation_AJC-Expleo/Projet/PL/Soc_Tracking.sim/sim_2/behav/xsim'
"xelab -wto 74048056a3674799b78154eeed3124fa --incr --debug typical --relax --mt 2 -L xil_defaultlib -L axi_infrastructure_v1_1_0 -L axi_vip_v1_1_8 -L processing_system7_vip_v1_0_10 -L generic_baseblocks_v2_1_0 -L axi_register_slice_v2_1_22 -L fifo_generator_v13_2_5 -L axi_data_fifo_v2_1_21 -L axi_crossbar_v2_1_23 -L lib_cdc_v1_0_2 -L proc_sys_reset_v5_0_13 -L axi_protocol_converter_v2_1_22 -L axi_clock_converter_v2_1_21 -L blk_mem_gen_v8_4_4 -L axi_dwidth_converter_v2_1_22 -L uvm -L xilinx_vip -L unisims_ver -L unimacro_ver -L secureip -L xpm --snapshot tb_dma_vga_behav xil_defaultlib.tb_dma_vga xil_defaultlib.glbl -log elaborate.log"
Vivado Simulator 2020.2
Copyright 1986-1999, 2001-2020 Xilinx, Inc. All Rights Reserved.
Running: E:/Xilinx/Vivado/2020.2/bin/unwrapped/win64.o/xelab.exe -wto 74048056a3674799b78154eeed3124fa --incr --debug typical --relax --mt 2 -L xil_defaultlib -L axi_infrastructure_v1_1_0 -L axi_vip_v1_1_8 -L processing_system7_vip_v1_0_10 -L generic_baseblocks_v2_1_0 -L axi_register_slice_v2_1_22 -L fifo_generator_v13_2_5 -L axi_data_fifo_v2_1_21 -L axi_crossbar_v2_1_23 -L lib_cdc_v1_0_2 -L proc_sys_reset_v5_0_13 -L axi_protocol_converter_v2_1_22 -L axi_clock_converter_v2_1_21 -L blk_mem_gen_v8_4_4 -L axi_dwidth_converter_v2_1_22 -L uvm -L xilinx_vip -L unisims_ver -L unimacro_ver -L secureip -L xpm --snapshot tb_dma_vga_behav xil_defaultlib.tb_dma_vga xil_defaultlib.glbl -log elaborate.log 
Using 2 slave threads.
Starting static elaboration
Pass Through NonSizing Optimizer
WARNING: [VRFC 10-4969] module 'processing_system7_vip_v1_0_10_arb_wr' is instantiated multiple times from VHDL or from both Verilog and VHDL, elaboration result may be incorrect [/wrk/ci/prod/2020.2/sw/continuous/733/packages/customer/vivado/data/ip/xilinx/processing_system7_vip_v1_0/hdl/processing_system7_vip_v1_0_vl_rfs.sv:11]
WARNING: [VRFC 10-3091] actual bit length 128 differs from formal bit length 64 for port 'WR_DATA_STRB' [/scratch/proj/xbuilds/SWIP/2020.2_1118_1232/infra/XSIM/lin/.cxl.ip/incl/processing_system7_vip_v1_0_10_axi_gp.v:208]
WARNING: [VRFC 10-3091] actual bit length 12 differs from formal bit length 6 for port 'm_axi_bid' [/wrk/ci/prod/2020.2/sw/continuous/733/packages/customer/vivado/data/ip/xilinx/processing_system7_vip_v1_0/hdl/processing_system7_vip_v1_0_vl_rfs.sv:5546]
WARNING: [VRFC 10-3091] actual bit length 12 differs from formal bit length 6 for port 'm_axi_rid' [/wrk/ci/prod/2020.2/sw/continuous/733/packages/customer/vivado/data/ip/xilinx/processing_system7_vip_v1_0/hdl/processing_system7_vip_v1_0_vl_rfs.sv:5564]
WARNING: [VRFC 10-3091] actual bit length 128 differs from formal bit length 64 for port 'WR_DATA_STRB' [/scratch/proj/xbuilds/SWIP/2020.2_1118_1232/infra/XSIM/lin/.cxl.ip/incl/processing_system7_vip_v1_0_10_axi_gp.v:292]
WARNING: [VRFC 10-3091] actual bit length 8 differs from formal bit length 9 for port 'WR_BYTES' [/scratch/proj/xbuilds/SWIP/2020.2_1118_1232/infra/XSIM/lin/.cxl.ip/incl/processing_system7_vip_v1_0_10_axi_hp.v:80]
WARNING: [VRFC 10-3091] actual bit length 8 differs from formal bit length 9 for port 'RD_BYTES' [/scratch/proj/xbuilds/SWIP/2020.2_1118_1232/infra/XSIM/lin/.cxl.ip/incl/processing_system7_vip_v1_0_10_axi_hp.v:89]
WARNING: [VRFC 10-3091] actual bit length 12 differs from formal bit length 6 for port 'm_axi_bid' [/wrk/ci/prod/2020.2/sw/continuous/733/packages/customer/vivado/data/ip/xilinx/processing_system7_vip_v1_0/hdl/processing_system7_vip_v1_0_vl_rfs.sv:10256]
WARNING: [VRFC 10-3091] actual bit length 12 differs from formal bit length 6 for port 'm_axi_rid' [/wrk/ci/prod/2020.2/sw/continuous/733/packages/customer/vivado/data/ip/xilinx/processing_system7_vip_v1_0/hdl/processing_system7_vip_v1_0_vl_rfs.sv:10274]
WARNING: [VRFC 10-3091] actual bit length 32 differs from formal bit length 64 for port 'm_axi_rdata' [/wrk/ci/prod/2020.2/sw/continuous/733/packages/customer/vivado/data/ip/xilinx/processing_system7_vip_v1_0/hdl/processing_system7_vip_v1_0_vl_rfs.sv:10275]
WARNING: [VRFC 10-3091] actual bit length 8 differs from formal bit length 9 for port 'WR_BYTES' [/scratch/proj/xbuilds/SWIP/2020.2_1118_1232/infra/XSIM/lin/.cxl.ip/incl/processing_system7_vip_v1_0_10_axi_hp.v:165]
WARNING: [VRFC 10-3091] actual bit length 8 differs from formal bit length 9 for port 'RD_BYTES' [/scratch/proj/xbuilds/SWIP/2020.2_1118_1232/infra/XSIM/lin/.cxl.ip/incl/processing_system7_vip_v1_0_10_axi_hp.v:174]
WARNING: [VRFC 10-3091] actual bit length 8 differs from formal bit length 9 for port 'WR_BYTES' [/scratch/proj/xbuilds/SWIP/2020.2_1118_1232/infra/XSIM/lin/.cxl.ip/incl/processing_system7_vip_v1_0_10_axi_hp.v:251]
WARNING: [VRFC 10-3091] actual bit length 8 differs from formal bit length 9 for port 'RD_BYTES' [/scratch/proj/xbuilds/SWIP/2020.2_1118_1232/infra/XSIM/lin/.cxl.ip/incl/processing_system7_vip_v1_0_10_axi_hp.v:260]
WARNING: [VRFC 10-3091] actual bit length 8 differs from formal bit length 9 for port 'WR_BYTES' [/scratch/proj/xbuilds/SWIP/2020.2_1118_1232/infra/XSIM/lin/.cxl.ip/incl/processing_system7_vip_v1_0_10_axi_hp.v:337]
WARNING: [VRFC 10-3091] actual bit length 8 differs from formal bit length 9 for port 'RD_BYTES' [/scratch/proj/xbuilds/SWIP/2020.2_1118_1232/infra/XSIM/lin/.cxl.ip/incl/processing_system7_vip_v1_0_10_axi_hp.v:346]
WARNING: [VRFC 10-3091] actual bit length 12 differs from formal bit length 3 for port 'm_axi_bid' [/wrk/ci/prod/2020.2/sw/continuous/733/packages/customer/vivado/data/ip/xilinx/processing_system7_vip_v1_0/hdl/processing_system7_vip_v1_0_vl_rfs.sv:7157]
WARNING: [VRFC 10-3091] actual bit length 12 differs from formal bit length 3 for port 'm_axi_rid' [/wrk/ci/prod/2020.2/sw/continuous/733/packages/customer/vivado/data/ip/xilinx/processing_system7_vip_v1_0/hdl/processing_system7_vip_v1_0_vl_rfs.sv:7175]
WARNING: [VRFC 10-3091] actual bit length 32 differs from formal bit length 64 for port 'm_axi_rdata' [/wrk/ci/prod/2020.2/sw/continuous/733/packages/customer/vivado/data/ip/xilinx/processing_system7_vip_v1_0/hdl/processing_system7_vip_v1_0_vl_rfs.sv:7176]
WARNING: [VRFC 10-5021] port 'ENET0_GMII_RXD' is not connected on this instance [C:/Users/vladi/Documents/Travail/Formation_AJC-Expleo/Projet/PL/Soc_Tracking.ip_user_files/bd/Soc_Tracking/ip/Soc_Tracking_processing_system7_0_0/sim/Soc_Tracking_processing_system7_0_0.v:283]
WARNING: [VRFC 10-3027] 'ocm_wr_strb_port0' was previously declared with a different range [/wrk/ci/prod/2020.2/sw/continuous/733/packages/customer/vivado/data/ip/xilinx/processing_system7_vip_v1_0/hdl/processing_system7_vip_v1_0_vl_rfs.sv:3809]
WARNING: [VRFC 10-5021] port 'aclk2x' is not connected on this instance [/wrk/ci/prod/2020.2/sw/continuous/733/packages/customer/vivado/data/ip/xilinx/axi_dwidth_converter_v2_1/hdl/axi_dwidth_converter_v2_1_vl_rfs.v:13138]
WARNING: [VRFC 10-5021] port 'aclk2x' is not connected on this instance [/wrk/ci/prod/2020.2/sw/continuous/733/packages/customer/vivado/data/ip/xilinx/axi_dwidth_converter_v2_1/hdl/axi_dwidth_converter_v2_1_vl_rfs.v:14235]
WARNING: [VRFC 10-5021] port 'aclk2x' is not connected on this instance [/wrk/ci/prod/2020.2/sw/continuous/733/packages/customer/vivado/data/ip/xilinx/axi_crossbar_v2_1/hdl/axi_crossbar_v2_1_vl_rfs.v:3103]
WARNING: [VRFC 10-3705] select index 64 into 'wrp_strb' is out of bounds [/wrk/ci/prod/2020.2/sw/continuous/733/packages/customer/vivado/data/ip/xilinx/processing_system7_vip_v1_0/hdl/processing_system7_vip_v1_0_vl_rfs.sv:6134]
WARNING: [VRFC 10-3705] select index 128 into 'wrp_strb' is out of bounds [/wrk/ci/prod/2020.2/sw/continuous/733/packages/customer/vivado/data/ip/xilinx/processing_system7_vip_v1_0/hdl/processing_system7_vip_v1_0_vl_rfs.sv:10898]
WARNING: [VRFC 10-3705] select index 128 into 'wrp_strb' is out of bounds [/wrk/ci/prod/2020.2/sw/continuous/733/packages/customer/vivado/data/ip/xilinx/processing_system7_vip_v1_0/hdl/processing_system7_vip_v1_0_vl_rfs.sv:7772]
WARNING: [VRFC 10-3705] select index 4 into 'wr_fifo_rd_ptr' is out of bounds [/wrk/ci/prod/2020.2/sw/continuous/733/packages/customer/vivado/data/ip/xilinx/processing_system7_vip_v1_0/hdl/processing_system7_vip_v1_0_vl_rfs.sv:7985]
WARNING: [VRFC 10-3705] select index 4 into 'ar_cnt' is out of bounds [/wrk/ci/prod/2020.2/sw/continuous/733/packages/customer/vivado/data/ip/xilinx/processing_system7_vip_v1_0/hdl/processing_system7_vip_v1_0_vl_rfs.sv:8124]
WARNING: [VRFC 10-3705] select index 4 into 'wr_rresp_cnt' is out of bounds [/wrk/ci/prod/2020.2/sw/continuous/733/packages/customer/vivado/data/ip/xilinx/processing_system7_vip_v1_0/hdl/processing_system7_vip_v1_0_vl_rfs.sv:8221]
WARNING: [VRFC 10-3705] select index 4 into 'rd_fifo_wr_ptr' is out of bounds [/wrk/ci/prod/2020.2/sw/continuous/733/packages/customer/vivado/data/ip/xilinx/processing_system7_vip_v1_0/hdl/processing_system7_vip_v1_0_vl_rfs.sv:8240]
WARNING: [VRFC 10-3705] select index 4 into 'rd_cnt' is out of bounds [/wrk/ci/prod/2020.2/sw/continuous/733/packages/customer/vivado/data/ip/xilinx/processing_system7_vip_v1_0/hdl/processing_system7_vip_v1_0_vl_rfs.sv:8381]
WARNING: [VRFC 10-3705] select index 4 into 'rresp_time_cnt' is out of bounds [/wrk/ci/prod/2020.2/sw/continuous/733/packages/customer/vivado/data/ip/xilinx/processing_system7_vip_v1_0/hdl/processing_system7_vip_v1_0_vl_rfs.sv:8386]
WARNING: [VRFC 10-3705] select index 4 into 'rd_fifo_rd_ptr' is out of bounds [/wrk/ci/prod/2020.2/sw/continuous/733/packages/customer/vivado/data/ip/xilinx/processing_system7_vip_v1_0/hdl/processing_system7_vip_v1_0_vl_rfs.sv:8391]
WARNING: [VRFC 10-3705] select index 2 into 'g7s_cc_rst_nsckt.arst_sync_wr' is out of bounds [/wrk/ci/prod/2020.2/sw/continuous/733/packages/customer/vivado/data/ip/xilinx/fifo_generator_v13_2/simulation/fifo_generator_vlog_beh.v:4830]
Completed static elaboration
Starting simulation data flow analysis
Completed simulation data flow analysis
Time Resolution for simulation is 1ps
Compiling package std.standard
Compiling package std.textio
Compiling package ieee.std_logic_1164
Compiling package ieee.numeric_std
Compiling package unisim.vcomponents
Compiling package ieee.std_logic_arith
Compiling package ieee.std_logic_unsigned
Compiling package vl.vl_types
Compiling package ieee.vital_timing
Compiling package ieee.vital_primitives
Compiling package unisim.vpkg
Compiling package synopsys.attributes
Compiling package ieee.std_logic_misc
Compiling module xil_defaultlib.glbl
Compiling architecture behav of entity xil_defaultlib.DMA24bUnit_mm2s_gmem_m_axi_throttl [\DMA24bUnit_mm2s_gmem_m_axi_thro...]
Compiling architecture behave of entity xil_defaultlib.DMA24bUnit_mm2s_gmem_m_axi_fifo [\DMA24bUnit_mm2s_gmem_m_axi_fifo...]
Compiling architecture behave of entity xil_defaultlib.DMA24bUnit_mm2s_gmem_m_axi_reg_slice [\DMA24bUnit_mm2s_gmem_m_axi_reg_...]
Compiling architecture behave of entity xil_defaultlib.DMA24bUnit_mm2s_gmem_m_axi_fifo [\DMA24bUnit_mm2s_gmem_m_axi_fifo...]
Compiling architecture arch of entity xil_defaultlib.DMA24bUnit_mm2s_gmem_m_axi_buffer [\DMA24bUnit_mm2s_gmem_m_axi_buff...]
Compiling architecture behave of entity xil_defaultlib.DMA24bUnit_mm2s_gmem_m_axi_fifo [\DMA24bUnit_mm2s_gmem_m_axi_fifo...]
Compiling architecture behave of entity xil_defaultlib.DMA24bUnit_mm2s_gmem_m_axi_fifo [\DMA24bUnit_mm2s_gmem_m_axi_fifo...]
Compiling architecture behave of entity xil_defaultlib.DMA24bUnit_mm2s_gmem_m_axi_write [\DMA24bUnit_mm2s_gmem_m_axi_writ...]
Compiling architecture arch of entity xil_defaultlib.DMA24bUnit_mm2s_gmem_m_axi_buffer [\DMA24bUnit_mm2s_gmem_m_axi_buff...]
Compiling architecture behave of entity xil_defaultlib.DMA24bUnit_mm2s_gmem_m_axi_reg_slice [\DMA24bUnit_mm2s_gmem_m_axi_reg_...]
Compiling architecture behave of entity xil_defaultlib.DMA24bUnit_mm2s_gmem_m_axi_read [\DMA24bUnit_mm2s_gmem_m_axi_read...]
Compiling architecture behave of entity xil_defaultlib.DMA24bUnit_mm2s_gmem_m_axi [\DMA24bUnit_mm2s_gmem_m_axi(num_...]
Compiling architecture behav of entity xil_defaultlib.DMA24bUnit_mm2s_mul_mul_11s_13ns_24_4_1_DSP48_0 [dma24bunit_mm2s_mul_mul_11s_13ns...]
Compiling architecture arch of entity xil_defaultlib.DMA24bUnit_mm2s_mul_mul_11s_13ns_24_4_1 [\DMA24bUnit_mm2s_mul_mul_11s_13n...]
Compiling architecture behav of entity xil_defaultlib.DMA24bUnit_mm2s_DMA24b_mm2s_fetch [dma24bunit_mm2s_dma24b_mm2s_fetc...]
Compiling architecture behav of entity xil_defaultlib.DMA24bUnit_mm2s_mul_mul_12ns_8ns_20_4_1_DSP48_1 [dma24bunit_mm2s_mul_mul_12ns_8ns...]
Compiling architecture arch of entity xil_defaultlib.DMA24bUnit_mm2s_mul_mul_12ns_8ns_20_4_1 [\DMA24bUnit_mm2s_mul_mul_12ns_8n...]
Compiling architecture behav of entity xil_defaultlib.DMA24bUnit_mm2s_DMA24b_mm2s_streamout [dma24bunit_mm2s_dma24b_mm2s_stre...]
Compiling architecture arch of entity xil_defaultlib.DMA24bUnit_mm2s_fifo_w128_d256_A_ram [dma24bunit_mm2s_fifo_w128_d256_a...]
Compiling architecture arch of entity xil_defaultlib.DMA24bUnit_mm2s_fifo_w128_d256_A [dma24bunit_mm2s_fifo_w128_d256_a...]
Compiling architecture rtl of entity xil_defaultlib.DMA24bUnit_mm2s_fifo_w12_d2_S_shiftReg [dma24bunit_mm2s_fifo_w12_d2_s_sh...]
Compiling architecture rtl of entity xil_defaultlib.DMA24bUnit_mm2s_fifo_w12_d2_S [\DMA24bUnit_mm2s_fifo_w12_d2_S(1...]
Compiling architecture rtl of entity xil_defaultlib.DMA24bUnit_mm2s_start_for_DMA24b_mm2s_streamout_U0_shiftReg [dma24bunit_mm2s_start_for_dma24b...]
Compiling architecture rtl of entity xil_defaultlib.DMA24bUnit_mm2s_start_for_DMA24b_mm2s_streamout_U0 [\DMA24bUnit_mm2s_start_for_DMA24...]
Compiling architecture behav of entity xil_defaultlib.DMA24bUnit_mm2s_DMA24b_mm2s [dma24bunit_mm2s_dma24b_mm2s_defa...]
Compiling architecture behav of entity xil_defaultlib.DMA24bUnit_mm2s_regslice_both [\DMA24bUnit_mm2s_regslice_both(d...]
Compiling architecture behav of entity xil_defaultlib.DMA24bUnit_mm2s_regslice_both [\DMA24bUnit_mm2s_regslice_both(d...]
Compiling architecture behav of entity xil_defaultlib.DMA24bUnit_mm2s_regslice_both [\DMA24bUnit_mm2s_regslice_both(d...]
Compiling architecture behav of entity xil_defaultlib.DMA24bUnit_mm2s [dma24bunit_mm2s_default]
Compiling architecture soc_tracking_dma24bunit_mm2s_0_0_arch of entity xil_defaultlib.Soc_Tracking_DMA24bUnit_mm2s_0_0 [soc_tracking_dma24bunit_mm2s_0_0...]
Compiling architecture behavioral of entity xil_defaultlib.DMA_controller [dma_controller_default]
Compiling architecture soc_tracking_dma_controller_0_0_arch of entity xil_defaultlib.Soc_Tracking_DMA_controller_0_0 [soc_tracking_dma_controller_0_0_...]
Compiling architecture behavioral of entity xil_defaultlib.VGA_controller [vga_controller_default]
Compiling architecture soc_tracking_vga_controller_0_0_arch of entity xil_defaultlib.Soc_Tracking_VGA_controller_0_0 [soc_tracking_vga_controller_0_0_...]
Compiling module processing_system7_vip_v1_0_10.processing_system7_vip_v1_0_10_g...
Compiling module processing_system7_vip_v1_0_10.processing_system7_vip_v1_0_10_g...
Compiling module processing_system7_vip_v1_0_10.processing_system7_vip_v1_0_10_a...
Compiling module processing_system7_vip_v1_0_10.processing_system7_vip_v1_0_10_a...
Compiling module processing_system7_vip_v1_0_10.processing_system7_vip_v1_0_10_f...
Compiling module processing_system7_vip_v1_0_10.processing_system7_vip_v1_0_10_a...
Compiling module processing_system7_vip_v1_0_10.processing_system7_vip_v1_0_10_a...
Compiling module processing_system7_vip_v1_0_10.processing_system7_vip_v1_0_10_a...
Compiling module processing_system7_vip_v1_0_10.processing_system7_vip_v1_0_10_a...
Compiling module processing_system7_vip_v1_0_10.processing_system7_vip_v1_0_10_s...
Compiling module processing_system7_vip_v1_0_10.processing_system7_vip_v1_0_10_i...
Compiling module processing_system7_vip_v1_0_10.processing_system7_vip_v1_0_10_s...
Compiling module processing_system7_vip_v1_0_10.processing_system7_vip_v1_0_10_d...
Compiling module processing_system7_vip_v1_0_10.processing_system7_vip_v1_0_10_o...
Compiling module processing_system7_vip_v1_0_10.processing_system7_vip_v1_0_10_o...
Compiling module processing_system7_vip_v1_0_10.processing_system7_vip_v1_0_10_r...
Compiling module processing_system7_vip_v1_0_10.processing_system7_vip_v1_0_10_r...
Compiling module xilinx_vip.axi_vip_axi4pc(WDATA_WIDTH=32,RD...
Compiling module xilinx_vip.cb
Compiling module xilinx_vip.axi_vip_if(C_AXI_PROTOCOL=1,C_AX...
Compiling module axi_vip_v1_1_8.axi_vip_v1_1_8_top(C_AXI_PROTOCO...
Compiling module processing_system7_vip_v1_0_10.processing_system7_vip_v1_0_10_a...
Compiling module processing_system7_vip_v1_0_10.processing_system7_vip_v1_0_10_a...
Compiling module xilinx_vip.axi_vip_axi4pc(WDATA_WIDTH=32,RD...
Compiling module xilinx_vip.cb
Compiling module xilinx_vip.axi_vip_if(C_AXI_PROTOCOL=1,C_AX...
Compiling module axi_vip_v1_1_8.axi_vip_v1_1_8_top(C_AXI_PROTOCO...
WARNING: [VRFC 10-3705] select index 64 into 'wrp_strb' is out of bounds [/wrk/ci/prod/2020.2/sw/continuous/733/packages/customer/vivado/data/ip/xilinx/processing_system7_vip_v1_0/hdl/processing_system7_vip_v1_0_vl_rfs.sv:6134]
Compiling module processing_system7_vip_v1_0_10.processing_system7_vip_v1_0_10_a...
Compiling module processing_system7_vip_v1_0_10.processing_system7_vip_v1_0_10_a...
Compiling module xilinx_vip.axi_vip_axi4pc(PROTOCOL=1,RID_WI...
Compiling module xilinx_vip.cb
Compiling module xilinx_vip.axi_vip_if(C_AXI_PROTOCOL=1,C_AX...
Compiling module axi_vip_v1_1_8.axi_vip_v1_1_8_top(C_AXI_PROTOCO...
Compiling module processing_system7_vip_v1_0_10.processing_system7_vip_v1_0_10_i...
WARNING: [VRFC 10-3705] select index 128 into 'wrp_strb' is out of bounds [/wrk/ci/prod/2020.2/sw/continuous/733/packages/customer/vivado/data/ip/xilinx/processing_system7_vip_v1_0/hdl/processing_system7_vip_v1_0_vl_rfs.sv:10898]
Compiling module processing_system7_vip_v1_0_10.processing_system7_vip_v1_0_10_a...
Compiling module processing_system7_vip_v1_0_10.processing_system7_vip_v1_0_10_a...
Compiling module processing_system7_vip_v1_0_10.processing_system7_vip_v1_0_10_a...
Compiling module processing_system7_vip_v1_0_10.processing_system7_vip_v1_0_10_a...
Compiling module xilinx_vip.axi_vip_axi4pc(PROTOCOL=1,RID_WI...
Compiling module xilinx_vip.cb
Compiling module xilinx_vip.axi_vip_if(C_AXI_PROTOCOL=1,C_AX...
Compiling module axi_vip_v1_1_8.axi_vip_v1_1_8_top(C_AXI_PROTOCO...
WARNING: [VRFC 10-3705] select index 128 into 'wrp_strb' is out of bounds [/wrk/ci/prod/2020.2/sw/continuous/733/packages/customer/vivado/data/ip/xilinx/processing_system7_vip_v1_0/hdl/processing_system7_vip_v1_0_vl_rfs.sv:7772]
WARNING: [VRFC 10-3705] select index 4 into 'wr_fifo_rd_ptr' is out of bounds [/wrk/ci/prod/2020.2/sw/continuous/733/packages/customer/vivado/data/ip/xilinx/processing_system7_vip_v1_0/hdl/processing_system7_vip_v1_0_vl_rfs.sv:7985]
WARNING: [VRFC 10-3705] select index 4 into 'ar_cnt' is out of bounds [/wrk/ci/prod/2020.2/sw/continuous/733/packages/customer/vivado/data/ip/xilinx/processing_system7_vip_v1_0/hdl/processing_system7_vip_v1_0_vl_rfs.sv:8124]
WARNING: [VRFC 10-3705] select index 4 into 'wr_rresp_cnt' is out of bounds [/wrk/ci/prod/2020.2/sw/continuous/733/packages/customer/vivado/data/ip/xilinx/processing_system7_vip_v1_0/hdl/processing_system7_vip_v1_0_vl_rfs.sv:8221]
WARNING: [VRFC 10-3705] select index 4 into 'rd_fifo_wr_ptr' is out of bounds [/wrk/ci/prod/2020.2/sw/continuous/733/packages/customer/vivado/data/ip/xilinx/processing_system7_vip_v1_0/hdl/processing_system7_vip_v1_0_vl_rfs.sv:8240]
WARNING: [VRFC 10-3705] select index 4 into 'rd_cnt' is out of bounds [/wrk/ci/prod/2020.2/sw/continuous/733/packages/customer/vivado/data/ip/xilinx/processing_system7_vip_v1_0/hdl/processing_system7_vip_v1_0_vl_rfs.sv:8381]
WARNING: [VRFC 10-3705] select index 4 into 'rresp_time_cnt' is out of bounds [/wrk/ci/prod/2020.2/sw/continuous/733/packages/customer/vivado/data/ip/xilinx/processing_system7_vip_v1_0/hdl/processing_system7_vip_v1_0_vl_rfs.sv:8386]
WARNING: [VRFC 10-3705] select index 4 into 'rd_fifo_rd_ptr' is out of bounds [/wrk/ci/prod/2020.2/sw/continuous/733/packages/customer/vivado/data/ip/xilinx/processing_system7_vip_v1_0/hdl/processing_system7_vip_v1_0_vl_rfs.sv:8391]
Compiling module processing_system7_vip_v1_0_10.processing_system7_vip_v1_0_10_a...
Compiling module processing_system7_vip_v1_0_10.processing_system7_vip_v1_0_10(C...
Compiling module xil_defaultlib.Soc_Tracking_processing_system7_...
Compiling module fifo_generator_v13_2_5.fifo_generator_v13_2_5_bhv_ver_s...
Compiling module fifo_generator_v13_2_5.fifo_generator_v13_2_5_bhv_ver_p...
WARNING: [VRFC 10-3705] select index 2 into 'g7s_cc_rst_nsckt.arst_sync_wr' is out of bounds [/wrk/ci/prod/2020.2/sw/continuous/733/packages/customer/vivado/data/ip/xilinx/fifo_generator_v13_2/simulation/fifo_generator_vlog_beh.v:4830]
Compiling module fifo_generator_v13_2_5.fifo_generator_v13_2_5_CONV_VER(...
Compiling module fifo_generator_v13_2_5.fifo_generator_vlog_beh(C_COMMON...
Compiling module axi_data_fifo_v2_1_21.axi_data_fifo_v2_1_21_fifo_gen(C...
Compiling module axi_data_fifo_v2_1_21.axi_data_fifo_v2_1_21_axic_fifo(...
Compiling module fifo_generator_v13_2_5.fifo_generator_v13_2_5_bhv_ver_s...
Compiling module fifo_generator_v13_2_5.fifo_generator_v13_2_5_bhv_ver_p...
Compiling module fifo_generator_v13_2_5.fifo_generator_v13_2_5_CONV_VER(...
Compiling module fifo_generator_v13_2_5.fifo_generator_vlog_beh(C_COMMON...
Compiling module axi_data_fifo_v2_1_21.axi_data_fifo_v2_1_21_fifo_gen(C...
Compiling module axi_data_fifo_v2_1_21.axi_data_fifo_v2_1_21_axic_fifo(...
Compiling module axi_dwidth_converter_v2_1_22.axi_dwidth_converter_v2_1_22_a_d...
Compiling module axi_dwidth_converter_v2_1_22.axi_dwidth_converter_v2_1_22_w_d...
Compiling module axi_dwidth_converter_v2_1_22.axi_dwidth_converter_v2_1_22_b_d...
Compiling module axi_dwidth_converter_v2_1_22.axi_dwidth_converter_v2_1_22_a_d...
Compiling module axi_dwidth_converter_v2_1_22.axi_dwidth_converter_v2_1_22_r_d...
Compiling module axi_dwidth_converter_v2_1_22.axi_dwidth_converter_v2_1_22_axi...
Compiling module fifo_generator_v13_2_5.fifo_generator_v13_2_5_bhv_ver_s...
Compiling module fifo_generator_v13_2_5.fifo_generator_v13_2_5_bhv_ver_p...
Compiling module fifo_generator_v13_2_5.fifo_generator_v13_2_5_CONV_VER(...
Compiling module fifo_generator_v13_2_5.fifo_generator_vlog_beh(C_COMMON...
Compiling module axi_data_fifo_v2_1_21.axi_data_fifo_v2_1_21_fifo_gen(C...
Compiling module axi_data_fifo_v2_1_21.axi_data_fifo_v2_1_21_axic_fifo(...
Compiling module axi_protocol_converter_v2_1_22.axi_protocol_converter_v2_1_22_a...
Compiling module axi_protocol_converter_v2_1_22.axi_protocol_converter_v2_1_22_w...
Compiling module axi_protocol_converter_v2_1_22.axi_protocol_converter_v2_1_22_b...
Compiling module fifo_generator_v13_2_5.fifo_generator_v13_2_5_bhv_ver_s...
Compiling module fifo_generator_v13_2_5.fifo_generator_v13_2_5_bhv_ver_p...
Compiling module fifo_generator_v13_2_5.fifo_generator_v13_2_5_CONV_VER(...
Compiling module fifo_generator_v13_2_5.fifo_generator_vlog_beh(C_COMMON...
Compiling module axi_data_fifo_v2_1_21.axi_data_fifo_v2_1_21_fifo_gen(C...
Compiling module axi_data_fifo_v2_1_21.axi_data_fifo_v2_1_21_axic_fifo(...
Compiling module axi_protocol_converter_v2_1_22.axi_protocol_converter_v2_1_22_a...
Compiling module axi_protocol_converter_v2_1_22.axi_protocol_converter_v2_1_22_r...
Compiling module axi_protocol_converter_v2_1_22.axi_protocol_converter_v2_1_22_a...
Compiling module axi_protocol_converter_v2_1_22.axi_protocol_converter_v2_1_22_a...
Compiling module axi_dwidth_converter_v2_1_22.axi_dwidth_converter_v2_1_22_top...
Compiling module xil_defaultlib.Soc_Tracking_auto_ds_0
Compiling module axi_protocol_converter_v2_1_22.axi_protocol_converter_v2_1_22_a...
Compiling module axi_protocol_converter_v2_1_22.axi_protocol_converter_v2_1_22_w...
Compiling module axi_protocol_converter_v2_1_22.axi_protocol_converter_v2_1_22_a...
Compiling module axi_protocol_converter_v2_1_22.axi_protocol_converter_v2_1_22_a...
Compiling module xil_defaultlib.Soc_Tracking_auto_pc_0
Compiling architecture structure of entity xil_defaultlib.m00_couplers_imp_LIW5QW [m00_couplers_imp_liw5qw_default]
Compiling module axi_protocol_converter_v2_1_22.axi_protocol_converter_v2_1_22_a...
Compiling module xil_defaultlib.Soc_Tracking_auto_pc_1
Compiling module axi_infrastructure_v1_1_0.axi_infrastructure_v1_1_0_axi2ve...
Compiling module axi_infrastructure_v1_1_0.axi_infrastructure_v1_1_0_vector...
Compiling module axi_register_slice_v2_1_22.axi_register_slice_v2_1_22_axic_...
Compiling module axi_register_slice_v2_1_22.axi_register_slice_v2_1_22_axic_...
Compiling module axi_register_slice_v2_1_22.axi_register_slice_v2_1_22_axic_...
Compiling module axi_register_slice_v2_1_22.axi_register_slice_v2_1_22_axic_...
Compiling module axi_register_slice_v2_1_22.axi_register_slice_v2_1_22_axi_r...
Compiling module generic_baseblocks_v2_1_0.generic_baseblocks_v2_1_0_comman...
Compiling module generic_baseblocks_v2_1_0.generic_baseblocks_v2_1_0_comman...
Compiling module axi_dwidth_converter_v2_1_22.axi_dwidth_converter_v2_1_22_a_u...
Compiling module axi_dwidth_converter_v2_1_22.axi_dwidth_converter_v2_1_22_w_u...
Compiling module axi_dwidth_converter_v2_1_22.axi_dwidth_converter_v2_1_22_a_u...
Compiling module axi_dwidth_converter_v2_1_22.axi_dwidth_converter_v2_1_22_r_u...
Compiling module axi_infrastructure_v1_1_0.axi_infrastructure_v1_1_0_axi2ve...
Compiling module axi_infrastructure_v1_1_0.axi_infrastructure_v1_1_0_vector...
Compiling module axi_register_slice_v2_1_22.axi_register_slice_v2_1_22_axic_...
Compiling module axi_register_slice_v2_1_22.axi_register_slice_v2_1_22_axic_...
Compiling module axi_register_slice_v2_1_22.axi_register_slice_v2_1_22_axic_...
Compiling module axi_register_slice_v2_1_22.axi_register_slice_v2_1_22_axic_...
Compiling module axi_register_slice_v2_1_22.axi_register_slice_v2_1_22_axi_r...
Compiling module axi_dwidth_converter_v2_1_22.axi_dwidth_converter_v2_1_22_axi...
Compiling module axi_dwidth_converter_v2_1_22.axi_dwidth_converter_v2_1_22_top...
Compiling module xil_defaultlib.Soc_Tracking_auto_us_0
Compiling architecture structure of entity xil_defaultlib.s00_couplers_imp_MEXH3F [s00_couplers_imp_mexh3f_default]
Compiling architecture structure of entity xil_defaultlib.s01_couplers_imp_JXZ18R [s01_couplers_imp_jxz18r_default]
Compiling module generic_baseblocks_v2_1_0.generic_baseblocks_v2_1_0_carry_...
Compiling module generic_baseblocks_v2_1_0.generic_baseblocks_v2_1_0_compar...
Compiling module axi_crossbar_v2_1_23.axi_crossbar_v2_1_23_addr_decode...
Compiling module generic_baseblocks_v2_1_0.generic_baseblocks_v2_1_0_mux_en...
Compiling module unisims_ver.SRLC32E_default_1
Compiling module axi_data_fifo_v2_1_21.axi_data_fifo_v2_1_21_ndeep_srl(...
Compiling module axi_data_fifo_v2_1_21.axi_data_fifo_v2_1_21_axic_srl_f...
Compiling module axi_crossbar_v2_1_23.axi_crossbar_v2_1_23_si_transact...
Compiling module generic_baseblocks_v2_1_0.generic_baseblocks_v2_1_0_mux_en...
Compiling module axi_crossbar_v2_1_23.axi_crossbar_v2_1_23_si_transact...
Compiling module axi_crossbar_v2_1_23.axi_crossbar_v2_1_23_splitter
Compiling module unisims_ver.SRLC32E_default
Compiling module axi_data_fifo_v2_1_21.axi_data_fifo_v2_1_21_ndeep_srl(...
Compiling module axi_data_fifo_v2_1_21.axi_data_fifo_v2_1_21_axic_reg_s...
Compiling module axi_crossbar_v2_1_23.axi_crossbar_v2_1_23_wdata_route...
Compiling module axi_crossbar_v2_1_23.axi_crossbar_v2_1_23_arbiter_res...
Compiling module axi_data_fifo_v2_1_21.axi_data_fifo_v2_1_21_ndeep_srl(...
Compiling module axi_data_fifo_v2_1_21.axi_data_fifo_v2_1_21_axic_srl_f...
Compiling module axi_crossbar_v2_1_23.axi_crossbar_v2_1_23_si_transact...
Compiling module axi_crossbar_v2_1_23.axi_crossbar_v2_1_23_si_transact...
Compiling module axi_data_fifo_v2_1_21.axi_data_fifo_v2_1_21_axic_reg_s...
Compiling module axi_crossbar_v2_1_23.axi_crossbar_v2_1_23_wdata_route...
Compiling module axi_crossbar_v2_1_23.axi_crossbar_v2_1_23_addr_decode...
Compiling module axi_data_fifo_v2_1_21.axi_data_fifo_v2_1_21_axic_reg_s...
Compiling module generic_baseblocks_v2_1_0.generic_baseblocks_v2_1_0_mux_en...
Compiling module axi_crossbar_v2_1_23.axi_crossbar_v2_1_23_wdata_mux(C...
Compiling module axi_data_fifo_v2_1_21.axi_data_fifo_v2_1_21_axic_srl_f...
Compiling module axi_infrastructure_v1_1_0.axi_infrastructure_v1_1_0_axi2ve...
Compiling module axi_infrastructure_v1_1_0.axi_infrastructure_v1_1_0_vector...
Compiling module axi_register_slice_v2_1_22.axi_register_slice_v2_1_22_axic_...
Compiling module axi_register_slice_v2_1_22.axi_register_slice_v2_1_22_axic_...
Compiling module axi_register_slice_v2_1_22.axi_register_slice_v2_1_22_axic_...
Compiling module axi_register_slice_v2_1_22.axi_register_slice_v2_1_22_axic_...
Compiling module axi_register_slice_v2_1_22.axi_register_slice_v2_1_22_axi_r...
Compiling module axi_data_fifo_v2_1_21.axi_data_fifo_v2_1_21_axic_reg_s...
Compiling module axi_crossbar_v2_1_23.axi_crossbar_v2_1_23_wdata_mux(C...
Compiling module axi_data_fifo_v2_1_21.axi_data_fifo_v2_1_21_axic_srl_f...
Compiling module generic_baseblocks_v2_1_0.generic_baseblocks_v2_1_0_mux_en...
Compiling module generic_baseblocks_v2_1_0.generic_baseblocks_v2_1_0_mux_en...
Compiling module axi_crossbar_v2_1_23.axi_crossbar_v2_1_23_addr_arbite...
Compiling module axi_crossbar_v2_1_23.axi_crossbar_v2_1_23_decerr_slav...
Compiling module axi_crossbar_v2_1_23.axi_crossbar_v2_1_23_crossbar(C_...
Compiling module axi_crossbar_v2_1_23.axi_crossbar_v2_1_23_axi_crossba...
Compiling module xil_defaultlib.Soc_Tracking_xbar_0
Compiling package xilinx_vip.axi_vip_pkg
Compiling package xilinx_vip.xil_common_vip_pkg
Compiling package std.std
Compiling architecture structure of entity xil_defaultlib.Soc_Tracking_ps7_0_axi_periph_0 [soc_tracking_ps7_0_axi_periph_0_...]
Compiling architecture fdre_v of entity unisim.FDRE [fdre_default]
Compiling architecture fdre_v of entity unisim.FDRE [\FDRE(init='1')\]
Compiling architecture fdr_v of entity unisim.FDR [fdr_default]
Compiling architecture implementation of entity lib_cdc_v1_0_2.cdc_sync [\cdc_sync(c_vector_width=2,c_mtb...]
Compiling architecture srl16e_v of entity unisim.SRL16E [\SRL16E(init="1111111111111111")...]
Compiling architecture srl16_v of entity unisim.SRL16 [\SRL16(init="1111111111111111")(...]
Compiling architecture imp of entity proc_sys_reset_v5_0_13.lpf [\lpf(c_ext_rst_width=4,c_aux_rst...]
Compiling architecture imp of entity proc_sys_reset_v5_0_13.upcnt_n [\upcnt_n(c_size=6)\]
Compiling architecture imp of entity proc_sys_reset_v5_0_13.sequence_psr [sequence_psr_default]
Compiling architecture imp of entity proc_sys_reset_v5_0_13.proc_sys_reset [\proc_sys_reset(c_family="zynq",...]
Compiling architecture soc_tracking_rst_ps7_0_100m_0_arch of entity xil_defaultlib.Soc_Tracking_rst_ps7_0_100M_0 [soc_tracking_rst_ps7_0_100m_0_de...]
Compiling architecture structure of entity xil_defaultlib.Soc_Tracking [soc_tracking_default]
Compiling architecture structure of entity xil_defaultlib.Soc_Tracking_wrapper [soc_tracking_wrapper_default]
Compiling architecture behavioral of entity xil_defaultlib.tb_dma_vga
Built simulation snapshot tb_dma_vga_behav
run_program: Time (s): cpu = 00:00:02 ; elapsed = 00:01:23 . Memory (MB): peak = 1607.664 ; gain = 0.000
INFO: [USF-XSim-69] 'elaborate' step finished in '82' seconds
INFO: [USF-XSim-4] XSim::Simulate design
INFO: [USF-XSim-61] Executing 'SIMULATE' step in 'C:/Users/vladi/Documents/Travail/Formation_AJC-Expleo/Projet/PL/Soc_Tracking.sim/sim_2/behav/xsim'
INFO: [USF-XSim-98] *** Running xsim
   with args "tb_dma_vga_behav -key {Behavioral:sim_2:Functional:tb_dma_vga} -tclbatch {tb_dma_vga.tcl} -protoinst "protoinst_files/Soc_Tracking.protoinst" -view {C:/Users/vladi/Documents/Travail/Formation_AJC-Expleo/Projet/PL/sim_dma_vga.wcfg} -log {simulate.log}"
INFO: [USF-XSim-8] Loading simulator feature
Vivado Simulator 2020.2
INFO: [Wavedata 42-565] Reading protoinst file protoinst_files/Soc_Tracking.protoinst
INFO: [Wavedata 42-564]   Found protocol instance at /tb_dma_vga/dut/Soc_Tracking_i//DMA24bUnit_mm2s_0/STR_video_out
INFO: [Wavedata 42-564]   Found protocol instance at /tb_dma_vga/dut/Soc_Tracking_i//DMA24bUnit_mm2s_0/m_axi_gmem
INFO: [Wavedata 42-564]   Found protocol instance at /tb_dma_vga/dut/Soc_Tracking_i//VGA_controller_0/S_AXIS
INFO: [Wavedata 42-564]   Found protocol instance at /tb_dma_vga/dut/Soc_Tracking_i//processing_system7_0/M_AXI_GP0
INFO: [Wavedata 42-564]   Found protocol instance at /tb_dma_vga/dut/Soc_Tracking_i//processing_system7_0/S_AXI_HP0
INFO: [Wavedata 42-564]   Found protocol instance at /tb_dma_vga/dut/Soc_Tracking_i//ps7_0_axi_periph/M00_AXI
INFO: [Wavedata 42-564]   Found protocol instance at /tb_dma_vga/dut/Soc_Tracking_i//ps7_0_axi_periph/S00_AXI
INFO: [Wavedata 42-564]   Found protocol instance at /tb_dma_vga/dut/Soc_Tracking_i//ps7_0_axi_periph/S01_AXI
INFO: [Wavedata 42-564]   Found protocol instance at /tb_dma_vga/dut/Soc_Tracking_i//ps7_0_axi_periph/m00_couplers/M_AXI
INFO: [Wavedata 42-564]   Found protocol instance at /tb_dma_vga/dut/Soc_Tracking_i//ps7_0_axi_periph/m00_couplers/S_AXI
INFO: [Wavedata 42-564]   Found protocol instance at /tb_dma_vga/dut/Soc_Tracking_i//ps7_0_axi_periph/m00_couplers/auto_ds/M_AXI
INFO: [Wavedata 42-564]   Found protocol instance at /tb_dma_vga/dut/Soc_Tracking_i//ps7_0_axi_periph/m00_couplers/auto_ds/S_AXI
INFO: [Wavedata 42-564]   Found protocol instance at /tb_dma_vga/dut/Soc_Tracking_i//ps7_0_axi_periph/m00_couplers/auto_pc/M_AXI
INFO: [Wavedata 42-564]   Found protocol instance at /tb_dma_vga/dut/Soc_Tracking_i//ps7_0_axi_periph/m00_couplers/auto_pc/S_AXI
INFO: [Wavedata 42-564]   Found protocol instance at /tb_dma_vga/dut/Soc_Tracking_i//ps7_0_axi_periph/s00_couplers/M_AXI
INFO: [Wavedata 42-564]   Found protocol instance at /tb_dma_vga/dut/Soc_Tracking_i//ps7_0_axi_periph/s00_couplers/S_AXI
INFO: [Wavedata 42-564]   Found protocol instance at /tb_dma_vga/dut/Soc_Tracking_i//ps7_0_axi_periph/s00_couplers/auto_pc/M_AXI
INFO: [Wavedata 42-564]   Found protocol instance at /tb_dma_vga/dut/Soc_Tracking_i//ps7_0_axi_periph/s00_couplers/auto_pc/S_AXI
INFO: [Wavedata 42-564]   Found protocol instance at /tb_dma_vga/dut/Soc_Tracking_i//ps7_0_axi_periph/s00_couplers/auto_us/M_AXI
INFO: [Wavedata 42-564]   Found protocol instance at /tb_dma_vga/dut/Soc_Tracking_i//ps7_0_axi_periph/s00_couplers/auto_us/S_AXI
INFO: [Wavedata 42-564]   Found protocol instance at /tb_dma_vga/dut/Soc_Tracking_i//ps7_0_axi_periph/s01_couplers/M_AXI
INFO: [Wavedata 42-564]   Found protocol instance at /tb_dma_vga/dut/Soc_Tracking_i//ps7_0_axi_periph/s01_couplers/S_AXI
INFO: [Wavedata 42-564]   Found protocol instance at /tb_dma_vga/dut/Soc_Tracking_i//ps7_0_axi_periph/xbar/M00_AXI
INFO: [Wavedata 42-564]   Found protocol instance at /tb_dma_vga/dut/Soc_Tracking_i//ps7_0_axi_periph/xbar/S00_AXI
INFO: [Wavedata 42-564]   Found protocol instance at /tb_dma_vga/dut/Soc_Tracking_i//ps7_0_axi_periph/xbar/S01_AXI
WARNING: [Wavedata 42-559] Protocol instance "/tb_dma_vga/dut/Soc_Tracking_i//DMA24bUnit_mm2s_0/STR_video_out" was created but is non-functional for the following reason(s):
Required port "ACLK" is missing

WARNING: [Wavedata 42-559] Protocol instance "/tb_dma_vga/dut/Soc_Tracking_i//DMA24bUnit_mm2s_0/m_axi_gmem" was created but is non-functional for the following reason(s):
Required port "ACLK" is missing

WARNING: [Wavedata 42-559] Protocol instance "/tb_dma_vga/dut/Soc_Tracking_i//VGA_controller_0/S_AXIS" was created but is non-functional for the following reason(s):
Port "TUSER" must be a logic vector

Time resolution is 1 ps
open_wave_config C:/Users/vladi/Documents/Travail/Formation_AJC-Expleo/Projet/PL/sim_dma_vga.wcfg
WARNING: [Wavedata 42-572] Protocol instance "/tb_dma_vga/dut/Soc_Tracking_i/DMA24bUnit_mm2s_0/STR_video_out" is non-functional for the following reason(s):
Required port "ACLK" is missing

WARNING: [Wavedata 42-572] Protocol instance "/tb_dma_vga/dut/Soc_Tracking_i/DMA24bUnit_mm2s_0/STR_video_out" is non-functional for the following reason(s):
Required port "ACLK" is missing

WARNING: [Wavedata 42-572] Protocol instance "/tb_dma_vga/dut/Soc_Tracking_i/DMA24bUnit_mm2s_0/m_axi_gmem" is non-functional for the following reason(s):
Required port "ACLK" is missing

WARNING: [Wavedata 42-572] Protocol instance "/tb_dma_vga/dut/Soc_Tracking_i/DMA24bUnit_mm2s_0/m_axi_gmem" is non-functional for the following reason(s):
Required port "ACLK" is missing

source tb_dma_vga.tcl
# set curr_wave [current_wave_config]
# if { [string length $curr_wave] == 0 } {
#   if { [llength [get_objects]] > 0} {
#     add_wave /
#     set_property needs_save false [current_wave_config]
#   } else {
#      send_msg_id Add_Wave-1 WARNING "No top level signals found. Simulator will start without a wave window. If you want to open a wave window go to 'File->New Waveform Configuration' or type 'create_wave_config' in the TCL console."
#   }
# }
# run 3 ms
XilinxAXIVIP: Found at Path: tb_dma_vga.dut.Soc_Tracking_i.processing_system7_0.inst.M_AXI_GP0.master
[0] : *ZYNQ_VIP_INFO : M_AXI_GP0 : Port is ENABLED.
XilinxAXIVIP: Found at Path: tb_dma_vga.dut.Soc_Tracking_i.processing_system7_0.inst.M_AXI_GP1.master
[0] : *ZYNQ_VIP_INFO : M_AXI_GP1 : Port is DISABLED.
XilinxAXIVIP: Found at Path: tb_dma_vga.dut.Soc_Tracking_i.processing_system7_0.inst.S_AXI_GP0.slave
[0] : *ZYNQ_VIP_INFO : S_AXI_GP0 : Port is DISABLED.
XilinxAXIVIP: Found at Path: tb_dma_vga.dut.Soc_Tracking_i.processing_system7_0.inst.S_AXI_GP1.slave
[0] : *ZYNQ_VIP_INFO : S_AXI_GP1 : Port is DISABLED.
XilinxAXIVIP: Found at Path: tb_dma_vga.dut.Soc_Tracking_i.processing_system7_0.inst.S_AXI_HP0.slave
[0] : *ZYNQ_VIP_INFO : S_AXI_HP0 : Port is ENABLED.
                   0 BEFORE checking line ...... x
                   0 AFTER checking line ...... x
XilinxAXIVIP: Found at Path: tb_dma_vga.dut.Soc_Tracking_i.processing_system7_0.inst.S_AXI_HP1.slave
[0] : *ZYNQ_VIP_INFO : S_AXI_HP1 : Port is DISABLED.
                   0 BEFORE checking line ...... x
                   0 AFTER checking line ...... x
XilinxAXIVIP: Found at Path: tb_dma_vga.dut.Soc_Tracking_i.processing_system7_0.inst.S_AXI_HP2.slave
[0] : *ZYNQ_VIP_INFO : S_AXI_HP2 : Port is DISABLED.
                   0 BEFORE checking line ...... x
                   0 AFTER checking line ...... x
XilinxAXIVIP: Found at Path: tb_dma_vga.dut.Soc_Tracking_i.processing_system7_0.inst.S_AXI_HP3.slave
[0] : *ZYNQ_VIP_INFO : S_AXI_HP3 : Port is DISABLED.
                   0 BEFORE checking line ...... x
                   0 AFTER checking line ...... x
XilinxAXIVIP: Found at Path: tb_dma_vga.dut.Soc_Tracking_i.processing_system7_0.inst.S_AXI_ACP.slave
[0] : *ZYNQ_VIP_INFO : S_AXI_ACP : Port is DISABLED.
                   0 else checking line ......x
WARNING: 5 ns tb_dma_vga.dut.Soc_Tracking_i.processing_system7_0.inst.M_AXI_GP0.master.IF : ARESET_N can't be X/Z after 1 cycle of clock. To downgrade, use <hierarchy_path to VIP>.IF.set_enable_xchecks_to_warn(), or filter using clr_enable_xchecks.
WARNING: 5 ns tb_dma_vga.dut.Soc_Tracking_i.processing_system7_0.inst.S_AXI_HP0.slave.IF : ARESET_N can't be X/Z after 1 cycle of clock. To downgrade, use <hierarchy_path to VIP>.IF.set_enable_xchecks_to_warn(), or filter using clr_enable_xchecks.
                   5 else checking line ......1
             1000535 AFTER checking line ...... 1
             1002135 AFTER checking line ...... 1
             1002795 AFTER checking line ...... 1
             1002795 AFTER checking line ...... 1
             1002795 AFTER checking line ...... 1
             1002795 AFTER checking line ...... 1
             1002795 AFTER checking line ...... 1
             1002795 AFTER checking line ...... 1
Warning: XILINX_RECS_CONTINUOUS_RTRANSFERS_MAX_WAIT: RVALID should be asserted within MAXWAITS cycles of AR Command being accepted.
Time: 1010465 ns  Iteration: 1  Process: /tb_dma_vga/dut/Soc_Tracking_i/processing_system7_0/inst/S_AXI_HP0/slave/IF/PC/Always1528_1148  Scope: tb_dma_vga.dut.Soc_Tracking_i.processing_system7_0.inst.S_AXI_HP0.slave.IF.PC  File: /wrk/ci/prod/2020.2/sw/continuous/733/packages/customer/vivado/data/xilinx_vip/hdl/axi_vip_axi4pc.sv Line: 1656
Warning: XILINX_RECS_CONTINUOUS_RTRANSFERS_MAX_WAIT: RVALID should be asserted within MAXWAITS cycles of AR Command being accepted.
Time: 1020725 ns  Iteration: 1  Process: /tb_dma_vga/dut/Soc_Tracking_i/processing_system7_0/inst/S_AXI_HP0/slave/IF/PC/Always1528_1148  Scope: tb_dma_vga.dut.Soc_Tracking_i.processing_system7_0.inst.S_AXI_HP0.slave.IF.PC  File: /wrk/ci/prod/2020.2/sw/continuous/733/packages/customer/vivado/data/xilinx_vip/hdl/axi_vip_axi4pc.sv Line: 1656
Warning: XILINX_RECS_CONTINUOUS_RTRANSFERS_MAX_WAIT: RVALID should be asserted within MAXWAITS cycles of AR Command being accepted.
Time: 1030985 ns  Iteration: 1  Process: /tb_dma_vga/dut/Soc_Tracking_i/processing_system7_0/inst/S_AXI_HP0/slave/IF/PC/Always1528_1148  Scope: tb_dma_vga.dut.Soc_Tracking_i.processing_system7_0.inst.S_AXI_HP0.slave.IF.PC  File: /wrk/ci/prod/2020.2/sw/continuous/733/packages/customer/vivado/data/xilinx_vip/hdl/axi_vip_axi4pc.sv Line: 1656
Warning: XILINX_RECS_CONTINUOUS_RTRANSFERS_MAX_WAIT: RVALID should be asserted within MAXWAITS cycles of AR Command being accepted.
Time: 1041245 ns  Iteration: 1  Process: /tb_dma_vga/dut/Soc_Tracking_i/processing_system7_0/inst/S_AXI_HP0/slave/IF/PC/Always1528_1148  Scope: tb_dma_vga.dut.Soc_Tracking_i.processing_system7_0.inst.S_AXI_HP0.slave.IF.PC  File: /wrk/ci/prod/2020.2/sw/continuous/733/packages/customer/vivado/data/xilinx_vip/hdl/axi_vip_axi4pc.sv Line: 1656
Warning: XILINX_RECS_CONTINUOUS_RTRANSFERS_MAX_WAIT: RVALID should be asserted within MAXWAITS cycles of AR Command being accepted.
Time: 1051505 ns  Iteration: 1  Process: /tb_dma_vga/dut/Soc_Tracking_i/processing_system7_0/inst/S_AXI_HP0/slave/IF/PC/Always1528_1148  Scope: tb_dma_vga.dut.Soc_Tracking_i.processing_system7_0.inst.S_AXI_HP0.slave.IF.PC  File: /wrk/ci/prod/2020.2/sw/continuous/733/packages/customer/vivado/data/xilinx_vip/hdl/axi_vip_axi4pc.sv Line: 1656
Warning: XILINX_RECS_CONTINUOUS_RTRANSFERS_MAX_WAIT: RVALID should be asserted within MAXWAITS cycles of AR Command being accepted.
Time: 1061765 ns  Iteration: 1  Process: /tb_dma_vga/dut/Soc_Tracking_i/processing_system7_0/inst/S_AXI_HP0/slave/IF/PC/Always1528_1148  Scope: tb_dma_vga.dut.Soc_Tracking_i.processing_system7_0.inst.S_AXI_HP0.slave.IF.PC  File: /wrk/ci/prod/2020.2/sw/continuous/733/packages/customer/vivado/data/xilinx_vip/hdl/axi_vip_axi4pc.sv Line: 1656
Warning: XILINX_RECS_CONTINUOUS_RTRANSFERS_MAX_WAIT: RVALID should be asserted within MAXWAITS cycles of AR Command being accepted.
Time: 1072025 ns  Iteration: 1  Process: /tb_dma_vga/dut/Soc_Tracking_i/processing_system7_0/inst/S_AXI_HP0/slave/IF/PC/Always1528_1148  Scope: tb_dma_vga.dut.Soc_Tracking_i.processing_system7_0.inst.S_AXI_HP0.slave.IF.PC  File: /wrk/ci/prod/2020.2/sw/continuous/733/packages/customer/vivado/data/xilinx_vip/hdl/axi_vip_axi4pc.sv Line: 1656
Warning: XILINX_RECS_CONTINUOUS_RTRANSFERS_MAX_WAIT: RVALID should be asserted within MAXWAITS cycles of AR Command being accepted.
Time: 1082285 ns  Iteration: 1  Process: /tb_dma_vga/dut/Soc_Tracking_i/processing_system7_0/inst/S_AXI_HP0/slave/IF/PC/Always1528_1148  Scope: tb_dma_vga.dut.Soc_Tracking_i.processing_system7_0.inst.S_AXI_HP0.slave.IF.PC  File: /wrk/ci/prod/2020.2/sw/continuous/733/packages/customer/vivado/data/xilinx_vip/hdl/axi_vip_axi4pc.sv Line: 1656
Warning: XILINX_RECS_CONTINUOUS_RTRANSFERS_MAX_WAIT: RVALID should be asserted within MAXWAITS cycles of AR Command being accepted.
Time: 1092545 ns  Iteration: 1  Process: /tb_dma_vga/dut/Soc_Tracking_i/processing_system7_0/inst/S_AXI_HP0/slave/IF/PC/Always1528_1148  Scope: tb_dma_vga.dut.Soc_Tracking_i.processing_system7_0.inst.S_AXI_HP0.slave.IF.PC  File: /wrk/ci/prod/2020.2/sw/continuous/733/packages/customer/vivado/data/xilinx_vip/hdl/axi_vip_axi4pc.sv Line: 1656
Warning: XILINX_RECS_CONTINUOUS_RTRANSFERS_MAX_WAIT: RVALID should be asserted within MAXWAITS cycles of AR Command being accepted.
Time: 1102805 ns  Iteration: 1  Process: /tb_dma_vga/dut/Soc_Tracking_i/processing_system7_0/inst/S_AXI_HP0/slave/IF/PC/Always1528_1148  Scope: tb_dma_vga.dut.Soc_Tracking_i.processing_system7_0.inst.S_AXI_HP0.slave.IF.PC  File: /wrk/ci/prod/2020.2/sw/continuous/733/packages/customer/vivado/data/xilinx_vip/hdl/axi_vip_axi4pc.sv Line: 1656
Warning: XILINX_RECS_CONTINUOUS_RTRANSFERS_MAX_WAIT: RVALID should be asserted within MAXWAITS cycles of AR Command being accepted.
Time: 1113065 ns  Iteration: 1  Process: /tb_dma_vga/dut/Soc_Tracking_i/processing_system7_0/inst/S_AXI_HP0/slave/IF/PC/Always1528_1148  Scope: tb_dma_vga.dut.Soc_Tracking_i.processing_system7_0.inst.S_AXI_HP0.slave.IF.PC  File: /wrk/ci/prod/2020.2/sw/continuous/733/packages/customer/vivado/data/xilinx_vip/hdl/axi_vip_axi4pc.sv Line: 1656
Warning: XILINX_RECS_CONTINUOUS_RTRANSFERS_MAX_WAIT: RVALID should be asserted within MAXWAITS cycles of AR Command being accepted.
Time: 1123325 ns  Iteration: 1  Process: /tb_dma_vga/dut/Soc_Tracking_i/processing_system7_0/inst/S_AXI_HP0/slave/IF/PC/Always1528_1148  Scope: tb_dma_vga.dut.Soc_Tracking_i.processing_system7_0.inst.S_AXI_HP0.slave.IF.PC  File: /wrk/ci/prod/2020.2/sw/continuous/733/packages/customer/vivado/data/xilinx_vip/hdl/axi_vip_axi4pc.sv Line: 1656
Warning: XILINX_RECS_CONTINUOUS_RTRANSFERS_MAX_WAIT: RVALID should be asserted within MAXWAITS cycles of AR Command being accepted.
Time: 1133585 ns  Iteration: 1  Process: /tb_dma_vga/dut/Soc_Tracking_i/processing_system7_0/inst/S_AXI_HP0/slave/IF/PC/Always1528_1148  Scope: tb_dma_vga.dut.Soc_Tracking_i.processing_system7_0.inst.S_AXI_HP0.slave.IF.PC  File: /wrk/ci/prod/2020.2/sw/continuous/733/packages/customer/vivado/data/xilinx_vip/hdl/axi_vip_axi4pc.sv Line: 1656
Warning: XILINX_RECS_CONTINUOUS_RTRANSFERS_MAX_WAIT: RVALID should be asserted within MAXWAITS cycles of AR Command being accepted.
Time: 1143845 ns  Iteration: 1  Process: /tb_dma_vga/dut/Soc_Tracking_i/processing_system7_0/inst/S_AXI_HP0/slave/IF/PC/Always1528_1148  Scope: tb_dma_vga.dut.Soc_Tracking_i.processing_system7_0.inst.S_AXI_HP0.slave.IF.PC  File: /wrk/ci/prod/2020.2/sw/continuous/733/packages/customer/vivado/data/xilinx_vip/hdl/axi_vip_axi4pc.sv Line: 1656
Warning: XILINX_RECS_CONTINUOUS_RTRANSFERS_MAX_WAIT: RVALID should be asserted within MAXWAITS cycles of AR Command being accepted.
Time: 1154105 ns  Iteration: 1  Process: /tb_dma_vga/dut/Soc_Tracking_i/processing_system7_0/inst/S_AXI_HP0/slave/IF/PC/Always1528_1148  Scope: tb_dma_vga.dut.Soc_Tracking_i.processing_system7_0.inst.S_AXI_HP0.slave.IF.PC  File: /wrk/ci/prod/2020.2/sw/continuous/733/packages/customer/vivado/data/xilinx_vip/hdl/axi_vip_axi4pc.sv Line: 1656
Warning: XILINX_RECS_CONTINUOUS_RTRANSFERS_MAX_WAIT: RVALID should be asserted within MAXWAITS cycles of AR Command being accepted.
Time: 1164365 ns  Iteration: 1  Process: /tb_dma_vga/dut/Soc_Tracking_i/processing_system7_0/inst/S_AXI_HP0/slave/IF/PC/Always1528_1148  Scope: tb_dma_vga.dut.Soc_Tracking_i.processing_system7_0.inst.S_AXI_HP0.slave.IF.PC  File: /wrk/ci/prod/2020.2/sw/continuous/733/packages/customer/vivado/data/xilinx_vip/hdl/axi_vip_axi4pc.sv Line: 1656
Warning: XILINX_RECS_CONTINUOUS_RTRANSFERS_MAX_WAIT: RVALID should be asserted within MAXWAITS cycles of AR Command being accepted.
Time: 1174625 ns  Iteration: 1  Process: /tb_dma_vga/dut/Soc_Tracking_i/processing_system7_0/inst/S_AXI_HP0/slave/IF/PC/Always1528_1148  Scope: tb_dma_vga.dut.Soc_Tracking_i.processing_system7_0.inst.S_AXI_HP0.slave.IF.PC  File: /wrk/ci/prod/2020.2/sw/continuous/733/packages/customer/vivado/data/xilinx_vip/hdl/axi_vip_axi4pc.sv Line: 1656
Warning: XILINX_RECS_CONTINUOUS_RTRANSFERS_MAX_WAIT: RVALID should be asserted within MAXWAITS cycles of AR Command being accepted.
Time: 1184885 ns  Iteration: 1  Process: /tb_dma_vga/dut/Soc_Tracking_i/processing_system7_0/inst/S_AXI_HP0/slave/IF/PC/Always1528_1148  Scope: tb_dma_vga.dut.Soc_Tracking_i.processing_system7_0.inst.S_AXI_HP0.slave.IF.PC  File: /wrk/ci/prod/2020.2/sw/continuous/733/packages/customer/vivado/data/xilinx_vip/hdl/axi_vip_axi4pc.sv Line: 1656
Warning: XILINX_RECS_CONTINUOUS_RTRANSFERS_MAX_WAIT: RVALID should be asserted within MAXWAITS cycles of AR Command being accepted.
Time: 1195145 ns  Iteration: 1  Process: /tb_dma_vga/dut/Soc_Tracking_i/processing_system7_0/inst/S_AXI_HP0/slave/IF/PC/Always1528_1148  Scope: tb_dma_vga.dut.Soc_Tracking_i.processing_system7_0.inst.S_AXI_HP0.slave.IF.PC  File: /wrk/ci/prod/2020.2/sw/continuous/733/packages/customer/vivado/data/xilinx_vip/hdl/axi_vip_axi4pc.sv Line: 1656
Warning: XILINX_RECS_CONTINUOUS_RTRANSFERS_MAX_WAIT: RVALID should be asserted within MAXWAITS cycles of AR Command being accepted.
Time: 1205405 ns  Iteration: 1  Process: /tb_dma_vga/dut/Soc_Tracking_i/processing_system7_0/inst/S_AXI_HP0/slave/IF/PC/Always1528_1148  Scope: tb_dma_vga.dut.Soc_Tracking_i.processing_system7_0.inst.S_AXI_HP0.slave.IF.PC  File: /wrk/ci/prod/2020.2/sw/continuous/733/packages/customer/vivado/data/xilinx_vip/hdl/axi_vip_axi4pc.sv Line: 1656
Warning: XILINX_RECS_CONTINUOUS_RTRANSFERS_MAX_WAIT: RVALID should be asserted within MAXWAITS cycles of AR Command being accepted.
Time: 1215665 ns  Iteration: 1  Process: /tb_dma_vga/dut/Soc_Tracking_i/processing_system7_0/inst/S_AXI_HP0/slave/IF/PC/Always1528_1148  Scope: tb_dma_vga.dut.Soc_Tracking_i.processing_system7_0.inst.S_AXI_HP0.slave.IF.PC  File: /wrk/ci/prod/2020.2/sw/continuous/733/packages/customer/vivado/data/xilinx_vip/hdl/axi_vip_axi4pc.sv Line: 1656
Warning: XILINX_RECS_CONTINUOUS_RTRANSFERS_MAX_WAIT: RVALID should be asserted within MAXWAITS cycles of AR Command being accepted.
Time: 1225925 ns  Iteration: 1  Process: /tb_dma_vga/dut/Soc_Tracking_i/processing_system7_0/inst/S_AXI_HP0/slave/IF/PC/Always1528_1148  Scope: tb_dma_vga.dut.Soc_Tracking_i.processing_system7_0.inst.S_AXI_HP0.slave.IF.PC  File: /wrk/ci/prod/2020.2/sw/continuous/733/packages/customer/vivado/data/xilinx_vip/hdl/axi_vip_axi4pc.sv Line: 1656
Warning: XILINX_RECS_CONTINUOUS_RTRANSFERS_MAX_WAIT: RVALID should be asserted within MAXWAITS cycles of AR Command being accepted.
Time: 1236185 ns  Iteration: 1  Process: /tb_dma_vga/dut/Soc_Tracking_i/processing_system7_0/inst/S_AXI_HP0/slave/IF/PC/Always1528_1148  Scope: tb_dma_vga.dut.Soc_Tracking_i.processing_system7_0.inst.S_AXI_HP0.slave.IF.PC  File: /wrk/ci/prod/2020.2/sw/continuous/733/packages/customer/vivado/data/xilinx_vip/hdl/axi_vip_axi4pc.sv Line: 1656
Warning: XILINX_RECS_CONTINUOUS_RTRANSFERS_MAX_WAIT: RVALID should be asserted within MAXWAITS cycles of AR Command being accepted.
Time: 1246445 ns  Iteration: 1  Process: /tb_dma_vga/dut/Soc_Tracking_i/processing_system7_0/inst/S_AXI_HP0/slave/IF/PC/Always1528_1148  Scope: tb_dma_vga.dut.Soc_Tracking_i.processing_system7_0.inst.S_AXI_HP0.slave.IF.PC  File: /wrk/ci/prod/2020.2/sw/continuous/733/packages/customer/vivado/data/xilinx_vip/hdl/axi_vip_axi4pc.sv Line: 1656
Warning: XILINX_RECS_CONTINUOUS_RTRANSFERS_MAX_WAIT: RVALID should be asserted within MAXWAITS cycles of AR Command being accepted.
Time: 1256705 ns  Iteration: 1  Process: /tb_dma_vga/dut/Soc_Tracking_i/processing_system7_0/inst/S_AXI_HP0/slave/IF/PC/Always1528_1148  Scope: tb_dma_vga.dut.Soc_Tracking_i.processing_system7_0.inst.S_AXI_HP0.slave.IF.PC  File: /wrk/ci/prod/2020.2/sw/continuous/733/packages/customer/vivado/data/xilinx_vip/hdl/axi_vip_axi4pc.sv Line: 1656
Warning: XILINX_RECS_CONTINUOUS_RTRANSFERS_MAX_WAIT: RVALID should be asserted within MAXWAITS cycles of AR Command being accepted.
Time: 1266965 ns  Iteration: 1  Process: /tb_dma_vga/dut/Soc_Tracking_i/processing_system7_0/inst/S_AXI_HP0/slave/IF/PC/Always1528_1148  Scope: tb_dma_vga.dut.Soc_Tracking_i.processing_system7_0.inst.S_AXI_HP0.slave.IF.PC  File: /wrk/ci/prod/2020.2/sw/continuous/733/packages/customer/vivado/data/xilinx_vip/hdl/axi_vip_axi4pc.sv Line: 1656
Warning: XILINX_RECS_CONTINUOUS_RTRANSFERS_MAX_WAIT: RVALID should be asserted within MAXWAITS cycles of AR Command being accepted.
Time: 1277225 ns  Iteration: 1  Process: /tb_dma_vga/dut/Soc_Tracking_i/processing_system7_0/inst/S_AXI_HP0/slave/IF/PC/Always1528_1148  Scope: tb_dma_vga.dut.Soc_Tracking_i.processing_system7_0.inst.S_AXI_HP0.slave.IF.PC  File: /wrk/ci/prod/2020.2/sw/continuous/733/packages/customer/vivado/data/xilinx_vip/hdl/axi_vip_axi4pc.sv Line: 1656
Warning: XILINX_RECS_CONTINUOUS_RTRANSFERS_MAX_WAIT: RVALID should be asserted within MAXWAITS cycles of AR Command being accepted.
Time: 1287485 ns  Iteration: 1  Process: /tb_dma_vga/dut/Soc_Tracking_i/processing_system7_0/inst/S_AXI_HP0/slave/IF/PC/Always1528_1148  Scope: tb_dma_vga.dut.Soc_Tracking_i.processing_system7_0.inst.S_AXI_HP0.slave.IF.PC  File: /wrk/ci/prod/2020.2/sw/continuous/733/packages/customer/vivado/data/xilinx_vip/hdl/axi_vip_axi4pc.sv Line: 1656
Warning: XILINX_RECS_CONTINUOUS_RTRANSFERS_MAX_WAIT: RVALID should be asserted within MAXWAITS cycles of AR Command being accepted.
Time: 1297745 ns  Iteration: 1  Process: /tb_dma_vga/dut/Soc_Tracking_i/processing_system7_0/inst/S_AXI_HP0/slave/IF/PC/Always1528_1148  Scope: tb_dma_vga.dut.Soc_Tracking_i.processing_system7_0.inst.S_AXI_HP0.slave.IF.PC  File: /wrk/ci/prod/2020.2/sw/continuous/733/packages/customer/vivado/data/xilinx_vip/hdl/axi_vip_axi4pc.sv Line: 1656
Warning: XILINX_RECS_CONTINUOUS_RTRANSFERS_MAX_WAIT: RVALID should be asserted within MAXWAITS cycles of AR Command being accepted.
Time: 1308005 ns  Iteration: 1  Process: /tb_dma_vga/dut/Soc_Tracking_i/processing_system7_0/inst/S_AXI_HP0/slave/IF/PC/Always1528_1148  Scope: tb_dma_vga.dut.Soc_Tracking_i.processing_system7_0.inst.S_AXI_HP0.slave.IF.PC  File: /wrk/ci/prod/2020.2/sw/continuous/733/packages/customer/vivado/data/xilinx_vip/hdl/axi_vip_axi4pc.sv Line: 1656
Warning: XILINX_RECS_CONTINUOUS_RTRANSFERS_MAX_WAIT: RVALID should be asserted within MAXWAITS cycles of AR Command being accepted.
Time: 1318265 ns  Iteration: 1  Process: /tb_dma_vga/dut/Soc_Tracking_i/processing_system7_0/inst/S_AXI_HP0/slave/IF/PC/Always1528_1148  Scope: tb_dma_vga.dut.Soc_Tracking_i.processing_system7_0.inst.S_AXI_HP0.slave.IF.PC  File: /wrk/ci/prod/2020.2/sw/continuous/733/packages/customer/vivado/data/xilinx_vip/hdl/axi_vip_axi4pc.sv Line: 1656
Warning: XILINX_RECS_CONTINUOUS_RTRANSFERS_MAX_WAIT: RVALID should be asserted within MAXWAITS cycles of AR Command being accepted.
Time: 1328525 ns  Iteration: 1  Process: /tb_dma_vga/dut/Soc_Tracking_i/processing_system7_0/inst/S_AXI_HP0/slave/IF/PC/Always1528_1148  Scope: tb_dma_vga.dut.Soc_Tracking_i.processing_system7_0.inst.S_AXI_HP0.slave.IF.PC  File: /wrk/ci/prod/2020.2/sw/continuous/733/packages/customer/vivado/data/xilinx_vip/hdl/axi_vip_axi4pc.sv Line: 1656
Warning: XILINX_RECS_CONTINUOUS_RTRANSFERS_MAX_WAIT: RVALID should be asserted within MAXWAITS cycles of AR Command being accepted.
Time: 1338785 ns  Iteration: 1  Process: /tb_dma_vga/dut/Soc_Tracking_i/processing_system7_0/inst/S_AXI_HP0/slave/IF/PC/Always1528_1148  Scope: tb_dma_vga.dut.Soc_Tracking_i.processing_system7_0.inst.S_AXI_HP0.slave.IF.PC  File: /wrk/ci/prod/2020.2/sw/continuous/733/packages/customer/vivado/data/xilinx_vip/hdl/axi_vip_axi4pc.sv Line: 1656
Warning: XILINX_RECS_CONTINUOUS_RTRANSFERS_MAX_WAIT: RVALID should be asserted within MAXWAITS cycles of AR Command being accepted.
Time: 1349045 ns  Iteration: 1  Process: /tb_dma_vga/dut/Soc_Tracking_i/processing_system7_0/inst/S_AXI_HP0/slave/IF/PC/Always1528_1148  Scope: tb_dma_vga.dut.Soc_Tracking_i.processing_system7_0.inst.S_AXI_HP0.slave.IF.PC  File: /wrk/ci/prod/2020.2/sw/continuous/733/packages/customer/vivado/data/xilinx_vip/hdl/axi_vip_axi4pc.sv Line: 1656
Warning: XILINX_RECS_CONTINUOUS_RTRANSFERS_MAX_WAIT: RVALID should be asserted within MAXWAITS cycles of AR Command being accepted.
Time: 1359305 ns  Iteration: 1  Process: /tb_dma_vga/dut/Soc_Tracking_i/processing_system7_0/inst/S_AXI_HP0/slave/IF/PC/Always1528_1148  Scope: tb_dma_vga.dut.Soc_Tracking_i.processing_system7_0.inst.S_AXI_HP0.slave.IF.PC  File: /wrk/ci/prod/2020.2/sw/continuous/733/packages/customer/vivado/data/xilinx_vip/hdl/axi_vip_axi4pc.sv Line: 1656
Warning: XILINX_RECS_CONTINUOUS_RTRANSFERS_MAX_WAIT: RVALID should be asserted within MAXWAITS cycles of AR Command being accepted.
Time: 1369565 ns  Iteration: 1  Process: /tb_dma_vga/dut/Soc_Tracking_i/processing_system7_0/inst/S_AXI_HP0/slave/IF/PC/Always1528_1148  Scope: tb_dma_vga.dut.Soc_Tracking_i.processing_system7_0.inst.S_AXI_HP0.slave.IF.PC  File: /wrk/ci/prod/2020.2/sw/continuous/733/packages/customer/vivado/data/xilinx_vip/hdl/axi_vip_axi4pc.sv Line: 1656
Warning: XILINX_RECS_CONTINUOUS_RTRANSFERS_MAX_WAIT: RVALID should be asserted within MAXWAITS cycles of AR Command being accepted.
Time: 1379825 ns  Iteration: 1  Process: /tb_dma_vga/dut/Soc_Tracking_i/processing_system7_0/inst/S_AXI_HP0/slave/IF/PC/Always1528_1148  Scope: tb_dma_vga.dut.Soc_Tracking_i.processing_system7_0.inst.S_AXI_HP0.slave.IF.PC  File: /wrk/ci/prod/2020.2/sw/continuous/733/packages/customer/vivado/data/xilinx_vip/hdl/axi_vip_axi4pc.sv Line: 1656
Warning: XILINX_RECS_CONTINUOUS_RTRANSFERS_MAX_WAIT: RVALID should be asserted within MAXWAITS cycles of AR Command being accepted.
Time: 1390085 ns  Iteration: 1  Process: /tb_dma_vga/dut/Soc_Tracking_i/processing_system7_0/inst/S_AXI_HP0/slave/IF/PC/Always1528_1148  Scope: tb_dma_vga.dut.Soc_Tracking_i.processing_system7_0.inst.S_AXI_HP0.slave.IF.PC  File: /wrk/ci/prod/2020.2/sw/continuous/733/packages/customer/vivado/data/xilinx_vip/hdl/axi_vip_axi4pc.sv Line: 1656
Warning: XILINX_RECS_CONTINUOUS_RTRANSFERS_MAX_WAIT: RVALID should be asserted within MAXWAITS cycles of AR Command being accepted.
Time: 1400345 ns  Iteration: 1  Process: /tb_dma_vga/dut/Soc_Tracking_i/processing_system7_0/inst/S_AXI_HP0/slave/IF/PC/Always1528_1148  Scope: tb_dma_vga.dut.Soc_Tracking_i.processing_system7_0.inst.S_AXI_HP0.slave.IF.PC  File: /wrk/ci/prod/2020.2/sw/continuous/733/packages/customer/vivado/data/xilinx_vip/hdl/axi_vip_axi4pc.sv Line: 1656
Warning: XILINX_RECS_CONTINUOUS_RTRANSFERS_MAX_WAIT: RVALID should be asserted within MAXWAITS cycles of AR Command being accepted.
Time: 1410605 ns  Iteration: 1  Process: /tb_dma_vga/dut/Soc_Tracking_i/processing_system7_0/inst/S_AXI_HP0/slave/IF/PC/Always1528_1148  Scope: tb_dma_vga.dut.Soc_Tracking_i.processing_system7_0.inst.S_AXI_HP0.slave.IF.PC  File: /wrk/ci/prod/2020.2/sw/continuous/733/packages/customer/vivado/data/xilinx_vip/hdl/axi_vip_axi4pc.sv Line: 1656
Warning: XILINX_RECS_CONTINUOUS_RTRANSFERS_MAX_WAIT: RVALID should be asserted within MAXWAITS cycles of AR Command being accepted.
Time: 1420865 ns  Iteration: 1  Process: /tb_dma_vga/dut/Soc_Tracking_i/processing_system7_0/inst/S_AXI_HP0/slave/IF/PC/Always1528_1148  Scope: tb_dma_vga.dut.Soc_Tracking_i.processing_system7_0.inst.S_AXI_HP0.slave.IF.PC  File: /wrk/ci/prod/2020.2/sw/continuous/733/packages/customer/vivado/data/xilinx_vip/hdl/axi_vip_axi4pc.sv Line: 1656
Warning: XILINX_RECS_CONTINUOUS_RTRANSFERS_MAX_WAIT: RVALID should be asserted within MAXWAITS cycles of AR Command being accepted.
Time: 1431125 ns  Iteration: 1  Process: /tb_dma_vga/dut/Soc_Tracking_i/processing_system7_0/inst/S_AXI_HP0/slave/IF/PC/Always1528_1148  Scope: tb_dma_vga.dut.Soc_Tracking_i.processing_system7_0.inst.S_AXI_HP0.slave.IF.PC  File: /wrk/ci/prod/2020.2/sw/continuous/733/packages/customer/vivado/data/xilinx_vip/hdl/axi_vip_axi4pc.sv Line: 1656
Warning: XILINX_RECS_CONTINUOUS_RTRANSFERS_MAX_WAIT: RVALID should be asserted within MAXWAITS cycles of AR Command being accepted.
Time: 1441385 ns  Iteration: 1  Process: /tb_dma_vga/dut/Soc_Tracking_i/processing_system7_0/inst/S_AXI_HP0/slave/IF/PC/Always1528_1148  Scope: tb_dma_vga.dut.Soc_Tracking_i.processing_system7_0.inst.S_AXI_HP0.slave.IF.PC  File: /wrk/ci/prod/2020.2/sw/continuous/733/packages/customer/vivado/data/xilinx_vip/hdl/axi_vip_axi4pc.sv Line: 1656
Warning: XILINX_RECS_CONTINUOUS_RTRANSFERS_MAX_WAIT: RVALID should be asserted within MAXWAITS cycles of AR Command being accepted.
Time: 1451645 ns  Iteration: 1  Process: /tb_dma_vga/dut/Soc_Tracking_i/processing_system7_0/inst/S_AXI_HP0/slave/IF/PC/Always1528_1148  Scope: tb_dma_vga.dut.Soc_Tracking_i.processing_system7_0.inst.S_AXI_HP0.slave.IF.PC  File: /wrk/ci/prod/2020.2/sw/continuous/733/packages/customer/vivado/data/xilinx_vip/hdl/axi_vip_axi4pc.sv Line: 1656
Warning: XILINX_RECS_CONTINUOUS_RTRANSFERS_MAX_WAIT: RVALID should be asserted within MAXWAITS cycles of AR Command being accepted.
Time: 1461905 ns  Iteration: 1  Process: /tb_dma_vga/dut/Soc_Tracking_i/processing_system7_0/inst/S_AXI_HP0/slave/IF/PC/Always1528_1148  Scope: tb_dma_vga.dut.Soc_Tracking_i.processing_system7_0.inst.S_AXI_HP0.slave.IF.PC  File: /wrk/ci/prod/2020.2/sw/continuous/733/packages/customer/vivado/data/xilinx_vip/hdl/axi_vip_axi4pc.sv Line: 1656
Warning: XILINX_RECS_CONTINUOUS_RTRANSFERS_MAX_WAIT: RVALID should be asserted within MAXWAITS cycles of AR Command being accepted.
Time: 1472165 ns  Iteration: 1  Process: /tb_dma_vga/dut/Soc_Tracking_i/processing_system7_0/inst/S_AXI_HP0/slave/IF/PC/Always1528_1148  Scope: tb_dma_vga.dut.Soc_Tracking_i.processing_system7_0.inst.S_AXI_HP0.slave.IF.PC  File: /wrk/ci/prod/2020.2/sw/continuous/733/packages/customer/vivado/data/xilinx_vip/hdl/axi_vip_axi4pc.sv Line: 1656
Warning: XILINX_RECS_CONTINUOUS_RTRANSFERS_MAX_WAIT: RVALID should be asserted within MAXWAITS cycles of AR Command being accepted.
Time: 1482425 ns  Iteration: 1  Process: /tb_dma_vga/dut/Soc_Tracking_i/processing_system7_0/inst/S_AXI_HP0/slave/IF/PC/Always1528_1148  Scope: tb_dma_vga.dut.Soc_Tracking_i.processing_system7_0.inst.S_AXI_HP0.slave.IF.PC  File: /wrk/ci/prod/2020.2/sw/continuous/733/packages/customer/vivado/data/xilinx_vip/hdl/axi_vip_axi4pc.sv Line: 1656
Warning: XILINX_RECS_CONTINUOUS_RTRANSFERS_MAX_WAIT: RVALID should be asserted within MAXWAITS cycles of AR Command being accepted.
Time: 1492685 ns  Iteration: 1  Process: /tb_dma_vga/dut/Soc_Tracking_i/processing_system7_0/inst/S_AXI_HP0/slave/IF/PC/Always1528_1148  Scope: tb_dma_vga.dut.Soc_Tracking_i.processing_system7_0.inst.S_AXI_HP0.slave.IF.PC  File: /wrk/ci/prod/2020.2/sw/continuous/733/packages/customer/vivado/data/xilinx_vip/hdl/axi_vip_axi4pc.sv Line: 1656
Fatal: [slv_rd_driver] (.tb_dma_vga.dut.Soc_Tracking_i.ps7_0_axi_periph.axi_vip_pkg.\axi_slv_rd_driver(C_AXI_PROTOCOL=1,C_AXI_WDATA_WIDTH=64,C_AXI_RDATA_WIDTH=64,C_AXI_WID_WIDTH=6,C_AXI_RID_WIDTH=6,C_AXI_HAS_REGION=0)::forward_progress_watchdog .PROGRESS.) 1500465 ns : Forward progress timeout triggered. There are pending AR commands (         8), however, a corresponding RDATA+RLAST has not occured in (     50000) cycles. No forward progess.
Time: 1500465 ns  Iteration: 4  Process: /tb_dma_vga/dut/Soc_Tracking_i/ps7_0_axi_periph/axi_vip_pkg/axi_slv_rd_driver(C_AXI_PROTOCOL=1,C_AXI_WDATA_WIDTH=64,C_AXI_RDATA_WIDTH=64,C_AXI_WID_WIDTH=6,C_AXI_RID_WIDTH=6,C_AXI_HAS_REGION=0)::forward_progress_watchdog/PROGRESS/Block14320_3916  Scope: .tb_dma_vga.dut.Soc_Tracking_i.ps7_0_axi_periph.axi_vip_pkg.\axi_slv_rd_driver(C_AXI_PROTOCOL=1,C_AXI_WDATA_WIDTH=64,C_AXI_RDATA_WIDTH=64,C_AXI_WID_WIDTH=6,C_AXI_RID_WIDTH=6,C_AXI_HAS_REGION=0)::forward_progress_watchdog .PROGRESS.  File: /wrk/ci/prod/2020.2/sw/continuous/733/packages/customer/vivado/data/xilinx_vip/hdl/axi_vip_pkg.sv Line: 14323
$finish called at time : 1500465 ns : File "/wrk/ci/prod/2020.2/sw/continuous/733/packages/customer/vivado/data/xilinx_vip/hdl/axi_vip_pkg.sv" Line 13594
WARNING: [Simulator 45-29] Cannot open source file /wrk/ci/prod/2020.2/sw/continuous/733/packages/customer/vivado/data/xilinx_vip/hdl/axi_vip_pkg.sv: file does not exist.
run: Time (s): cpu = 00:00:16 ; elapsed = 00:04:42 . Memory (MB): peak = 1644.617 ; gain = 23.070
xsim: Time (s): cpu = 00:00:22 ; elapsed = 00:04:48 . Memory (MB): peak = 1644.617 ; gain = 36.953
INFO: [USF-XSim-96] XSim completed. Design snapshot 'tb_dma_vga_behav' loaded.
INFO: [USF-XSim-97] XSim simulation ran for 3 ms
launch_simulation: Time (s): cpu = 00:00:26 ; elapsed = 00:06:19 . Memory (MB): peak = 1644.617 ; gain = 36.953
relaunch_sim
Executing Axi4 End Of Simulation checks
Executing Axi4 End Of Simulation checks
Executing Axi4 End Of Simulation checks
Executing Axi4 End Of Simulation checks
Executing Axi4 End Of Simulation checks
Warning: AXI4_ERRS_RLAST_ALL_DONE_EOS: All outstanding read bursts must have completed a the end of the simulation.
Time: 1500465 ns  Iteration: 4  Process: /tb_dma_vga/dut/Soc_Tracking_i/processing_system7_0/inst/S_AXI_HP0/slave/IF/PC/Always3109_1149  Scope: tb_dma_vga.dut.Soc_Tracking_i.processing_system7_0.inst.S_AXI_HP0.slave.IF.PC.arm_amba4_pc_msg_err  File: /wrk/ci/prod/2020.2/sw/continuous/733/packages/customer/vivado/data/xilinx_vip/hdl/axi_vip_axi4pc.sv Line: 725
Executing Axi4 End Of Simulation checks
Executing Axi4 End Of Simulation checks
Executing Axi4 End Of Simulation checks
Executing Axi4 End Of Simulation checks
Command: launch_simulation -simset sim_2 -mode behavioral
INFO: [Vivado 12-5698] Checking validity of IPs in the design for the 'XSim' simulator...
INFO: [Vivado 12-5682] Launching behavioral simulation in 'C:/Users/vladi/Documents/Travail/Formation_AJC-Expleo/Projet/PL/Soc_Tracking.sim/sim_2/behav/xsim'
INFO: [Vivado 12-4795] Using compiled simulation libraries for IPs
INFO: [SIM-utils-51] Simulation object is 'sim_2'
INFO: [USF-XSim-7] Finding pre-compiled libraries...
INFO: [USF-XSim-11] File 'E:/Xilinx/Vivado/2020.2/data/xsim/xsim.ini' copied to run dir:'C:/Users/vladi/Documents/Travail/Formation_AJC-Expleo/Projet/PL/Soc_Tracking.sim/sim_2/behav/xsim'
INFO: [SIM-utils-54] Inspecting design source files for 'tb_dma_vga' in fileset 'sim_2'...
INFO: [USF-XSim-97] Finding global include files...
INFO: [USF-XSim-98] Fetching design files from 'sim_2'...
INFO: [USF-XSim-2] XSim::Compile design
INFO: [USF-XSim-61] Executing 'COMPILE and ANALYZE' step in 'C:/Users/vladi/Documents/Travail/Formation_AJC-Expleo/Projet/PL/Soc_Tracking.sim/sim_2/behav/xsim'
"xvlog --incr --relax -L uvm -L axi_vip_v1_1_8 -L processing_system7_vip_v1_0_10 -L xilinx_vip -prj tb_dma_vga_vlog.prj"
INFO: [VRFC 10-2263] Analyzing Verilog file "C:/Users/vladi/Documents/Travail/Formation_AJC-Expleo/Projet/PL/Soc_Tracking.ip_user_files/bd/Soc_Tracking/ip/Soc_Tracking_processing_system7_0_0/sim/Soc_Tracking_processing_system7_0_0.v" into library xil_defaultlib
INFO: [VRFC 10-311] analyzing module Soc_Tracking_processing_system7_0_0
INFO: [VRFC 10-2263] Analyzing Verilog file "C:/Users/vladi/Documents/Travail/Formation_AJC-Expleo/Projet/PL/Soc_Tracking.ip_user_files/bd/Soc_Tracking/ip/Soc_Tracking_xbar_0/sim/Soc_Tracking_xbar_0.v" into library xil_defaultlib
INFO: [VRFC 10-311] analyzing module Soc_Tracking_xbar_0
INFO: [VRFC 10-2263] Analyzing Verilog file "C:/Users/vladi/Documents/Travail/Formation_AJC-Expleo/Projet/PL/Soc_Tracking.ip_user_files/bd/Soc_Tracking/ip/Soc_Tracking_auto_pc_1/sim/Soc_Tracking_auto_pc_1.v" into library xil_defaultlib
INFO: [VRFC 10-311] analyzing module Soc_Tracking_auto_pc_1
INFO: [VRFC 10-2263] Analyzing Verilog file "C:/Users/vladi/Documents/Travail/Formation_AJC-Expleo/Projet/PL/Soc_Tracking.ip_user_files/bd/Soc_Tracking/ip/Soc_Tracking_auto_us_0/sim/Soc_Tracking_auto_us_0.v" into library xil_defaultlib
INFO: [VRFC 10-311] analyzing module Soc_Tracking_auto_us_0
INFO: [VRFC 10-2263] Analyzing Verilog file "C:/Users/vladi/Documents/Travail/Formation_AJC-Expleo/Projet/PL/Soc_Tracking.ip_user_files/bd/Soc_Tracking/ip/Soc_Tracking_auto_ds_0/sim/Soc_Tracking_auto_ds_0.v" into library xil_defaultlib
INFO: [VRFC 10-311] analyzing module Soc_Tracking_auto_ds_0
INFO: [VRFC 10-2263] Analyzing Verilog file "C:/Users/vladi/Documents/Travail/Formation_AJC-Expleo/Projet/PL/Soc_Tracking.ip_user_files/bd/Soc_Tracking/ip/Soc_Tracking_auto_pc_0/sim/Soc_Tracking_auto_pc_0.v" into library xil_defaultlib
INFO: [VRFC 10-311] analyzing module Soc_Tracking_auto_pc_0
"xvhdl --incr --relax -prj tb_dma_vga_vhdl.prj"
INFO: [VRFC 10-163] Analyzing VHDL file "C:/Users/vladi/Documents/Travail/Formation_AJC-Expleo/Projet/PL/Soc_Tracking.srcs/sim_2/new/tb_dma_vga.vhd" into library xil_defaultlib
INFO: [VRFC 10-3107] analyzing entity 'tb_dma_vga'
INFO: [USF-XSim-69] 'compile' step finished in '4' seconds
Command: launch_simulation -simset sim_2 -mode behavioral
INFO: [Vivado 12-5698] Checking validity of IPs in the design for the 'XSim' simulator...
INFO: [Vivado 12-5682] Launching behavioral simulation in 'C:/Users/vladi/Documents/Travail/Formation_AJC-Expleo/Projet/PL/Soc_Tracking.sim/sim_2/behav/xsim'
INFO: [Vivado 12-4795] Using compiled simulation libraries for IPs
INFO: [USF-XSim-3] XSim::Elaborate design
INFO: [USF-XSim-61] Executing 'ELABORATE' step in 'C:/Users/vladi/Documents/Travail/Formation_AJC-Expleo/Projet/PL/Soc_Tracking.sim/sim_2/behav/xsim'
"xelab -wto 74048056a3674799b78154eeed3124fa --incr --debug typical --relax --mt 2 -L xil_defaultlib -L axi_infrastructure_v1_1_0 -L axi_vip_v1_1_8 -L processing_system7_vip_v1_0_10 -L generic_baseblocks_v2_1_0 -L axi_register_slice_v2_1_22 -L fifo_generator_v13_2_5 -L axi_data_fifo_v2_1_21 -L axi_crossbar_v2_1_23 -L lib_cdc_v1_0_2 -L proc_sys_reset_v5_0_13 -L axi_protocol_converter_v2_1_22 -L axi_clock_converter_v2_1_21 -L blk_mem_gen_v8_4_4 -L axi_dwidth_converter_v2_1_22 -L uvm -L xilinx_vip -L unisims_ver -L unimacro_ver -L secureip -L xpm --snapshot tb_dma_vga_behav xil_defaultlib.tb_dma_vga xil_defaultlib.glbl -log elaborate.log"
Vivado Simulator 2020.2
Copyright 1986-1999, 2001-2020 Xilinx, Inc. All Rights Reserved.
Running: E:/Xilinx/Vivado/2020.2/bin/unwrapped/win64.o/xelab.exe -wto 74048056a3674799b78154eeed3124fa --incr --debug typical --relax --mt 2 -L xil_defaultlib -L axi_infrastructure_v1_1_0 -L axi_vip_v1_1_8 -L processing_system7_vip_v1_0_10 -L generic_baseblocks_v2_1_0 -L axi_register_slice_v2_1_22 -L fifo_generator_v13_2_5 -L axi_data_fifo_v2_1_21 -L axi_crossbar_v2_1_23 -L lib_cdc_v1_0_2 -L proc_sys_reset_v5_0_13 -L axi_protocol_converter_v2_1_22 -L axi_clock_converter_v2_1_21 -L blk_mem_gen_v8_4_4 -L axi_dwidth_converter_v2_1_22 -L uvm -L xilinx_vip -L unisims_ver -L unimacro_ver -L secureip -L xpm --snapshot tb_dma_vga_behav xil_defaultlib.tb_dma_vga xil_defaultlib.glbl -log elaborate.log 
Using 2 slave threads.
Starting static elaboration
Pass Through NonSizing Optimizer
WARNING: [VRFC 10-4969] module 'processing_system7_vip_v1_0_10_arb_wr' is instantiated multiple times from VHDL or from both Verilog and VHDL, elaboration result may be incorrect [/wrk/ci/prod/2020.2/sw/continuous/733/packages/customer/vivado/data/ip/xilinx/processing_system7_vip_v1_0/hdl/processing_system7_vip_v1_0_vl_rfs.sv:11]
WARNING: [VRFC 10-3091] actual bit length 128 differs from formal bit length 64 for port 'WR_DATA_STRB' [/scratch/proj/xbuilds/SWIP/2020.2_1118_1232/infra/XSIM/lin/.cxl.ip/incl/processing_system7_vip_v1_0_10_axi_gp.v:208]
WARNING: [VRFC 10-3091] actual bit length 12 differs from formal bit length 6 for port 'm_axi_bid' [/wrk/ci/prod/2020.2/sw/continuous/733/packages/customer/vivado/data/ip/xilinx/processing_system7_vip_v1_0/hdl/processing_system7_vip_v1_0_vl_rfs.sv:5546]
WARNING: [VRFC 10-3091] actual bit length 12 differs from formal bit length 6 for port 'm_axi_rid' [/wrk/ci/prod/2020.2/sw/continuous/733/packages/customer/vivado/data/ip/xilinx/processing_system7_vip_v1_0/hdl/processing_system7_vip_v1_0_vl_rfs.sv:5564]
WARNING: [VRFC 10-3091] actual bit length 128 differs from formal bit length 64 for port 'WR_DATA_STRB' [/scratch/proj/xbuilds/SWIP/2020.2_1118_1232/infra/XSIM/lin/.cxl.ip/incl/processing_system7_vip_v1_0_10_axi_gp.v:292]
WARNING: [VRFC 10-3091] actual bit length 8 differs from formal bit length 9 for port 'WR_BYTES' [/scratch/proj/xbuilds/SWIP/2020.2_1118_1232/infra/XSIM/lin/.cxl.ip/incl/processing_system7_vip_v1_0_10_axi_hp.v:80]
WARNING: [VRFC 10-3091] actual bit length 8 differs from formal bit length 9 for port 'RD_BYTES' [/scratch/proj/xbuilds/SWIP/2020.2_1118_1232/infra/XSIM/lin/.cxl.ip/incl/processing_system7_vip_v1_0_10_axi_hp.v:89]
WARNING: [VRFC 10-3091] actual bit length 12 differs from formal bit length 6 for port 'm_axi_bid' [/wrk/ci/prod/2020.2/sw/continuous/733/packages/customer/vivado/data/ip/xilinx/processing_system7_vip_v1_0/hdl/processing_system7_vip_v1_0_vl_rfs.sv:10256]
WARNING: [VRFC 10-3091] actual bit length 12 differs from formal bit length 6 for port 'm_axi_rid' [/wrk/ci/prod/2020.2/sw/continuous/733/packages/customer/vivado/data/ip/xilinx/processing_system7_vip_v1_0/hdl/processing_system7_vip_v1_0_vl_rfs.sv:10274]
WARNING: [VRFC 10-3091] actual bit length 32 differs from formal bit length 64 for port 'm_axi_rdata' [/wrk/ci/prod/2020.2/sw/continuous/733/packages/customer/vivado/data/ip/xilinx/processing_system7_vip_v1_0/hdl/processing_system7_vip_v1_0_vl_rfs.sv:10275]
WARNING: [VRFC 10-3091] actual bit length 8 differs from formal bit length 9 for port 'WR_BYTES' [/scratch/proj/xbuilds/SWIP/2020.2_1118_1232/infra/XSIM/lin/.cxl.ip/incl/processing_system7_vip_v1_0_10_axi_hp.v:165]
WARNING: [VRFC 10-3091] actual bit length 8 differs from formal bit length 9 for port 'RD_BYTES' [/scratch/proj/xbuilds/SWIP/2020.2_1118_1232/infra/XSIM/lin/.cxl.ip/incl/processing_system7_vip_v1_0_10_axi_hp.v:174]
WARNING: [VRFC 10-3091] actual bit length 8 differs from formal bit length 9 for port 'WR_BYTES' [/scratch/proj/xbuilds/SWIP/2020.2_1118_1232/infra/XSIM/lin/.cxl.ip/incl/processing_system7_vip_v1_0_10_axi_hp.v:251]
WARNING: [VRFC 10-3091] actual bit length 8 differs from formal bit length 9 for port 'RD_BYTES' [/scratch/proj/xbuilds/SWIP/2020.2_1118_1232/infra/XSIM/lin/.cxl.ip/incl/processing_system7_vip_v1_0_10_axi_hp.v:260]
WARNING: [VRFC 10-3091] actual bit length 8 differs from formal bit length 9 for port 'WR_BYTES' [/scratch/proj/xbuilds/SWIP/2020.2_1118_1232/infra/XSIM/lin/.cxl.ip/incl/processing_system7_vip_v1_0_10_axi_hp.v:337]
WARNING: [VRFC 10-3091] actual bit length 8 differs from formal bit length 9 for port 'RD_BYTES' [/scratch/proj/xbuilds/SWIP/2020.2_1118_1232/infra/XSIM/lin/.cxl.ip/incl/processing_system7_vip_v1_0_10_axi_hp.v:346]
WARNING: [VRFC 10-3091] actual bit length 12 differs from formal bit length 3 for port 'm_axi_bid' [/wrk/ci/prod/2020.2/sw/continuous/733/packages/customer/vivado/data/ip/xilinx/processing_system7_vip_v1_0/hdl/processing_system7_vip_v1_0_vl_rfs.sv:7157]
WARNING: [VRFC 10-3091] actual bit length 12 differs from formal bit length 3 for port 'm_axi_rid' [/wrk/ci/prod/2020.2/sw/continuous/733/packages/customer/vivado/data/ip/xilinx/processing_system7_vip_v1_0/hdl/processing_system7_vip_v1_0_vl_rfs.sv:7175]
WARNING: [VRFC 10-3091] actual bit length 32 differs from formal bit length 64 for port 'm_axi_rdata' [/wrk/ci/prod/2020.2/sw/continuous/733/packages/customer/vivado/data/ip/xilinx/processing_system7_vip_v1_0/hdl/processing_system7_vip_v1_0_vl_rfs.sv:7176]
WARNING: [VRFC 10-5021] port 'ENET0_GMII_RXD' is not connected on this instance [C:/Users/vladi/Documents/Travail/Formation_AJC-Expleo/Projet/PL/Soc_Tracking.ip_user_files/bd/Soc_Tracking/ip/Soc_Tracking_processing_system7_0_0/sim/Soc_Tracking_processing_system7_0_0.v:283]
WARNING: [VRFC 10-3027] 'ocm_wr_strb_port0' was previously declared with a different range [/wrk/ci/prod/2020.2/sw/continuous/733/packages/customer/vivado/data/ip/xilinx/processing_system7_vip_v1_0/hdl/processing_system7_vip_v1_0_vl_rfs.sv:3809]
WARNING: [VRFC 10-5021] port 'aclk2x' is not connected on this instance [/wrk/ci/prod/2020.2/sw/continuous/733/packages/customer/vivado/data/ip/xilinx/axi_dwidth_converter_v2_1/hdl/axi_dwidth_converter_v2_1_vl_rfs.v:13138]
WARNING: [VRFC 10-5021] port 'aclk2x' is not connected on this instance [/wrk/ci/prod/2020.2/sw/continuous/733/packages/customer/vivado/data/ip/xilinx/axi_dwidth_converter_v2_1/hdl/axi_dwidth_converter_v2_1_vl_rfs.v:14235]
WARNING: [VRFC 10-5021] port 'aclk2x' is not connected on this instance [/wrk/ci/prod/2020.2/sw/continuous/733/packages/customer/vivado/data/ip/xilinx/axi_crossbar_v2_1/hdl/axi_crossbar_v2_1_vl_rfs.v:3103]
WARNING: [VRFC 10-3705] select index 64 into 'wrp_strb' is out of bounds [/wrk/ci/prod/2020.2/sw/continuous/733/packages/customer/vivado/data/ip/xilinx/processing_system7_vip_v1_0/hdl/processing_system7_vip_v1_0_vl_rfs.sv:6134]
WARNING: [VRFC 10-3705] select index 128 into 'wrp_strb' is out of bounds [/wrk/ci/prod/2020.2/sw/continuous/733/packages/customer/vivado/data/ip/xilinx/processing_system7_vip_v1_0/hdl/processing_system7_vip_v1_0_vl_rfs.sv:10898]
WARNING: [VRFC 10-3705] select index 128 into 'wrp_strb' is out of bounds [/wrk/ci/prod/2020.2/sw/continuous/733/packages/customer/vivado/data/ip/xilinx/processing_system7_vip_v1_0/hdl/processing_system7_vip_v1_0_vl_rfs.sv:7772]
WARNING: [VRFC 10-3705] select index 4 into 'wr_fifo_rd_ptr' is out of bounds [/wrk/ci/prod/2020.2/sw/continuous/733/packages/customer/vivado/data/ip/xilinx/processing_system7_vip_v1_0/hdl/processing_system7_vip_v1_0_vl_rfs.sv:7985]
WARNING: [VRFC 10-3705] select index 4 into 'ar_cnt' is out of bounds [/wrk/ci/prod/2020.2/sw/continuous/733/packages/customer/vivado/data/ip/xilinx/processing_system7_vip_v1_0/hdl/processing_system7_vip_v1_0_vl_rfs.sv:8124]
WARNING: [VRFC 10-3705] select index 4 into 'wr_rresp_cnt' is out of bounds [/wrk/ci/prod/2020.2/sw/continuous/733/packages/customer/vivado/data/ip/xilinx/processing_system7_vip_v1_0/hdl/processing_system7_vip_v1_0_vl_rfs.sv:8221]
WARNING: [VRFC 10-3705] select index 4 into 'rd_fifo_wr_ptr' is out of bounds [/wrk/ci/prod/2020.2/sw/continuous/733/packages/customer/vivado/data/ip/xilinx/processing_system7_vip_v1_0/hdl/processing_system7_vip_v1_0_vl_rfs.sv:8240]
WARNING: [VRFC 10-3705] select index 4 into 'rd_cnt' is out of bounds [/wrk/ci/prod/2020.2/sw/continuous/733/packages/customer/vivado/data/ip/xilinx/processing_system7_vip_v1_0/hdl/processing_system7_vip_v1_0_vl_rfs.sv:8381]
WARNING: [VRFC 10-3705] select index 4 into 'rresp_time_cnt' is out of bounds [/wrk/ci/prod/2020.2/sw/continuous/733/packages/customer/vivado/data/ip/xilinx/processing_system7_vip_v1_0/hdl/processing_system7_vip_v1_0_vl_rfs.sv:8386]
WARNING: [VRFC 10-3705] select index 4 into 'rd_fifo_rd_ptr' is out of bounds [/wrk/ci/prod/2020.2/sw/continuous/733/packages/customer/vivado/data/ip/xilinx/processing_system7_vip_v1_0/hdl/processing_system7_vip_v1_0_vl_rfs.sv:8391]
WARNING: [VRFC 10-3705] select index 2 into 'g7s_cc_rst_nsckt.arst_sync_wr' is out of bounds [/wrk/ci/prod/2020.2/sw/continuous/733/packages/customer/vivado/data/ip/xilinx/fifo_generator_v13_2/simulation/fifo_generator_vlog_beh.v:4830]
Completed static elaboration
Starting simulation data flow analysis
Completed simulation data flow analysis
Time Resolution for simulation is 1ps
Compiling package std.standard
Compiling package std.textio
Compiling package ieee.std_logic_1164
Compiling package ieee.numeric_std
Compiling package unisim.vcomponents
Compiling package ieee.std_logic_arith
Compiling package ieee.std_logic_unsigned
Compiling package vl.vl_types
Compiling package ieee.vital_timing
Compiling package ieee.vital_primitives
Compiling package unisim.vpkg
Compiling package synopsys.attributes
Compiling package ieee.std_logic_misc
Compiling module xil_defaultlib.glbl
Compiling architecture behav of entity xil_defaultlib.DMA24bUnit_mm2s_gmem_m_axi_throttl [\DMA24bUnit_mm2s_gmem_m_axi_thro...]
Compiling architecture behave of entity xil_defaultlib.DMA24bUnit_mm2s_gmem_m_axi_fifo [\DMA24bUnit_mm2s_gmem_m_axi_fifo...]
Compiling architecture behave of entity xil_defaultlib.DMA24bUnit_mm2s_gmem_m_axi_reg_slice [\DMA24bUnit_mm2s_gmem_m_axi_reg_...]
Compiling architecture behave of entity xil_defaultlib.DMA24bUnit_mm2s_gmem_m_axi_fifo [\DMA24bUnit_mm2s_gmem_m_axi_fifo...]
Compiling architecture arch of entity xil_defaultlib.DMA24bUnit_mm2s_gmem_m_axi_buffer [\DMA24bUnit_mm2s_gmem_m_axi_buff...]
Compiling architecture behave of entity xil_defaultlib.DMA24bUnit_mm2s_gmem_m_axi_fifo [\DMA24bUnit_mm2s_gmem_m_axi_fifo...]
Compiling architecture behave of entity xil_defaultlib.DMA24bUnit_mm2s_gmem_m_axi_fifo [\DMA24bUnit_mm2s_gmem_m_axi_fifo...]
Compiling architecture behave of entity xil_defaultlib.DMA24bUnit_mm2s_gmem_m_axi_write [\DMA24bUnit_mm2s_gmem_m_axi_writ...]
Compiling architecture arch of entity xil_defaultlib.DMA24bUnit_mm2s_gmem_m_axi_buffer [\DMA24bUnit_mm2s_gmem_m_axi_buff...]
Compiling architecture behave of entity xil_defaultlib.DMA24bUnit_mm2s_gmem_m_axi_reg_slice [\DMA24bUnit_mm2s_gmem_m_axi_reg_...]
Compiling architecture behave of entity xil_defaultlib.DMA24bUnit_mm2s_gmem_m_axi_read [\DMA24bUnit_mm2s_gmem_m_axi_read...]
Compiling architecture behave of entity xil_defaultlib.DMA24bUnit_mm2s_gmem_m_axi [\DMA24bUnit_mm2s_gmem_m_axi(num_...]
Compiling architecture behav of entity xil_defaultlib.DMA24bUnit_mm2s_mul_mul_11s_13ns_24_4_1_DSP48_0 [dma24bunit_mm2s_mul_mul_11s_13ns...]
Compiling architecture arch of entity xil_defaultlib.DMA24bUnit_mm2s_mul_mul_11s_13ns_24_4_1 [\DMA24bUnit_mm2s_mul_mul_11s_13n...]
Compiling architecture behav of entity xil_defaultlib.DMA24bUnit_mm2s_DMA24b_mm2s_fetch [dma24bunit_mm2s_dma24b_mm2s_fetc...]
Compiling architecture behav of entity xil_defaultlib.DMA24bUnit_mm2s_mul_mul_12ns_8ns_20_4_1_DSP48_1 [dma24bunit_mm2s_mul_mul_12ns_8ns...]
Compiling architecture arch of entity xil_defaultlib.DMA24bUnit_mm2s_mul_mul_12ns_8ns_20_4_1 [\DMA24bUnit_mm2s_mul_mul_12ns_8n...]
Compiling architecture behav of entity xil_defaultlib.DMA24bUnit_mm2s_DMA24b_mm2s_streamout [dma24bunit_mm2s_dma24b_mm2s_stre...]
Compiling architecture arch of entity xil_defaultlib.DMA24bUnit_mm2s_fifo_w128_d256_A_ram [dma24bunit_mm2s_fifo_w128_d256_a...]
Compiling architecture arch of entity xil_defaultlib.DMA24bUnit_mm2s_fifo_w128_d256_A [dma24bunit_mm2s_fifo_w128_d256_a...]
Compiling architecture rtl of entity xil_defaultlib.DMA24bUnit_mm2s_fifo_w12_d2_S_shiftReg [dma24bunit_mm2s_fifo_w12_d2_s_sh...]
Compiling architecture rtl of entity xil_defaultlib.DMA24bUnit_mm2s_fifo_w12_d2_S [\DMA24bUnit_mm2s_fifo_w12_d2_S(1...]
Compiling architecture rtl of entity xil_defaultlib.DMA24bUnit_mm2s_start_for_DMA24b_mm2s_streamout_U0_shiftReg [dma24bunit_mm2s_start_for_dma24b...]
Compiling architecture rtl of entity xil_defaultlib.DMA24bUnit_mm2s_start_for_DMA24b_mm2s_streamout_U0 [\DMA24bUnit_mm2s_start_for_DMA24...]
Compiling architecture behav of entity xil_defaultlib.DMA24bUnit_mm2s_DMA24b_mm2s [dma24bunit_mm2s_dma24b_mm2s_defa...]
Compiling architecture behav of entity xil_defaultlib.DMA24bUnit_mm2s_regslice_both [\DMA24bUnit_mm2s_regslice_both(d...]
Compiling architecture behav of entity xil_defaultlib.DMA24bUnit_mm2s_regslice_both [\DMA24bUnit_mm2s_regslice_both(d...]
Compiling architecture behav of entity xil_defaultlib.DMA24bUnit_mm2s_regslice_both [\DMA24bUnit_mm2s_regslice_both(d...]
Compiling architecture behav of entity xil_defaultlib.DMA24bUnit_mm2s [dma24bunit_mm2s_default]
Compiling architecture soc_tracking_dma24bunit_mm2s_0_0_arch of entity xil_defaultlib.Soc_Tracking_DMA24bUnit_mm2s_0_0 [soc_tracking_dma24bunit_mm2s_0_0...]
Compiling architecture behavioral of entity xil_defaultlib.DMA_controller [dma_controller_default]
Compiling architecture soc_tracking_dma_controller_0_0_arch of entity xil_defaultlib.Soc_Tracking_DMA_controller_0_0 [soc_tracking_dma_controller_0_0_...]
Compiling architecture behavioral of entity xil_defaultlib.VGA_controller [vga_controller_default]
Compiling architecture soc_tracking_vga_controller_0_0_arch of entity xil_defaultlib.Soc_Tracking_VGA_controller_0_0 [soc_tracking_vga_controller_0_0_...]
Compiling module processing_system7_vip_v1_0_10.processing_system7_vip_v1_0_10_g...
Compiling module processing_system7_vip_v1_0_10.processing_system7_vip_v1_0_10_g...
Compiling module processing_system7_vip_v1_0_10.processing_system7_vip_v1_0_10_a...
Compiling module processing_system7_vip_v1_0_10.processing_system7_vip_v1_0_10_a...
Compiling module processing_system7_vip_v1_0_10.processing_system7_vip_v1_0_10_f...
Compiling module processing_system7_vip_v1_0_10.processing_system7_vip_v1_0_10_a...
Compiling module processing_system7_vip_v1_0_10.processing_system7_vip_v1_0_10_a...
Compiling module processing_system7_vip_v1_0_10.processing_system7_vip_v1_0_10_a...
Compiling module processing_system7_vip_v1_0_10.processing_system7_vip_v1_0_10_a...
Compiling module processing_system7_vip_v1_0_10.processing_system7_vip_v1_0_10_s...
Compiling module processing_system7_vip_v1_0_10.processing_system7_vip_v1_0_10_i...
Compiling module processing_system7_vip_v1_0_10.processing_system7_vip_v1_0_10_s...
Compiling module processing_system7_vip_v1_0_10.processing_system7_vip_v1_0_10_d...
Compiling module processing_system7_vip_v1_0_10.processing_system7_vip_v1_0_10_o...
Compiling module processing_system7_vip_v1_0_10.processing_system7_vip_v1_0_10_o...
Compiling module processing_system7_vip_v1_0_10.processing_system7_vip_v1_0_10_r...
Compiling module processing_system7_vip_v1_0_10.processing_system7_vip_v1_0_10_r...
Compiling module xilinx_vip.axi_vip_axi4pc(WDATA_WIDTH=32,RD...
Compiling module xilinx_vip.cb
Compiling module xilinx_vip.axi_vip_if(C_AXI_PROTOCOL=1,C_AX...
Compiling module axi_vip_v1_1_8.axi_vip_v1_1_8_top(C_AXI_PROTOCO...
Compiling module processing_system7_vip_v1_0_10.processing_system7_vip_v1_0_10_a...
Compiling module processing_system7_vip_v1_0_10.processing_system7_vip_v1_0_10_a...
Compiling module xilinx_vip.axi_vip_axi4pc(WDATA_WIDTH=32,RD...
Compiling module xilinx_vip.cb
Compiling module xilinx_vip.axi_vip_if(C_AXI_PROTOCOL=1,C_AX...
Compiling module axi_vip_v1_1_8.axi_vip_v1_1_8_top(C_AXI_PROTOCO...
WARNING: [VRFC 10-3705] select index 64 into 'wrp_strb' is out of bounds [/wrk/ci/prod/2020.2/sw/continuous/733/packages/customer/vivado/data/ip/xilinx/processing_system7_vip_v1_0/hdl/processing_system7_vip_v1_0_vl_rfs.sv:6134]
Compiling module processing_system7_vip_v1_0_10.processing_system7_vip_v1_0_10_a...
Compiling module processing_system7_vip_v1_0_10.processing_system7_vip_v1_0_10_a...
Compiling module xilinx_vip.axi_vip_axi4pc(PROTOCOL=1,RID_WI...
Compiling module xilinx_vip.cb
Compiling module xilinx_vip.axi_vip_if(C_AXI_PROTOCOL=1,C_AX...
Compiling module axi_vip_v1_1_8.axi_vip_v1_1_8_top(C_AXI_PROTOCO...
Compiling module processing_system7_vip_v1_0_10.processing_system7_vip_v1_0_10_i...
WARNING: [VRFC 10-3705] select index 128 into 'wrp_strb' is out of bounds [/wrk/ci/prod/2020.2/sw/continuous/733/packages/customer/vivado/data/ip/xilinx/processing_system7_vip_v1_0/hdl/processing_system7_vip_v1_0_vl_rfs.sv:10898]
Compiling module processing_system7_vip_v1_0_10.processing_system7_vip_v1_0_10_a...
Compiling module processing_system7_vip_v1_0_10.processing_system7_vip_v1_0_10_a...
Compiling module processing_system7_vip_v1_0_10.processing_system7_vip_v1_0_10_a...
Compiling module processing_system7_vip_v1_0_10.processing_system7_vip_v1_0_10_a...
Compiling module xilinx_vip.axi_vip_axi4pc(PROTOCOL=1,RID_WI...
Compiling module xilinx_vip.cb
Compiling module xilinx_vip.axi_vip_if(C_AXI_PROTOCOL=1,C_AX...
Compiling module axi_vip_v1_1_8.axi_vip_v1_1_8_top(C_AXI_PROTOCO...
WARNING: [VRFC 10-3705] select index 128 into 'wrp_strb' is out of bounds [/wrk/ci/prod/2020.2/sw/continuous/733/packages/customer/vivado/data/ip/xilinx/processing_system7_vip_v1_0/hdl/processing_system7_vip_v1_0_vl_rfs.sv:7772]
WARNING: [VRFC 10-3705] select index 4 into 'wr_fifo_rd_ptr' is out of bounds [/wrk/ci/prod/2020.2/sw/continuous/733/packages/customer/vivado/data/ip/xilinx/processing_system7_vip_v1_0/hdl/processing_system7_vip_v1_0_vl_rfs.sv:7985]
WARNING: [VRFC 10-3705] select index 4 into 'ar_cnt' is out of bounds [/wrk/ci/prod/2020.2/sw/continuous/733/packages/customer/vivado/data/ip/xilinx/processing_system7_vip_v1_0/hdl/processing_system7_vip_v1_0_vl_rfs.sv:8124]
WARNING: [VRFC 10-3705] select index 4 into 'wr_rresp_cnt' is out of bounds [/wrk/ci/prod/2020.2/sw/continuous/733/packages/customer/vivado/data/ip/xilinx/processing_system7_vip_v1_0/hdl/processing_system7_vip_v1_0_vl_rfs.sv:8221]
WARNING: [VRFC 10-3705] select index 4 into 'rd_fifo_wr_ptr' is out of bounds [/wrk/ci/prod/2020.2/sw/continuous/733/packages/customer/vivado/data/ip/xilinx/processing_system7_vip_v1_0/hdl/processing_system7_vip_v1_0_vl_rfs.sv:8240]
WARNING: [VRFC 10-3705] select index 4 into 'rd_cnt' is out of bounds [/wrk/ci/prod/2020.2/sw/continuous/733/packages/customer/vivado/data/ip/xilinx/processing_system7_vip_v1_0/hdl/processing_system7_vip_v1_0_vl_rfs.sv:8381]
WARNING: [VRFC 10-3705] select index 4 into 'rresp_time_cnt' is out of bounds [/wrk/ci/prod/2020.2/sw/continuous/733/packages/customer/vivado/data/ip/xilinx/processing_system7_vip_v1_0/hdl/processing_system7_vip_v1_0_vl_rfs.sv:8386]
WARNING: [VRFC 10-3705] select index 4 into 'rd_fifo_rd_ptr' is out of bounds [/wrk/ci/prod/2020.2/sw/continuous/733/packages/customer/vivado/data/ip/xilinx/processing_system7_vip_v1_0/hdl/processing_system7_vip_v1_0_vl_rfs.sv:8391]
Compiling module processing_system7_vip_v1_0_10.processing_system7_vip_v1_0_10_a...
Compiling module processing_system7_vip_v1_0_10.processing_system7_vip_v1_0_10(C...
Compiling module xil_defaultlib.Soc_Tracking_processing_system7_...
Compiling module fifo_generator_v13_2_5.fifo_generator_v13_2_5_bhv_ver_s...
Compiling module fifo_generator_v13_2_5.fifo_generator_v13_2_5_bhv_ver_p...
WARNING: [VRFC 10-3705] select index 2 into 'g7s_cc_rst_nsckt.arst_sync_wr' is out of bounds [/wrk/ci/prod/2020.2/sw/continuous/733/packages/customer/vivado/data/ip/xilinx/fifo_generator_v13_2/simulation/fifo_generator_vlog_beh.v:4830]
Compiling module fifo_generator_v13_2_5.fifo_generator_v13_2_5_CONV_VER(...
Compiling module fifo_generator_v13_2_5.fifo_generator_vlog_beh(C_COMMON...
Compiling module axi_data_fifo_v2_1_21.axi_data_fifo_v2_1_21_fifo_gen(C...
Compiling module axi_data_fifo_v2_1_21.axi_data_fifo_v2_1_21_axic_fifo(...
Compiling module fifo_generator_v13_2_5.fifo_generator_v13_2_5_bhv_ver_s...
Compiling module fifo_generator_v13_2_5.fifo_generator_v13_2_5_bhv_ver_p...
Compiling module fifo_generator_v13_2_5.fifo_generator_v13_2_5_CONV_VER(...
Compiling module fifo_generator_v13_2_5.fifo_generator_vlog_beh(C_COMMON...
Compiling module axi_data_fifo_v2_1_21.axi_data_fifo_v2_1_21_fifo_gen(C...
Compiling module axi_data_fifo_v2_1_21.axi_data_fifo_v2_1_21_axic_fifo(...
Compiling module axi_dwidth_converter_v2_1_22.axi_dwidth_converter_v2_1_22_a_d...
Compiling module axi_dwidth_converter_v2_1_22.axi_dwidth_converter_v2_1_22_w_d...
Compiling module axi_dwidth_converter_v2_1_22.axi_dwidth_converter_v2_1_22_b_d...
Compiling module axi_dwidth_converter_v2_1_22.axi_dwidth_converter_v2_1_22_a_d...
Compiling module axi_dwidth_converter_v2_1_22.axi_dwidth_converter_v2_1_22_r_d...
Compiling module axi_dwidth_converter_v2_1_22.axi_dwidth_converter_v2_1_22_axi...
Compiling module fifo_generator_v13_2_5.fifo_generator_v13_2_5_bhv_ver_s...
Compiling module fifo_generator_v13_2_5.fifo_generator_v13_2_5_bhv_ver_p...
Compiling module fifo_generator_v13_2_5.fifo_generator_v13_2_5_CONV_VER(...
Compiling module fifo_generator_v13_2_5.fifo_generator_vlog_beh(C_COMMON...
Compiling module axi_data_fifo_v2_1_21.axi_data_fifo_v2_1_21_fifo_gen(C...
Compiling module axi_data_fifo_v2_1_21.axi_data_fifo_v2_1_21_axic_fifo(...
Compiling module axi_protocol_converter_v2_1_22.axi_protocol_converter_v2_1_22_a...
Compiling module axi_protocol_converter_v2_1_22.axi_protocol_converter_v2_1_22_w...
Compiling module axi_protocol_converter_v2_1_22.axi_protocol_converter_v2_1_22_b...
Compiling module fifo_generator_v13_2_5.fifo_generator_v13_2_5_bhv_ver_s...
Compiling module fifo_generator_v13_2_5.fifo_generator_v13_2_5_bhv_ver_p...
Compiling module fifo_generator_v13_2_5.fifo_generator_v13_2_5_CONV_VER(...
Compiling module fifo_generator_v13_2_5.fifo_generator_vlog_beh(C_COMMON...
Compiling module axi_data_fifo_v2_1_21.axi_data_fifo_v2_1_21_fifo_gen(C...
Compiling module axi_data_fifo_v2_1_21.axi_data_fifo_v2_1_21_axic_fifo(...
Compiling module axi_protocol_converter_v2_1_22.axi_protocol_converter_v2_1_22_a...
Compiling module axi_protocol_converter_v2_1_22.axi_protocol_converter_v2_1_22_r...
Compiling module axi_protocol_converter_v2_1_22.axi_protocol_converter_v2_1_22_a...
Compiling module axi_protocol_converter_v2_1_22.axi_protocol_converter_v2_1_22_a...
Compiling module axi_dwidth_converter_v2_1_22.axi_dwidth_converter_v2_1_22_top...
Compiling module xil_defaultlib.Soc_Tracking_auto_ds_0
Compiling module axi_protocol_converter_v2_1_22.axi_protocol_converter_v2_1_22_a...
Compiling module axi_protocol_converter_v2_1_22.axi_protocol_converter_v2_1_22_w...
Compiling module axi_protocol_converter_v2_1_22.axi_protocol_converter_v2_1_22_a...
Compiling module axi_protocol_converter_v2_1_22.axi_protocol_converter_v2_1_22_a...
Compiling module xil_defaultlib.Soc_Tracking_auto_pc_0
Compiling architecture structure of entity xil_defaultlib.m00_couplers_imp_LIW5QW [m00_couplers_imp_liw5qw_default]
Compiling module axi_protocol_converter_v2_1_22.axi_protocol_converter_v2_1_22_a...
Compiling module xil_defaultlib.Soc_Tracking_auto_pc_1
Compiling module axi_infrastructure_v1_1_0.axi_infrastructure_v1_1_0_axi2ve...
Compiling module axi_infrastructure_v1_1_0.axi_infrastructure_v1_1_0_vector...
Compiling module axi_register_slice_v2_1_22.axi_register_slice_v2_1_22_axic_...
Compiling module axi_register_slice_v2_1_22.axi_register_slice_v2_1_22_axic_...
Compiling module axi_register_slice_v2_1_22.axi_register_slice_v2_1_22_axic_...
Compiling module axi_register_slice_v2_1_22.axi_register_slice_v2_1_22_axic_...
Compiling module axi_register_slice_v2_1_22.axi_register_slice_v2_1_22_axi_r...
Compiling module generic_baseblocks_v2_1_0.generic_baseblocks_v2_1_0_comman...
Compiling module generic_baseblocks_v2_1_0.generic_baseblocks_v2_1_0_comman...
Compiling module axi_dwidth_converter_v2_1_22.axi_dwidth_converter_v2_1_22_a_u...
Compiling module axi_dwidth_converter_v2_1_22.axi_dwidth_converter_v2_1_22_w_u...
Compiling module axi_dwidth_converter_v2_1_22.axi_dwidth_converter_v2_1_22_a_u...
Compiling module axi_dwidth_converter_v2_1_22.axi_dwidth_converter_v2_1_22_r_u...
Compiling module axi_infrastructure_v1_1_0.axi_infrastructure_v1_1_0_axi2ve...
Compiling module axi_infrastructure_v1_1_0.axi_infrastructure_v1_1_0_vector...
Compiling module axi_register_slice_v2_1_22.axi_register_slice_v2_1_22_axic_...
Compiling module axi_register_slice_v2_1_22.axi_register_slice_v2_1_22_axic_...
Compiling module axi_register_slice_v2_1_22.axi_register_slice_v2_1_22_axic_...
Compiling module axi_register_slice_v2_1_22.axi_register_slice_v2_1_22_axic_...
Compiling module axi_register_slice_v2_1_22.axi_register_slice_v2_1_22_axi_r...
Compiling module axi_dwidth_converter_v2_1_22.axi_dwidth_converter_v2_1_22_axi...
Compiling module axi_dwidth_converter_v2_1_22.axi_dwidth_converter_v2_1_22_top...
Compiling module xil_defaultlib.Soc_Tracking_auto_us_0
Compiling architecture structure of entity xil_defaultlib.s00_couplers_imp_MEXH3F [s00_couplers_imp_mexh3f_default]
Compiling architecture structure of entity xil_defaultlib.s01_couplers_imp_JXZ18R [s01_couplers_imp_jxz18r_default]
Compiling module generic_baseblocks_v2_1_0.generic_baseblocks_v2_1_0_carry_...
Compiling module generic_baseblocks_v2_1_0.generic_baseblocks_v2_1_0_compar...
Compiling module axi_crossbar_v2_1_23.axi_crossbar_v2_1_23_addr_decode...
Compiling module generic_baseblocks_v2_1_0.generic_baseblocks_v2_1_0_mux_en...
Compiling module unisims_ver.SRLC32E_default_1
Compiling module axi_data_fifo_v2_1_21.axi_data_fifo_v2_1_21_ndeep_srl(...
Compiling module axi_data_fifo_v2_1_21.axi_data_fifo_v2_1_21_axic_srl_f...
Compiling module axi_crossbar_v2_1_23.axi_crossbar_v2_1_23_si_transact...
Compiling module generic_baseblocks_v2_1_0.generic_baseblocks_v2_1_0_mux_en...
Compiling module axi_crossbar_v2_1_23.axi_crossbar_v2_1_23_si_transact...
Compiling module axi_crossbar_v2_1_23.axi_crossbar_v2_1_23_splitter
Compiling module unisims_ver.SRLC32E_default
Compiling module axi_data_fifo_v2_1_21.axi_data_fifo_v2_1_21_ndeep_srl(...
Compiling module axi_data_fifo_v2_1_21.axi_data_fifo_v2_1_21_axic_reg_s...
Compiling module axi_crossbar_v2_1_23.axi_crossbar_v2_1_23_wdata_route...
Compiling module axi_crossbar_v2_1_23.axi_crossbar_v2_1_23_arbiter_res...
Compiling module axi_data_fifo_v2_1_21.axi_data_fifo_v2_1_21_ndeep_srl(...
Compiling module axi_data_fifo_v2_1_21.axi_data_fifo_v2_1_21_axic_srl_f...
Compiling module axi_crossbar_v2_1_23.axi_crossbar_v2_1_23_si_transact...
Compiling module axi_crossbar_v2_1_23.axi_crossbar_v2_1_23_si_transact...
Compiling module axi_data_fifo_v2_1_21.axi_data_fifo_v2_1_21_axic_reg_s...
Compiling module axi_crossbar_v2_1_23.axi_crossbar_v2_1_23_wdata_route...
Compiling module axi_crossbar_v2_1_23.axi_crossbar_v2_1_23_addr_decode...
Compiling module axi_data_fifo_v2_1_21.axi_data_fifo_v2_1_21_axic_reg_s...
Compiling module generic_baseblocks_v2_1_0.generic_baseblocks_v2_1_0_mux_en...
Compiling module axi_crossbar_v2_1_23.axi_crossbar_v2_1_23_wdata_mux(C...
Compiling module axi_data_fifo_v2_1_21.axi_data_fifo_v2_1_21_axic_srl_f...
Compiling module axi_infrastructure_v1_1_0.axi_infrastructure_v1_1_0_axi2ve...
Compiling module axi_infrastructure_v1_1_0.axi_infrastructure_v1_1_0_vector...
Compiling module axi_register_slice_v2_1_22.axi_register_slice_v2_1_22_axic_...
Compiling module axi_register_slice_v2_1_22.axi_register_slice_v2_1_22_axic_...
Compiling module axi_register_slice_v2_1_22.axi_register_slice_v2_1_22_axic_...
Compiling module axi_register_slice_v2_1_22.axi_register_slice_v2_1_22_axic_...
Compiling module axi_register_slice_v2_1_22.axi_register_slice_v2_1_22_axi_r...
Compiling module axi_data_fifo_v2_1_21.axi_data_fifo_v2_1_21_axic_reg_s...
Compiling module axi_crossbar_v2_1_23.axi_crossbar_v2_1_23_wdata_mux(C...
Compiling module axi_data_fifo_v2_1_21.axi_data_fifo_v2_1_21_axic_srl_f...
Compiling module generic_baseblocks_v2_1_0.generic_baseblocks_v2_1_0_mux_en...
Compiling module generic_baseblocks_v2_1_0.generic_baseblocks_v2_1_0_mux_en...
Compiling module axi_crossbar_v2_1_23.axi_crossbar_v2_1_23_addr_arbite...
Compiling module axi_crossbar_v2_1_23.axi_crossbar_v2_1_23_decerr_slav...
Compiling module axi_crossbar_v2_1_23.axi_crossbar_v2_1_23_crossbar(C_...
Compiling module axi_crossbar_v2_1_23.axi_crossbar_v2_1_23_axi_crossba...
Compiling module xil_defaultlib.Soc_Tracking_xbar_0
Compiling package xilinx_vip.axi_vip_pkg
Compiling package xilinx_vip.xil_common_vip_pkg
Compiling package std.std
Compiling architecture structure of entity xil_defaultlib.Soc_Tracking_ps7_0_axi_periph_0 [soc_tracking_ps7_0_axi_periph_0_...]
Compiling architecture fdre_v of entity unisim.FDRE [fdre_default]
Compiling architecture fdre_v of entity unisim.FDRE [\FDRE(init='1')\]
Compiling architecture fdr_v of entity unisim.FDR [fdr_default]
Compiling architecture implementation of entity lib_cdc_v1_0_2.cdc_sync [\cdc_sync(c_vector_width=2,c_mtb...]
Compiling architecture srl16e_v of entity unisim.SRL16E [\SRL16E(init="1111111111111111")...]
Compiling architecture srl16_v of entity unisim.SRL16 [\SRL16(init="1111111111111111")(...]
Compiling architecture imp of entity proc_sys_reset_v5_0_13.lpf [\lpf(c_ext_rst_width=4,c_aux_rst...]
Compiling architecture imp of entity proc_sys_reset_v5_0_13.upcnt_n [\upcnt_n(c_size=6)\]
Compiling architecture imp of entity proc_sys_reset_v5_0_13.sequence_psr [sequence_psr_default]
Compiling architecture imp of entity proc_sys_reset_v5_0_13.proc_sys_reset [\proc_sys_reset(c_family="zynq",...]
Compiling architecture soc_tracking_rst_ps7_0_100m_0_arch of entity xil_defaultlib.Soc_Tracking_rst_ps7_0_100M_0 [soc_tracking_rst_ps7_0_100m_0_de...]
Compiling architecture structure of entity xil_defaultlib.Soc_Tracking [soc_tracking_default]
Compiling architecture structure of entity xil_defaultlib.Soc_Tracking_wrapper [soc_tracking_wrapper_default]
Compiling architecture behavioral of entity xil_defaultlib.tb_dma_vga
Built simulation snapshot tb_dma_vga_behav
run_program: Time (s): cpu = 00:00:02 ; elapsed = 00:01:20 . Memory (MB): peak = 1655.355 ; gain = 0.000
INFO: [USF-XSim-69] 'elaborate' step finished in '80' seconds
launch_simulation: Time (s): cpu = 00:00:02 ; elapsed = 00:01:20 . Memory (MB): peak = 1655.355 ; gain = 0.000
Vivado Simulator 2020.2
INFO: [Wavedata 42-565] Reading protoinst file protoinst_files/Soc_Tracking.protoinst
INFO: [Wavedata 42-564]   Found protocol instance at /tb_dma_vga/dut/Soc_Tracking_i//DMA24bUnit_mm2s_0/STR_video_out
INFO: [Wavedata 42-564]   Found protocol instance at /tb_dma_vga/dut/Soc_Tracking_i//DMA24bUnit_mm2s_0/m_axi_gmem
INFO: [Wavedata 42-564]   Found protocol instance at /tb_dma_vga/dut/Soc_Tracking_i//VGA_controller_0/S_AXIS
INFO: [Wavedata 42-564]   Found protocol instance at /tb_dma_vga/dut/Soc_Tracking_i//processing_system7_0/M_AXI_GP0
INFO: [Wavedata 42-564]   Found protocol instance at /tb_dma_vga/dut/Soc_Tracking_i//processing_system7_0/S_AXI_HP0
INFO: [Wavedata 42-564]   Found protocol instance at /tb_dma_vga/dut/Soc_Tracking_i//ps7_0_axi_periph/M00_AXI
INFO: [Wavedata 42-564]   Found protocol instance at /tb_dma_vga/dut/Soc_Tracking_i//ps7_0_axi_periph/S00_AXI
INFO: [Wavedata 42-564]   Found protocol instance at /tb_dma_vga/dut/Soc_Tracking_i//ps7_0_axi_periph/S01_AXI
INFO: [Wavedata 42-564]   Found protocol instance at /tb_dma_vga/dut/Soc_Tracking_i//ps7_0_axi_periph/m00_couplers/M_AXI
INFO: [Wavedata 42-564]   Found protocol instance at /tb_dma_vga/dut/Soc_Tracking_i//ps7_0_axi_periph/m00_couplers/S_AXI
INFO: [Wavedata 42-564]   Found protocol instance at /tb_dma_vga/dut/Soc_Tracking_i//ps7_0_axi_periph/m00_couplers/auto_ds/M_AXI
INFO: [Wavedata 42-564]   Found protocol instance at /tb_dma_vga/dut/Soc_Tracking_i//ps7_0_axi_periph/m00_couplers/auto_ds/S_AXI
INFO: [Wavedata 42-564]   Found protocol instance at /tb_dma_vga/dut/Soc_Tracking_i//ps7_0_axi_periph/m00_couplers/auto_pc/M_AXI
INFO: [Wavedata 42-564]   Found protocol instance at /tb_dma_vga/dut/Soc_Tracking_i//ps7_0_axi_periph/m00_couplers/auto_pc/S_AXI
INFO: [Wavedata 42-564]   Found protocol instance at /tb_dma_vga/dut/Soc_Tracking_i//ps7_0_axi_periph/s00_couplers/M_AXI
INFO: [Wavedata 42-564]   Found protocol instance at /tb_dma_vga/dut/Soc_Tracking_i//ps7_0_axi_periph/s00_couplers/S_AXI
INFO: [Wavedata 42-564]   Found protocol instance at /tb_dma_vga/dut/Soc_Tracking_i//ps7_0_axi_periph/s00_couplers/auto_pc/M_AXI
INFO: [Wavedata 42-564]   Found protocol instance at /tb_dma_vga/dut/Soc_Tracking_i//ps7_0_axi_periph/s00_couplers/auto_pc/S_AXI
INFO: [Wavedata 42-564]   Found protocol instance at /tb_dma_vga/dut/Soc_Tracking_i//ps7_0_axi_periph/s00_couplers/auto_us/M_AXI
INFO: [Wavedata 42-564]   Found protocol instance at /tb_dma_vga/dut/Soc_Tracking_i//ps7_0_axi_periph/s00_couplers/auto_us/S_AXI
INFO: [Wavedata 42-564]   Found protocol instance at /tb_dma_vga/dut/Soc_Tracking_i//ps7_0_axi_periph/s01_couplers/M_AXI
INFO: [Wavedata 42-564]   Found protocol instance at /tb_dma_vga/dut/Soc_Tracking_i//ps7_0_axi_periph/s01_couplers/S_AXI
INFO: [Wavedata 42-564]   Found protocol instance at /tb_dma_vga/dut/Soc_Tracking_i//ps7_0_axi_periph/xbar/M00_AXI
INFO: [Wavedata 42-564]   Found protocol instance at /tb_dma_vga/dut/Soc_Tracking_i//ps7_0_axi_periph/xbar/S00_AXI
INFO: [Wavedata 42-564]   Found protocol instance at /tb_dma_vga/dut/Soc_Tracking_i//ps7_0_axi_periph/xbar/S01_AXI
WARNING: [Wavedata 42-559] Protocol instance "/tb_dma_vga/dut/Soc_Tracking_i//DMA24bUnit_mm2s_0/STR_video_out" was created but is non-functional for the following reason(s):
Required port "ACLK" is missing

WARNING: [Wavedata 42-559] Protocol instance "/tb_dma_vga/dut/Soc_Tracking_i//DMA24bUnit_mm2s_0/m_axi_gmem" was created but is non-functional for the following reason(s):
Required port "ACLK" is missing

WARNING: [Wavedata 42-559] Protocol instance "/tb_dma_vga/dut/Soc_Tracking_i//VGA_controller_0/S_AXIS" was created but is non-functional for the following reason(s):
Port "TUSER" must be a logic vector

WARNING: [Wavedata 42-572] Protocol instance "/tb_dma_vga/dut/Soc_Tracking_i/DMA24bUnit_mm2s_0/STR_video_out" is non-functional for the following reason(s):
Required port "ACLK" is missing

WARNING: [Wavedata 42-572] Protocol instance "/tb_dma_vga/dut/Soc_Tracking_i/DMA24bUnit_mm2s_0/STR_video_out" is non-functional for the following reason(s):
Required port "ACLK" is missing

WARNING: [Wavedata 42-572] Protocol instance "/tb_dma_vga/dut/Soc_Tracking_i/DMA24bUnit_mm2s_0/m_axi_gmem" is non-functional for the following reason(s):
Required port "ACLK" is missing

WARNING: [Wavedata 42-572] Protocol instance "/tb_dma_vga/dut/Soc_Tracking_i/DMA24bUnit_mm2s_0/m_axi_gmem" is non-functional for the following reason(s):
Required port "ACLK" is missing

Time resolution is 1 ps
XilinxAXIVIP: Found at Path: tb_dma_vga.dut.Soc_Tracking_i.processing_system7_0.inst.M_AXI_GP0.master
[0] : *ZYNQ_VIP_INFO : M_AXI_GP0 : Port is ENABLED.
XilinxAXIVIP: Found at Path: tb_dma_vga.dut.Soc_Tracking_i.processing_system7_0.inst.M_AXI_GP1.master
[0] : *ZYNQ_VIP_INFO : M_AXI_GP1 : Port is DISABLED.
XilinxAXIVIP: Found at Path: tb_dma_vga.dut.Soc_Tracking_i.processing_system7_0.inst.S_AXI_GP0.slave
[0] : *ZYNQ_VIP_INFO : S_AXI_GP0 : Port is DISABLED.
XilinxAXIVIP: Found at Path: tb_dma_vga.dut.Soc_Tracking_i.processing_system7_0.inst.S_AXI_GP1.slave
[0] : *ZYNQ_VIP_INFO : S_AXI_GP1 : Port is DISABLED.
XilinxAXIVIP: Found at Path: tb_dma_vga.dut.Soc_Tracking_i.processing_system7_0.inst.S_AXI_HP0.slave
[0] : *ZYNQ_VIP_INFO : S_AXI_HP0 : Port is ENABLED.
                   0 BEFORE checking line ...... x
                   0 AFTER checking line ...... x
XilinxAXIVIP: Found at Path: tb_dma_vga.dut.Soc_Tracking_i.processing_system7_0.inst.S_AXI_HP1.slave
[0] : *ZYNQ_VIP_INFO : S_AXI_HP1 : Port is DISABLED.
                   0 BEFORE checking line ...... x
                   0 AFTER checking line ...... x
XilinxAXIVIP: Found at Path: tb_dma_vga.dut.Soc_Tracking_i.processing_system7_0.inst.S_AXI_HP2.slave
[0] : *ZYNQ_VIP_INFO : S_AXI_HP2 : Port is DISABLED.
                   0 BEFORE checking line ...... x
                   0 AFTER checking line ...... x
XilinxAXIVIP: Found at Path: tb_dma_vga.dut.Soc_Tracking_i.processing_system7_0.inst.S_AXI_HP3.slave
[0] : *ZYNQ_VIP_INFO : S_AXI_HP3 : Port is DISABLED.
                   0 BEFORE checking line ...... x
                   0 AFTER checking line ...... x
XilinxAXIVIP: Found at Path: tb_dma_vga.dut.Soc_Tracking_i.processing_system7_0.inst.S_AXI_ACP.slave
[0] : *ZYNQ_VIP_INFO : S_AXI_ACP : Port is DISABLED.
                   0 else checking line ......x
WARNING: 5 ns tb_dma_vga.dut.Soc_Tracking_i.processing_system7_0.inst.M_AXI_GP0.master.IF : ARESET_N can't be X/Z after 1 cycle of clock. To downgrade, use <hierarchy_path to VIP>.IF.set_enable_xchecks_to_warn(), or filter using clr_enable_xchecks.
WARNING: 5 ns tb_dma_vga.dut.Soc_Tracking_i.processing_system7_0.inst.S_AXI_HP0.slave.IF : ARESET_N can't be X/Z after 1 cycle of clock. To downgrade, use <hierarchy_path to VIP>.IF.set_enable_xchecks_to_warn(), or filter using clr_enable_xchecks.
                   5 else checking line ......1
             1000535 AFTER checking line ...... 1
             1002135 AFTER checking line ...... 1
             1002795 AFTER checking line ...... 1
             1002795 AFTER checking line ...... 1
             1002795 AFTER checking line ...... 1
             1002795 AFTER checking line ...... 1
             1002795 AFTER checking line ...... 1
             1002795 AFTER checking line ...... 1
Warning: XILINX_RECS_CONTINUOUS_RTRANSFERS_MAX_WAIT: RVALID should be asserted within MAXWAITS cycles of AR Command being accepted.
Time: 1010465 ns  Iteration: 1  Process: /tb_dma_vga/dut/Soc_Tracking_i/processing_system7_0/inst/S_AXI_HP0/slave/IF/PC/Always1528_1148  Scope: tb_dma_vga.dut.Soc_Tracking_i.processing_system7_0.inst.S_AXI_HP0.slave.IF.PC  File: /wrk/ci/prod/2020.2/sw/continuous/733/packages/customer/vivado/data/xilinx_vip/hdl/axi_vip_axi4pc.sv Line: 1656
Warning: XILINX_RECS_CONTINUOUS_RTRANSFERS_MAX_WAIT: RVALID should be asserted within MAXWAITS cycles of AR Command being accepted.
Time: 1020725 ns  Iteration: 1  Process: /tb_dma_vga/dut/Soc_Tracking_i/processing_system7_0/inst/S_AXI_HP0/slave/IF/PC/Always1528_1148  Scope: tb_dma_vga.dut.Soc_Tracking_i.processing_system7_0.inst.S_AXI_HP0.slave.IF.PC  File: /wrk/ci/prod/2020.2/sw/continuous/733/packages/customer/vivado/data/xilinx_vip/hdl/axi_vip_axi4pc.sv Line: 1656
Warning: XILINX_RECS_CONTINUOUS_RTRANSFERS_MAX_WAIT: RVALID should be asserted within MAXWAITS cycles of AR Command being accepted.
Time: 1030985 ns  Iteration: 1  Process: /tb_dma_vga/dut/Soc_Tracking_i/processing_system7_0/inst/S_AXI_HP0/slave/IF/PC/Always1528_1148  Scope: tb_dma_vga.dut.Soc_Tracking_i.processing_system7_0.inst.S_AXI_HP0.slave.IF.PC  File: /wrk/ci/prod/2020.2/sw/continuous/733/packages/customer/vivado/data/xilinx_vip/hdl/axi_vip_axi4pc.sv Line: 1656
Warning: XILINX_RECS_CONTINUOUS_RTRANSFERS_MAX_WAIT: RVALID should be asserted within MAXWAITS cycles of AR Command being accepted.
Time: 1041245 ns  Iteration: 1  Process: /tb_dma_vga/dut/Soc_Tracking_i/processing_system7_0/inst/S_AXI_HP0/slave/IF/PC/Always1528_1148  Scope: tb_dma_vga.dut.Soc_Tracking_i.processing_system7_0.inst.S_AXI_HP0.slave.IF.PC  File: /wrk/ci/prod/2020.2/sw/continuous/733/packages/customer/vivado/data/xilinx_vip/hdl/axi_vip_axi4pc.sv Line: 1656
Warning: XILINX_RECS_CONTINUOUS_RTRANSFERS_MAX_WAIT: RVALID should be asserted within MAXWAITS cycles of AR Command being accepted.
Time: 1051505 ns  Iteration: 1  Process: /tb_dma_vga/dut/Soc_Tracking_i/processing_system7_0/inst/S_AXI_HP0/slave/IF/PC/Always1528_1148  Scope: tb_dma_vga.dut.Soc_Tracking_i.processing_system7_0.inst.S_AXI_HP0.slave.IF.PC  File: /wrk/ci/prod/2020.2/sw/continuous/733/packages/customer/vivado/data/xilinx_vip/hdl/axi_vip_axi4pc.sv Line: 1656
Warning: XILINX_RECS_CONTINUOUS_RTRANSFERS_MAX_WAIT: RVALID should be asserted within MAXWAITS cycles of AR Command being accepted.
Time: 1061765 ns  Iteration: 1  Process: /tb_dma_vga/dut/Soc_Tracking_i/processing_system7_0/inst/S_AXI_HP0/slave/IF/PC/Always1528_1148  Scope: tb_dma_vga.dut.Soc_Tracking_i.processing_system7_0.inst.S_AXI_HP0.slave.IF.PC  File: /wrk/ci/prod/2020.2/sw/continuous/733/packages/customer/vivado/data/xilinx_vip/hdl/axi_vip_axi4pc.sv Line: 1656
Warning: XILINX_RECS_CONTINUOUS_RTRANSFERS_MAX_WAIT: RVALID should be asserted within MAXWAITS cycles of AR Command being accepted.
Time: 1072025 ns  Iteration: 1  Process: /tb_dma_vga/dut/Soc_Tracking_i/processing_system7_0/inst/S_AXI_HP0/slave/IF/PC/Always1528_1148  Scope: tb_dma_vga.dut.Soc_Tracking_i.processing_system7_0.inst.S_AXI_HP0.slave.IF.PC  File: /wrk/ci/prod/2020.2/sw/continuous/733/packages/customer/vivado/data/xilinx_vip/hdl/axi_vip_axi4pc.sv Line: 1656
Warning: XILINX_RECS_CONTINUOUS_RTRANSFERS_MAX_WAIT: RVALID should be asserted within MAXWAITS cycles of AR Command being accepted.
Time: 1082285 ns  Iteration: 1  Process: /tb_dma_vga/dut/Soc_Tracking_i/processing_system7_0/inst/S_AXI_HP0/slave/IF/PC/Always1528_1148  Scope: tb_dma_vga.dut.Soc_Tracking_i.processing_system7_0.inst.S_AXI_HP0.slave.IF.PC  File: /wrk/ci/prod/2020.2/sw/continuous/733/packages/customer/vivado/data/xilinx_vip/hdl/axi_vip_axi4pc.sv Line: 1656
Warning: XILINX_RECS_CONTINUOUS_RTRANSFERS_MAX_WAIT: RVALID should be asserted within MAXWAITS cycles of AR Command being accepted.
Time: 1092545 ns  Iteration: 1  Process: /tb_dma_vga/dut/Soc_Tracking_i/processing_system7_0/inst/S_AXI_HP0/slave/IF/PC/Always1528_1148  Scope: tb_dma_vga.dut.Soc_Tracking_i.processing_system7_0.inst.S_AXI_HP0.slave.IF.PC  File: /wrk/ci/prod/2020.2/sw/continuous/733/packages/customer/vivado/data/xilinx_vip/hdl/axi_vip_axi4pc.sv Line: 1656
Warning: XILINX_RECS_CONTINUOUS_RTRANSFERS_MAX_WAIT: RVALID should be asserted within MAXWAITS cycles of AR Command being accepted.
Time: 1102805 ns  Iteration: 1  Process: /tb_dma_vga/dut/Soc_Tracking_i/processing_system7_0/inst/S_AXI_HP0/slave/IF/PC/Always1528_1148  Scope: tb_dma_vga.dut.Soc_Tracking_i.processing_system7_0.inst.S_AXI_HP0.slave.IF.PC  File: /wrk/ci/prod/2020.2/sw/continuous/733/packages/customer/vivado/data/xilinx_vip/hdl/axi_vip_axi4pc.sv Line: 1656
Warning: XILINX_RECS_CONTINUOUS_RTRANSFERS_MAX_WAIT: RVALID should be asserted within MAXWAITS cycles of AR Command being accepted.
Time: 1113065 ns  Iteration: 1  Process: /tb_dma_vga/dut/Soc_Tracking_i/processing_system7_0/inst/S_AXI_HP0/slave/IF/PC/Always1528_1148  Scope: tb_dma_vga.dut.Soc_Tracking_i.processing_system7_0.inst.S_AXI_HP0.slave.IF.PC  File: /wrk/ci/prod/2020.2/sw/continuous/733/packages/customer/vivado/data/xilinx_vip/hdl/axi_vip_axi4pc.sv Line: 1656
Warning: XILINX_RECS_CONTINUOUS_RTRANSFERS_MAX_WAIT: RVALID should be asserted within MAXWAITS cycles of AR Command being accepted.
Time: 1123325 ns  Iteration: 1  Process: /tb_dma_vga/dut/Soc_Tracking_i/processing_system7_0/inst/S_AXI_HP0/slave/IF/PC/Always1528_1148  Scope: tb_dma_vga.dut.Soc_Tracking_i.processing_system7_0.inst.S_AXI_HP0.slave.IF.PC  File: /wrk/ci/prod/2020.2/sw/continuous/733/packages/customer/vivado/data/xilinx_vip/hdl/axi_vip_axi4pc.sv Line: 1656
Warning: XILINX_RECS_CONTINUOUS_RTRANSFERS_MAX_WAIT: RVALID should be asserted within MAXWAITS cycles of AR Command being accepted.
Time: 1133585 ns  Iteration: 1  Process: /tb_dma_vga/dut/Soc_Tracking_i/processing_system7_0/inst/S_AXI_HP0/slave/IF/PC/Always1528_1148  Scope: tb_dma_vga.dut.Soc_Tracking_i.processing_system7_0.inst.S_AXI_HP0.slave.IF.PC  File: /wrk/ci/prod/2020.2/sw/continuous/733/packages/customer/vivado/data/xilinx_vip/hdl/axi_vip_axi4pc.sv Line: 1656
Warning: XILINX_RECS_CONTINUOUS_RTRANSFERS_MAX_WAIT: RVALID should be asserted within MAXWAITS cycles of AR Command being accepted.
Time: 1143845 ns  Iteration: 1  Process: /tb_dma_vga/dut/Soc_Tracking_i/processing_system7_0/inst/S_AXI_HP0/slave/IF/PC/Always1528_1148  Scope: tb_dma_vga.dut.Soc_Tracking_i.processing_system7_0.inst.S_AXI_HP0.slave.IF.PC  File: /wrk/ci/prod/2020.2/sw/continuous/733/packages/customer/vivado/data/xilinx_vip/hdl/axi_vip_axi4pc.sv Line: 1656
Warning: XILINX_RECS_CONTINUOUS_RTRANSFERS_MAX_WAIT: RVALID should be asserted within MAXWAITS cycles of AR Command being accepted.
Time: 1154105 ns  Iteration: 1  Process: /tb_dma_vga/dut/Soc_Tracking_i/processing_system7_0/inst/S_AXI_HP0/slave/IF/PC/Always1528_1148  Scope: tb_dma_vga.dut.Soc_Tracking_i.processing_system7_0.inst.S_AXI_HP0.slave.IF.PC  File: /wrk/ci/prod/2020.2/sw/continuous/733/packages/customer/vivado/data/xilinx_vip/hdl/axi_vip_axi4pc.sv Line: 1656
Warning: XILINX_RECS_CONTINUOUS_RTRANSFERS_MAX_WAIT: RVALID should be asserted within MAXWAITS cycles of AR Command being accepted.
Time: 1164365 ns  Iteration: 1  Process: /tb_dma_vga/dut/Soc_Tracking_i/processing_system7_0/inst/S_AXI_HP0/slave/IF/PC/Always1528_1148  Scope: tb_dma_vga.dut.Soc_Tracking_i.processing_system7_0.inst.S_AXI_HP0.slave.IF.PC  File: /wrk/ci/prod/2020.2/sw/continuous/733/packages/customer/vivado/data/xilinx_vip/hdl/axi_vip_axi4pc.sv Line: 1656
Warning: XILINX_RECS_CONTINUOUS_RTRANSFERS_MAX_WAIT: RVALID should be asserted within MAXWAITS cycles of AR Command being accepted.
Time: 1174625 ns  Iteration: 1  Process: /tb_dma_vga/dut/Soc_Tracking_i/processing_system7_0/inst/S_AXI_HP0/slave/IF/PC/Always1528_1148  Scope: tb_dma_vga.dut.Soc_Tracking_i.processing_system7_0.inst.S_AXI_HP0.slave.IF.PC  File: /wrk/ci/prod/2020.2/sw/continuous/733/packages/customer/vivado/data/xilinx_vip/hdl/axi_vip_axi4pc.sv Line: 1656
Warning: XILINX_RECS_CONTINUOUS_RTRANSFERS_MAX_WAIT: RVALID should be asserted within MAXWAITS cycles of AR Command being accepted.
Time: 1184885 ns  Iteration: 1  Process: /tb_dma_vga/dut/Soc_Tracking_i/processing_system7_0/inst/S_AXI_HP0/slave/IF/PC/Always1528_1148  Scope: tb_dma_vga.dut.Soc_Tracking_i.processing_system7_0.inst.S_AXI_HP0.slave.IF.PC  File: /wrk/ci/prod/2020.2/sw/continuous/733/packages/customer/vivado/data/xilinx_vip/hdl/axi_vip_axi4pc.sv Line: 1656
Warning: XILINX_RECS_CONTINUOUS_RTRANSFERS_MAX_WAIT: RVALID should be asserted within MAXWAITS cycles of AR Command being accepted.
Time: 1195145 ns  Iteration: 1  Process: /tb_dma_vga/dut/Soc_Tracking_i/processing_system7_0/inst/S_AXI_HP0/slave/IF/PC/Always1528_1148  Scope: tb_dma_vga.dut.Soc_Tracking_i.processing_system7_0.inst.S_AXI_HP0.slave.IF.PC  File: /wrk/ci/prod/2020.2/sw/continuous/733/packages/customer/vivado/data/xilinx_vip/hdl/axi_vip_axi4pc.sv Line: 1656
Warning: XILINX_RECS_CONTINUOUS_RTRANSFERS_MAX_WAIT: RVALID should be asserted within MAXWAITS cycles of AR Command being accepted.
Time: 1205405 ns  Iteration: 1  Process: /tb_dma_vga/dut/Soc_Tracking_i/processing_system7_0/inst/S_AXI_HP0/slave/IF/PC/Always1528_1148  Scope: tb_dma_vga.dut.Soc_Tracking_i.processing_system7_0.inst.S_AXI_HP0.slave.IF.PC  File: /wrk/ci/prod/2020.2/sw/continuous/733/packages/customer/vivado/data/xilinx_vip/hdl/axi_vip_axi4pc.sv Line: 1656
Warning: XILINX_RECS_CONTINUOUS_RTRANSFERS_MAX_WAIT: RVALID should be asserted within MAXWAITS cycles of AR Command being accepted.
Time: 1215665 ns  Iteration: 1  Process: /tb_dma_vga/dut/Soc_Tracking_i/processing_system7_0/inst/S_AXI_HP0/slave/IF/PC/Always1528_1148  Scope: tb_dma_vga.dut.Soc_Tracking_i.processing_system7_0.inst.S_AXI_HP0.slave.IF.PC  File: /wrk/ci/prod/2020.2/sw/continuous/733/packages/customer/vivado/data/xilinx_vip/hdl/axi_vip_axi4pc.sv Line: 1656
Warning: XILINX_RECS_CONTINUOUS_RTRANSFERS_MAX_WAIT: RVALID should be asserted within MAXWAITS cycles of AR Command being accepted.
Time: 1225925 ns  Iteration: 1  Process: /tb_dma_vga/dut/Soc_Tracking_i/processing_system7_0/inst/S_AXI_HP0/slave/IF/PC/Always1528_1148  Scope: tb_dma_vga.dut.Soc_Tracking_i.processing_system7_0.inst.S_AXI_HP0.slave.IF.PC  File: /wrk/ci/prod/2020.2/sw/continuous/733/packages/customer/vivado/data/xilinx_vip/hdl/axi_vip_axi4pc.sv Line: 1656
Warning: XILINX_RECS_CONTINUOUS_RTRANSFERS_MAX_WAIT: RVALID should be asserted within MAXWAITS cycles of AR Command being accepted.
Time: 1236185 ns  Iteration: 1  Process: /tb_dma_vga/dut/Soc_Tracking_i/processing_system7_0/inst/S_AXI_HP0/slave/IF/PC/Always1528_1148  Scope: tb_dma_vga.dut.Soc_Tracking_i.processing_system7_0.inst.S_AXI_HP0.slave.IF.PC  File: /wrk/ci/prod/2020.2/sw/continuous/733/packages/customer/vivado/data/xilinx_vip/hdl/axi_vip_axi4pc.sv Line: 1656
Warning: XILINX_RECS_CONTINUOUS_RTRANSFERS_MAX_WAIT: RVALID should be asserted within MAXWAITS cycles of AR Command being accepted.
Time: 1246445 ns  Iteration: 1  Process: /tb_dma_vga/dut/Soc_Tracking_i/processing_system7_0/inst/S_AXI_HP0/slave/IF/PC/Always1528_1148  Scope: tb_dma_vga.dut.Soc_Tracking_i.processing_system7_0.inst.S_AXI_HP0.slave.IF.PC  File: /wrk/ci/prod/2020.2/sw/continuous/733/packages/customer/vivado/data/xilinx_vip/hdl/axi_vip_axi4pc.sv Line: 1656
Warning: XILINX_RECS_CONTINUOUS_RTRANSFERS_MAX_WAIT: RVALID should be asserted within MAXWAITS cycles of AR Command being accepted.
Time: 1256705 ns  Iteration: 1  Process: /tb_dma_vga/dut/Soc_Tracking_i/processing_system7_0/inst/S_AXI_HP0/slave/IF/PC/Always1528_1148  Scope: tb_dma_vga.dut.Soc_Tracking_i.processing_system7_0.inst.S_AXI_HP0.slave.IF.PC  File: /wrk/ci/prod/2020.2/sw/continuous/733/packages/customer/vivado/data/xilinx_vip/hdl/axi_vip_axi4pc.sv Line: 1656
Warning: XILINX_RECS_CONTINUOUS_RTRANSFERS_MAX_WAIT: RVALID should be asserted within MAXWAITS cycles of AR Command being accepted.
Time: 1266965 ns  Iteration: 1  Process: /tb_dma_vga/dut/Soc_Tracking_i/processing_system7_0/inst/S_AXI_HP0/slave/IF/PC/Always1528_1148  Scope: tb_dma_vga.dut.Soc_Tracking_i.processing_system7_0.inst.S_AXI_HP0.slave.IF.PC  File: /wrk/ci/prod/2020.2/sw/continuous/733/packages/customer/vivado/data/xilinx_vip/hdl/axi_vip_axi4pc.sv Line: 1656
Warning: XILINX_RECS_CONTINUOUS_RTRANSFERS_MAX_WAIT: RVALID should be asserted within MAXWAITS cycles of AR Command being accepted.
Time: 1277225 ns  Iteration: 1  Process: /tb_dma_vga/dut/Soc_Tracking_i/processing_system7_0/inst/S_AXI_HP0/slave/IF/PC/Always1528_1148  Scope: tb_dma_vga.dut.Soc_Tracking_i.processing_system7_0.inst.S_AXI_HP0.slave.IF.PC  File: /wrk/ci/prod/2020.2/sw/continuous/733/packages/customer/vivado/data/xilinx_vip/hdl/axi_vip_axi4pc.sv Line: 1656
Warning: XILINX_RECS_CONTINUOUS_RTRANSFERS_MAX_WAIT: RVALID should be asserted within MAXWAITS cycles of AR Command being accepted.
Time: 1287485 ns  Iteration: 1  Process: /tb_dma_vga/dut/Soc_Tracking_i/processing_system7_0/inst/S_AXI_HP0/slave/IF/PC/Always1528_1148  Scope: tb_dma_vga.dut.Soc_Tracking_i.processing_system7_0.inst.S_AXI_HP0.slave.IF.PC  File: /wrk/ci/prod/2020.2/sw/continuous/733/packages/customer/vivado/data/xilinx_vip/hdl/axi_vip_axi4pc.sv Line: 1656
Warning: XILINX_RECS_CONTINUOUS_RTRANSFERS_MAX_WAIT: RVALID should be asserted within MAXWAITS cycles of AR Command being accepted.
Time: 1297745 ns  Iteration: 1  Process: /tb_dma_vga/dut/Soc_Tracking_i/processing_system7_0/inst/S_AXI_HP0/slave/IF/PC/Always1528_1148  Scope: tb_dma_vga.dut.Soc_Tracking_i.processing_system7_0.inst.S_AXI_HP0.slave.IF.PC  File: /wrk/ci/prod/2020.2/sw/continuous/733/packages/customer/vivado/data/xilinx_vip/hdl/axi_vip_axi4pc.sv Line: 1656
Warning: XILINX_RECS_CONTINUOUS_RTRANSFERS_MAX_WAIT: RVALID should be asserted within MAXWAITS cycles of AR Command being accepted.
Time: 1308005 ns  Iteration: 1  Process: /tb_dma_vga/dut/Soc_Tracking_i/processing_system7_0/inst/S_AXI_HP0/slave/IF/PC/Always1528_1148  Scope: tb_dma_vga.dut.Soc_Tracking_i.processing_system7_0.inst.S_AXI_HP0.slave.IF.PC  File: /wrk/ci/prod/2020.2/sw/continuous/733/packages/customer/vivado/data/xilinx_vip/hdl/axi_vip_axi4pc.sv Line: 1656
Warning: XILINX_RECS_CONTINUOUS_RTRANSFERS_MAX_WAIT: RVALID should be asserted within MAXWAITS cycles of AR Command being accepted.
Time: 1318265 ns  Iteration: 1  Process: /tb_dma_vga/dut/Soc_Tracking_i/processing_system7_0/inst/S_AXI_HP0/slave/IF/PC/Always1528_1148  Scope: tb_dma_vga.dut.Soc_Tracking_i.processing_system7_0.inst.S_AXI_HP0.slave.IF.PC  File: /wrk/ci/prod/2020.2/sw/continuous/733/packages/customer/vivado/data/xilinx_vip/hdl/axi_vip_axi4pc.sv Line: 1656
Warning: XILINX_RECS_CONTINUOUS_RTRANSFERS_MAX_WAIT: RVALID should be asserted within MAXWAITS cycles of AR Command being accepted.
Time: 1328525 ns  Iteration: 1  Process: /tb_dma_vga/dut/Soc_Tracking_i/processing_system7_0/inst/S_AXI_HP0/slave/IF/PC/Always1528_1148  Scope: tb_dma_vga.dut.Soc_Tracking_i.processing_system7_0.inst.S_AXI_HP0.slave.IF.PC  File: /wrk/ci/prod/2020.2/sw/continuous/733/packages/customer/vivado/data/xilinx_vip/hdl/axi_vip_axi4pc.sv Line: 1656
Warning: XILINX_RECS_CONTINUOUS_RTRANSFERS_MAX_WAIT: RVALID should be asserted within MAXWAITS cycles of AR Command being accepted.
Time: 1338785 ns  Iteration: 1  Process: /tb_dma_vga/dut/Soc_Tracking_i/processing_system7_0/inst/S_AXI_HP0/slave/IF/PC/Always1528_1148  Scope: tb_dma_vga.dut.Soc_Tracking_i.processing_system7_0.inst.S_AXI_HP0.slave.IF.PC  File: /wrk/ci/prod/2020.2/sw/continuous/733/packages/customer/vivado/data/xilinx_vip/hdl/axi_vip_axi4pc.sv Line: 1656
Warning: XILINX_RECS_CONTINUOUS_RTRANSFERS_MAX_WAIT: RVALID should be asserted within MAXWAITS cycles of AR Command being accepted.
Time: 1349045 ns  Iteration: 1  Process: /tb_dma_vga/dut/Soc_Tracking_i/processing_system7_0/inst/S_AXI_HP0/slave/IF/PC/Always1528_1148  Scope: tb_dma_vga.dut.Soc_Tracking_i.processing_system7_0.inst.S_AXI_HP0.slave.IF.PC  File: /wrk/ci/prod/2020.2/sw/continuous/733/packages/customer/vivado/data/xilinx_vip/hdl/axi_vip_axi4pc.sv Line: 1656
Warning: XILINX_RECS_CONTINUOUS_RTRANSFERS_MAX_WAIT: RVALID should be asserted within MAXWAITS cycles of AR Command being accepted.
Time: 1359305 ns  Iteration: 1  Process: /tb_dma_vga/dut/Soc_Tracking_i/processing_system7_0/inst/S_AXI_HP0/slave/IF/PC/Always1528_1148  Scope: tb_dma_vga.dut.Soc_Tracking_i.processing_system7_0.inst.S_AXI_HP0.slave.IF.PC  File: /wrk/ci/prod/2020.2/sw/continuous/733/packages/customer/vivado/data/xilinx_vip/hdl/axi_vip_axi4pc.sv Line: 1656
Warning: XILINX_RECS_CONTINUOUS_RTRANSFERS_MAX_WAIT: RVALID should be asserted within MAXWAITS cycles of AR Command being accepted.
Time: 1369565 ns  Iteration: 1  Process: /tb_dma_vga/dut/Soc_Tracking_i/processing_system7_0/inst/S_AXI_HP0/slave/IF/PC/Always1528_1148  Scope: tb_dma_vga.dut.Soc_Tracking_i.processing_system7_0.inst.S_AXI_HP0.slave.IF.PC  File: /wrk/ci/prod/2020.2/sw/continuous/733/packages/customer/vivado/data/xilinx_vip/hdl/axi_vip_axi4pc.sv Line: 1656
Warning: XILINX_RECS_CONTINUOUS_RTRANSFERS_MAX_WAIT: RVALID should be asserted within MAXWAITS cycles of AR Command being accepted.
Time: 1379825 ns  Iteration: 1  Process: /tb_dma_vga/dut/Soc_Tracking_i/processing_system7_0/inst/S_AXI_HP0/slave/IF/PC/Always1528_1148  Scope: tb_dma_vga.dut.Soc_Tracking_i.processing_system7_0.inst.S_AXI_HP0.slave.IF.PC  File: /wrk/ci/prod/2020.2/sw/continuous/733/packages/customer/vivado/data/xilinx_vip/hdl/axi_vip_axi4pc.sv Line: 1656
Warning: XILINX_RECS_CONTINUOUS_RTRANSFERS_MAX_WAIT: RVALID should be asserted within MAXWAITS cycles of AR Command being accepted.
Time: 1390085 ns  Iteration: 1  Process: /tb_dma_vga/dut/Soc_Tracking_i/processing_system7_0/inst/S_AXI_HP0/slave/IF/PC/Always1528_1148  Scope: tb_dma_vga.dut.Soc_Tracking_i.processing_system7_0.inst.S_AXI_HP0.slave.IF.PC  File: /wrk/ci/prod/2020.2/sw/continuous/733/packages/customer/vivado/data/xilinx_vip/hdl/axi_vip_axi4pc.sv Line: 1656
Warning: XILINX_RECS_CONTINUOUS_RTRANSFERS_MAX_WAIT: RVALID should be asserted within MAXWAITS cycles of AR Command being accepted.
Time: 1400345 ns  Iteration: 1  Process: /tb_dma_vga/dut/Soc_Tracking_i/processing_system7_0/inst/S_AXI_HP0/slave/IF/PC/Always1528_1148  Scope: tb_dma_vga.dut.Soc_Tracking_i.processing_system7_0.inst.S_AXI_HP0.slave.IF.PC  File: /wrk/ci/prod/2020.2/sw/continuous/733/packages/customer/vivado/data/xilinx_vip/hdl/axi_vip_axi4pc.sv Line: 1656
Warning: XILINX_RECS_CONTINUOUS_RTRANSFERS_MAX_WAIT: RVALID should be asserted within MAXWAITS cycles of AR Command being accepted.
Time: 1410605 ns  Iteration: 1  Process: /tb_dma_vga/dut/Soc_Tracking_i/processing_system7_0/inst/S_AXI_HP0/slave/IF/PC/Always1528_1148  Scope: tb_dma_vga.dut.Soc_Tracking_i.processing_system7_0.inst.S_AXI_HP0.slave.IF.PC  File: /wrk/ci/prod/2020.2/sw/continuous/733/packages/customer/vivado/data/xilinx_vip/hdl/axi_vip_axi4pc.sv Line: 1656
Warning: XILINX_RECS_CONTINUOUS_RTRANSFERS_MAX_WAIT: RVALID should be asserted within MAXWAITS cycles of AR Command being accepted.
Time: 1420865 ns  Iteration: 1  Process: /tb_dma_vga/dut/Soc_Tracking_i/processing_system7_0/inst/S_AXI_HP0/slave/IF/PC/Always1528_1148  Scope: tb_dma_vga.dut.Soc_Tracking_i.processing_system7_0.inst.S_AXI_HP0.slave.IF.PC  File: /wrk/ci/prod/2020.2/sw/continuous/733/packages/customer/vivado/data/xilinx_vip/hdl/axi_vip_axi4pc.sv Line: 1656
Warning: XILINX_RECS_CONTINUOUS_RTRANSFERS_MAX_WAIT: RVALID should be asserted within MAXWAITS cycles of AR Command being accepted.
Time: 1431125 ns  Iteration: 1  Process: /tb_dma_vga/dut/Soc_Tracking_i/processing_system7_0/inst/S_AXI_HP0/slave/IF/PC/Always1528_1148  Scope: tb_dma_vga.dut.Soc_Tracking_i.processing_system7_0.inst.S_AXI_HP0.slave.IF.PC  File: /wrk/ci/prod/2020.2/sw/continuous/733/packages/customer/vivado/data/xilinx_vip/hdl/axi_vip_axi4pc.sv Line: 1656
Warning: XILINX_RECS_CONTINUOUS_RTRANSFERS_MAX_WAIT: RVALID should be asserted within MAXWAITS cycles of AR Command being accepted.
Time: 1441385 ns  Iteration: 1  Process: /tb_dma_vga/dut/Soc_Tracking_i/processing_system7_0/inst/S_AXI_HP0/slave/IF/PC/Always1528_1148  Scope: tb_dma_vga.dut.Soc_Tracking_i.processing_system7_0.inst.S_AXI_HP0.slave.IF.PC  File: /wrk/ci/prod/2020.2/sw/continuous/733/packages/customer/vivado/data/xilinx_vip/hdl/axi_vip_axi4pc.sv Line: 1656
Warning: XILINX_RECS_CONTINUOUS_RTRANSFERS_MAX_WAIT: RVALID should be asserted within MAXWAITS cycles of AR Command being accepted.
Time: 1451645 ns  Iteration: 1  Process: /tb_dma_vga/dut/Soc_Tracking_i/processing_system7_0/inst/S_AXI_HP0/slave/IF/PC/Always1528_1148  Scope: tb_dma_vga.dut.Soc_Tracking_i.processing_system7_0.inst.S_AXI_HP0.slave.IF.PC  File: /wrk/ci/prod/2020.2/sw/continuous/733/packages/customer/vivado/data/xilinx_vip/hdl/axi_vip_axi4pc.sv Line: 1656
Warning: XILINX_RECS_CONTINUOUS_RTRANSFERS_MAX_WAIT: RVALID should be asserted within MAXWAITS cycles of AR Command being accepted.
Time: 1461905 ns  Iteration: 1  Process: /tb_dma_vga/dut/Soc_Tracking_i/processing_system7_0/inst/S_AXI_HP0/slave/IF/PC/Always1528_1148  Scope: tb_dma_vga.dut.Soc_Tracking_i.processing_system7_0.inst.S_AXI_HP0.slave.IF.PC  File: /wrk/ci/prod/2020.2/sw/continuous/733/packages/customer/vivado/data/xilinx_vip/hdl/axi_vip_axi4pc.sv Line: 1656
Warning: XILINX_RECS_CONTINUOUS_RTRANSFERS_MAX_WAIT: RVALID should be asserted within MAXWAITS cycles of AR Command being accepted.
Time: 1472165 ns  Iteration: 1  Process: /tb_dma_vga/dut/Soc_Tracking_i/processing_system7_0/inst/S_AXI_HP0/slave/IF/PC/Always1528_1148  Scope: tb_dma_vga.dut.Soc_Tracking_i.processing_system7_0.inst.S_AXI_HP0.slave.IF.PC  File: /wrk/ci/prod/2020.2/sw/continuous/733/packages/customer/vivado/data/xilinx_vip/hdl/axi_vip_axi4pc.sv Line: 1656
Warning: XILINX_RECS_CONTINUOUS_RTRANSFERS_MAX_WAIT: RVALID should be asserted within MAXWAITS cycles of AR Command being accepted.
Time: 1482425 ns  Iteration: 1  Process: /tb_dma_vga/dut/Soc_Tracking_i/processing_system7_0/inst/S_AXI_HP0/slave/IF/PC/Always1528_1148  Scope: tb_dma_vga.dut.Soc_Tracking_i.processing_system7_0.inst.S_AXI_HP0.slave.IF.PC  File: /wrk/ci/prod/2020.2/sw/continuous/733/packages/customer/vivado/data/xilinx_vip/hdl/axi_vip_axi4pc.sv Line: 1656
Warning: XILINX_RECS_CONTINUOUS_RTRANSFERS_MAX_WAIT: RVALID should be asserted within MAXWAITS cycles of AR Command being accepted.
Time: 1492685 ns  Iteration: 1  Process: /tb_dma_vga/dut/Soc_Tracking_i/processing_system7_0/inst/S_AXI_HP0/slave/IF/PC/Always1528_1148  Scope: tb_dma_vga.dut.Soc_Tracking_i.processing_system7_0.inst.S_AXI_HP0.slave.IF.PC  File: /wrk/ci/prod/2020.2/sw/continuous/733/packages/customer/vivado/data/xilinx_vip/hdl/axi_vip_axi4pc.sv Line: 1656
Fatal: [slv_rd_driver] (.tb_dma_vga.dut.Soc_Tracking_i.ps7_0_axi_periph.axi_vip_pkg.\axi_slv_rd_driver(C_AXI_PROTOCOL=1,C_AXI_WDATA_WIDTH=64,C_AXI_RDATA_WIDTH=64,C_AXI_WID_WIDTH=6,C_AXI_RID_WIDTH=6,C_AXI_HAS_REGION=0)::forward_progress_watchdog .PROGRESS.) 1500465 ns : Forward progress timeout triggered. There are pending AR commands (         8), however, a corresponding RDATA+RLAST has not occured in (     50000) cycles. No forward progess.
Time: 1500465 ns  Iteration: 4  Process: /tb_dma_vga/dut/Soc_Tracking_i/ps7_0_axi_periph/axi_vip_pkg/axi_slv_rd_driver(C_AXI_PROTOCOL=1,C_AXI_WDATA_WIDTH=64,C_AXI_RDATA_WIDTH=64,C_AXI_WID_WIDTH=6,C_AXI_RID_WIDTH=6,C_AXI_HAS_REGION=0)::forward_progress_watchdog/PROGRESS/Block14320_3916  Scope: .tb_dma_vga.dut.Soc_Tracking_i.ps7_0_axi_periph.axi_vip_pkg.\axi_slv_rd_driver(C_AXI_PROTOCOL=1,C_AXI_WDATA_WIDTH=64,C_AXI_RDATA_WIDTH=64,C_AXI_WID_WIDTH=6,C_AXI_RID_WIDTH=6,C_AXI_HAS_REGION=0)::forward_progress_watchdog .PROGRESS.  File: /wrk/ci/prod/2020.2/sw/continuous/733/packages/customer/vivado/data/xilinx_vip/hdl/axi_vip_pkg.sv Line: 14323
$finish called at time : 1500465 ns : File "/wrk/ci/prod/2020.2/sw/continuous/733/packages/customer/vivado/data/xilinx_vip/hdl/axi_vip_pkg.sv" Line 13594
run: Time (s): cpu = 00:00:13 ; elapsed = 00:01:03 . Memory (MB): peak = 1655.469 ; gain = 0.113
relaunch_xsim_kernel: Time (s): cpu = 00:00:16 ; elapsed = 00:01:08 . Memory (MB): peak = 1655.469 ; gain = 0.113
relaunch_sim: Time (s): cpu = 00:00:20 ; elapsed = 00:02:34 . Memory (MB): peak = 1655.469 ; gain = 0.113
reset_run synth_1
WARNING: [Vivado 12-1017] Problems encountered:
1. Failed to delete one or more files in run directory C:/Users/vladi/Documents/Travail/Formation_AJC-Expleo/Projet/PL/Soc_Tracking.runs/synth_1

launch_runs synth_1 -jobs 8
WARNING: [IP_Flow 19-4994] Overwriting existing constraint file 'c:/Users/vladi/Documents/Travail/Formation_AJC-Expleo/Projet/PL/Soc_Tracking.gen/sources_1/bd/Soc_Tracking/ip/Soc_Tracking_auto_pc_1/Soc_Tracking_auto_pc_1_ooc.xdc'
INFO: [BD 41-1029] Generation completed for the IP Integrator block ps7_0_axi_periph/s00_couplers/auto_pc .
WARNING: [IP_Flow 19-4994] Overwriting existing constraint file 'c:/Users/vladi/Documents/Travail/Formation_AJC-Expleo/Projet/PL/Soc_Tracking.gen/sources_1/bd/Soc_Tracking/ip/Soc_Tracking_auto_us_0/Soc_Tracking_auto_us_0_ooc.xdc'
INFO: [BD 41-1029] Generation completed for the IP Integrator block ps7_0_axi_periph/s00_couplers/auto_us .
WARNING: [IP_Flow 19-4994] Overwriting existing constraint file 'c:/Users/vladi/Documents/Travail/Formation_AJC-Expleo/Projet/PL/Soc_Tracking.gen/sources_1/bd/Soc_Tracking/ip/Soc_Tracking_auto_ds_0/Soc_Tracking_auto_ds_0_ooc.xdc'
INFO: [BD 41-1029] Generation completed for the IP Integrator block ps7_0_axi_periph/m00_couplers/auto_ds .
WARNING: [IP_Flow 19-4994] Overwriting existing constraint file 'c:/Users/vladi/Documents/Travail/Formation_AJC-Expleo/Projet/PL/Soc_Tracking.gen/sources_1/bd/Soc_Tracking/ip/Soc_Tracking_auto_pc_0/Soc_Tracking_auto_pc_0_ooc.xdc'
INFO: [BD 41-1029] Generation completed for the IP Integrator block ps7_0_axi_periph/m00_couplers/auto_pc .
INFO: [IP_Flow 19-7066] Running IP cache check for IP Soc_Tracking_auto_ds_0
INFO: [IP_Flow 19-7066] Running IP cache check for IP Soc_Tracking_auto_pc_0
INFO: [IP_Flow 19-7066] Running IP cache check for IP Soc_Tracking_auto_pc_1
INFO: [IP_Flow 19-7066] Running IP cache check for IP Soc_Tracking_auto_us_0
INFO: [IP_Flow 19-4993] Using cached IP synthesis design for IP Soc_Tracking_auto_ds_0, cache-ID = c9996f08f41a131c; cache size = 15.934 MB.
INFO: [IP_Flow 19-4993] Using cached IP synthesis design for IP Soc_Tracking_auto_pc_0, cache-ID = ebbb6a178fc890b7; cache size = 15.934 MB.
INFO: [IP_Flow 19-4993] Using cached IP synthesis design for IP Soc_Tracking_auto_pc_1, cache-ID = c4bc4fa6dac68063; cache size = 15.934 MB.
INFO: [IP_Flow 19-4993] Using cached IP synthesis design for IP Soc_Tracking_auto_us_0, cache-ID = 50ef451a8d3b1ddd; cache size = 15.934 MB.
[Tue Sep  8 12:37:04 2026] Launched synth_1...
Run output will be captured here: C:/Users/vladi/Documents/Travail/Formation_AJC-Expleo/Projet/PL/Soc_Tracking.runs/synth_1/runme.log
launch_runs impl_1 -jobs 8
[Tue Sep  8 12:38:43 2026] Launched impl_1...
Run output will be captured here: C:/Users/vladi/Documents/Travail/Formation_AJC-Expleo/Projet/PL/Soc_Tracking.runs/impl_1/runme.log
launch_runs impl_1 -to_step write_bitstream -jobs 8
[Tue Sep  8 12:42:03 2026] Launched impl_1...
Run output will be captured here: C:/Users/vladi/Documents/Travail/Formation_AJC-Expleo/Projet/PL/Soc_Tracking.runs/impl_1/runme.log
open_run impl_1
INFO: [Device 21-403] Loading part xc7z010clg400-1
Netlist sorting complete. Time (s): cpu = 00:00:00 ; elapsed = 00:00:00.357 . Memory (MB): peak = 1792.504 ; gain = 0.000
INFO: [Netlist 29-17] Analyzing 204 Unisim elements for replacement
INFO: [Netlist 29-28] Unisim Transformation completed in 1 CPU seconds
INFO: [Project 1-479] Netlist was created with Vivado 2020.2
INFO: [Project 1-570] Preparing netlist for logic optimization
INFO: [Timing 38-478] Restoring timing data from binary archive.
INFO: [Timing 38-479] Binary timing data restore complete.
INFO: [Project 1-856] Restoring constraints from binary archive.
INFO: [Project 1-853] Binary constraint restore complete.
Reading XDEF placement.
Reading placer database...
Reading XDEF routing.
Read XDEF File: Time (s): cpu = 00:00:01 ; elapsed = 00:00:00.911 . Memory (MB): peak = 2478.465 ; gain = 17.750
Restored from archive | CPU: 1.000000 secs | Memory: 0.000000 MB |
Finished XDEF File Restore: Time (s): cpu = 00:00:01 ; elapsed = 00:00:00.913 . Memory (MB): peak = 2478.465 ; gain = 17.750
Netlist sorting complete. Time (s): cpu = 00:00:00 ; elapsed = 00:00:00.006 . Memory (MB): peak = 2478.465 ; gain = 0.000
INFO: [Project 1-111] Unisim Transformation Summary:
  A total of 16 instances were transformed.
  RAM32M => RAM32M (RAMD32(x6), RAMS32(x2)): 15 instances
  RAM32X1D => RAM32X1D (RAMD32(x2)): 1 instance 

open_run: Time (s): cpu = 00:00:33 ; elapsed = 00:00:25 . Memory (MB): peak = 2643.336 ; gain = 985.977
open_report: Time (s): cpu = 00:00:10 ; elapsed = 00:00:06 . Memory (MB): peak = 2643.375 ; gain = 0.039
CRITICAL WARNING: [Timing 38-282] The design failed to meet the timing requirements. Please see the timing summary report for details on the timing violations.
open_bd_design {C:/Users/vladi/Documents/Travail/Formation_AJC-Expleo/Projet/PL/Soc_Tracking.srcs/sources_1/bd/Soc_Tracking/Soc_Tracking.bd}
open_project C:/Users/vladi/Documents/Travail/Formation_AJC-Expleo/Projet/MyIPs/DMA_RGB24b/DMA_RGB24b.xpr
WARNING: [filemgmt 56-3] Default IP Output Path : Could not find the directory 'C:/Users/vladi/Documents/Travail/Formation_AJC-Expleo/Projet/MyIPs/DMA_RGB24b/DMA_RGB24b.gen/sources_1'.
Scanning sources...
Finished scanning sources
INFO: [IP_Flow 19-234] Refreshing IP repositories
INFO: [IP_Flow 19-1700] Loaded user IP repository 'c:/users/vladi/documents/travail/formation_ajc-expleo/projet/myips/dma_rgb24b'.
INFO: [IP_Flow 19-2313] Loaded Vivado IP repository 'E:/Xilinx/Vivado/2020.2/data/ip'.
update_compile_order -fileset sources_1
ipx::open_ipxact_file {C:\users\vladi\documents\travail\formation_ajc-expleo\projet\myips\dma_rgb24b\component.xml}
WARNING: [IP_Flow 19-5226] Project source file 'c:/users/vladi/documents/travail/formation_ajc-expleo/projet/myips/dma_rgb24b/component.xml' ignored by IP packager.
WARNING: [IP_Flow 19-3898] File Group 'xilinx_anylanguagesynthesis (Synthesis)': File 'c:/users/vladi/documents/travail/formation_ajc-expleo/projet/myips/dma_rgb24b/src/DMA24bUnit_mm2s_ooc.xdc' is not found in the project sources. It will be removed from the packaged IP when the sources are merged. If still required, please add this file to the project and re-package.
WARNING: [IP_Flow 19-3898] File Group 'xilinx_anylanguagesynthesis (Synthesis)': File 'c:/users/vladi/documents/travail/formation_ajc-expleo/projet/myips/dma_rgb24b/src/DMA24bUnit_mm2s_DMA24b_mm2s.vhd' is not found in the project sources. It will be removed from the packaged IP when the sources are merged. If still required, please add this file to the project and re-package.
WARNING: [IP_Flow 19-3898] File Group 'xilinx_anylanguagesynthesis (Synthesis)': File 'c:/users/vladi/documents/travail/formation_ajc-expleo/projet/myips/dma_rgb24b/src/DMA24bUnit_mm2s_DMA24b_mm2s_fetch.vhd' is not found in the project sources. It will be removed from the packaged IP when the sources are merged. If still required, please add this file to the project and re-package.
WARNING: [IP_Flow 19-3898] File Group 'xilinx_anylanguagesynthesis (Synthesis)': File 'c:/users/vladi/documents/travail/formation_ajc-expleo/projet/myips/dma_rgb24b/src/DMA24bUnit_mm2s_DMA24b_mm2s_streamout.vhd' is not found in the project sources. It will be removed from the packaged IP when the sources are merged. If still required, please add this file to the project and re-package.
WARNING: [IP_Flow 19-3898] File Group 'xilinx_anylanguagesynthesis (Synthesis)': File 'c:/users/vladi/documents/travail/formation_ajc-expleo/projet/myips/dma_rgb24b/src/DMA24bUnit_mm2s_fifo_w128_d256_A.vhd' is not found in the project sources. It will be removed from the packaged IP when the sources are merged. If still required, please add this file to the project and re-package.
WARNING: [IP_Flow 19-3898] File Group 'xilinx_anylanguagesynthesis (Synthesis)': File 'c:/users/vladi/documents/travail/formation_ajc-expleo/projet/myips/dma_rgb24b/src/DMA24bUnit_mm2s_fifo_w12_d2_S.vhd' is not found in the project sources. It will be removed from the packaged IP when the sources are merged. If still required, please add this file to the project and re-package.
WARNING: [IP_Flow 19-3898] File Group 'xilinx_anylanguagesynthesis (Synthesis)': File 'c:/users/vladi/documents/travail/formation_ajc-expleo/projet/myips/dma_rgb24b/src/DMA24bUnit_mm2s_gmem_m_axi.vhd' is not found in the project sources. It will be removed from the packaged IP when the sources are merged. If still required, please add this file to the project and re-package.
WARNING: [IP_Flow 19-3898] File Group 'xilinx_anylanguagesynthesis (Synthesis)': File 'c:/users/vladi/documents/travail/formation_ajc-expleo/projet/myips/dma_rgb24b/src/DMA24bUnit_mm2s_mul_mul_11s_13ns_24_4_1.vhd' is not found in the project sources. It will be removed from the packaged IP when the sources are merged. If still required, please add this file to the project and re-package.
WARNING: [IP_Flow 19-3898] File Group 'xilinx_anylanguagesynthesis (Synthesis)': File 'c:/users/vladi/documents/travail/formation_ajc-expleo/projet/myips/dma_rgb24b/src/DMA24bUnit_mm2s_mul_mul_12ns_8ns_20_4_1.vhd' is not found in the project sources. It will be removed from the packaged IP when the sources are merged. If still required, please add this file to the project and re-package.
WARNING: [IP_Flow 19-3898] File Group 'xilinx_anylanguagesynthesis (Synthesis)': File 'c:/users/vladi/documents/travail/formation_ajc-expleo/projet/myips/dma_rgb24b/src/DMA24bUnit_mm2s_regslice_both.vhd' is not found in the project sources. It will be removed from the packaged IP when the sources are merged. If still required, please add this file to the project and re-package.
WARNING: [IP_Flow 19-3898] File Group 'xilinx_anylanguagesynthesis (Synthesis)': File 'c:/users/vladi/documents/travail/formation_ajc-expleo/projet/myips/dma_rgb24b/src/DMA24bUnit_mm2s_start_for_DMA24b_mm2s_streamout_U0.vhd' is not found in the project sources. It will be removed from the packaged IP when the sources are merged. If still required, please add this file to the project and re-package.
WARNING: [IP_Flow 19-3898] File Group 'xilinx_anylanguagesynthesis (Synthesis)': File 'c:/users/vladi/documents/travail/formation_ajc-expleo/projet/myips/dma_rgb24b/src/DMA24bUnit_mm2s.vhd' is not found in the project sources. It will be removed from the packaged IP when the sources are merged. If still required, please add this file to the project and re-package.
WARNING: [IP_Flow 19-3898] File Group 'xilinx_anylanguagebehavioralsimulation (Simulation)': File 'c:/users/vladi/documents/travail/formation_ajc-expleo/projet/myips/dma_rgb24b/src/DMA24bUnit_mm2s_DMA24b_mm2s.vhd' is not found in the project sources. It will be removed from the packaged IP when the sources are merged. If still required, please add this file to the project and re-package.
WARNING: [IP_Flow 19-3898] File Group 'xilinx_anylanguagebehavioralsimulation (Simulation)': File 'c:/users/vladi/documents/travail/formation_ajc-expleo/projet/myips/dma_rgb24b/src/DMA24bUnit_mm2s_DMA24b_mm2s_fetch.vhd' is not found in the project sources. It will be removed from the packaged IP when the sources are merged. If still required, please add this file to the project and re-package.
WARNING: [IP_Flow 19-3898] File Group 'xilinx_anylanguagebehavioralsimulation (Simulation)': File 'c:/users/vladi/documents/travail/formation_ajc-expleo/projet/myips/dma_rgb24b/src/DMA24bUnit_mm2s_DMA24b_mm2s_streamout.vhd' is not found in the project sources. It will be removed from the packaged IP when the sources are merged. If still required, please add this file to the project and re-package.
WARNING: [IP_Flow 19-3898] File Group 'xilinx_anylanguagebehavioralsimulation (Simulation)': File 'c:/users/vladi/documents/travail/formation_ajc-expleo/projet/myips/dma_rgb24b/src/DMA24bUnit_mm2s_fifo_w128_d256_A.vhd' is not found in the project sources. It will be removed from the packaged IP when the sources are merged. If still required, please add this file to the project and re-package.
WARNING: [IP_Flow 19-3898] File Group 'xilinx_anylanguagebehavioralsimulation (Simulation)': File 'c:/users/vladi/documents/travail/formation_ajc-expleo/projet/myips/dma_rgb24b/src/DMA24bUnit_mm2s_fifo_w12_d2_S.vhd' is not found in the project sources. It will be removed from the packaged IP when the sources are merged. If still required, please add this file to the project and re-package.
WARNING: [IP_Flow 19-3898] File Group 'xilinx_anylanguagebehavioralsimulation (Simulation)': File 'c:/users/vladi/documents/travail/formation_ajc-expleo/projet/myips/dma_rgb24b/src/DMA24bUnit_mm2s_gmem_m_axi.vhd' is not found in the project sources. It will be removed from the packaged IP when the sources are merged. If still required, please add this file to the project and re-package.
WARNING: [IP_Flow 19-3898] File Group 'xilinx_anylanguagebehavioralsimulation (Simulation)': File 'c:/users/vladi/documents/travail/formation_ajc-expleo/projet/myips/dma_rgb24b/src/DMA24bUnit_mm2s_mul_mul_11s_13ns_24_4_1.vhd' is not found in the project sources. It will be removed from the packaged IP when the sources are merged. If still required, please add this file to the project and re-package.
WARNING: [IP_Flow 19-3898] File Group 'xilinx_anylanguagebehavioralsimulation (Simulation)': File 'c:/users/vladi/documents/travail/formation_ajc-expleo/projet/myips/dma_rgb24b/src/DMA24bUnit_mm2s_mul_mul_12ns_8ns_20_4_1.vhd' is not found in the project sources. It will be removed from the packaged IP when the sources are merged. If still required, please add this file to the project and re-package.
WARNING: [IP_Flow 19-3898] File Group 'xilinx_anylanguagebehavioralsimulation (Simulation)': File 'c:/users/vladi/documents/travail/formation_ajc-expleo/projet/myips/dma_rgb24b/src/DMA24bUnit_mm2s_regslice_both.vhd' is not found in the project sources. It will be removed from the packaged IP when the sources are merged. If still required, please add this file to the project and re-package.
WARNING: [IP_Flow 19-3898] File Group 'xilinx_anylanguagebehavioralsimulation (Simulation)': File 'c:/users/vladi/documents/travail/formation_ajc-expleo/projet/myips/dma_rgb24b/src/DMA24bUnit_mm2s_start_for_DMA24b_mm2s_streamout_U0.vhd' is not found in the project sources. It will be removed from the packaged IP when the sources are merged. If still required, please add this file to the project and re-package.
WARNING: [IP_Flow 19-3898] File Group 'xilinx_anylanguagebehavioralsimulation (Simulation)': File 'c:/users/vladi/documents/travail/formation_ajc-expleo/projet/myips/dma_rgb24b/src/DMA24bUnit_mm2s.vhd' is not found in the project sources. It will be removed from the packaged IP when the sources are merged. If still required, please add this file to the project and re-package.
ipx::merge_project_changes hdl_parameters [ipx::current_core]
WARNING: [IP_Flow 19-5226] Project source file 'c:/users/vladi/documents/travail/formation_ajc-expleo/projet/myips/dma_rgb24b/component.xml' ignored by IP packager.
INFO: [IP_Flow 19-3164] Bus Interface 'm_axi_gmem': References existing address space 'm_axi_gmem'.
current_project Soc_Tracking
current_project DMA_RGB24b
WARNING: [IP_Flow 19-4318] IP-XACT file does not exist: c:/Users/vladi/Documents/Travail/Formation_AJC-Expleo/Projet/MyIPs/DMA_RGB24b/component.xml. It will be created.
close_project
open_bd_design {C:/Users/vladi/Documents/Travail/Formation_AJC-Expleo/Projet/PL/Soc_Tracking.srcs/sources_1/bd/Soc_Tracking/Soc_Tracking.bd}
delete_bd_objs [get_bd_intf_nets DMA24bUnit_mm2s_0_m_axi_gmem] [get_bd_intf_nets DMA24bUnit_mm2s_0_STR_video_out] [get_bd_nets DMA_controller_0_dma_start] [get_bd_nets DMA24bUnit_mm2s_0_ap_ready] [get_bd_nets DMA_controller_0_dma_w] [get_bd_nets DMA_controller_0_dma_h] [get_bd_nets DMA_controller_0_dma_addr] [get_bd_cells DMA24bUnit_mm2s_0]
update_ip_catalog -rebuild -scan_changes
INFO: [IP_Flow 19-234] Refreshing IP repositories
INFO: [IP_Flow 19-1700] Loaded user IP repository 'c:/Users/vladi/Documents/Travail/Formation_AJC-Expleo/Projet/MyIPs'.
report_ip_status -name ip_status
create_bd_cell -type ip -vlnv xilinx.com:hls:DMA24bUnit_mm2s:1.0 DMA24bUnit_mm2s_0
connect_bd_net [get_bd_pins DMA_controller_0/dma_start] [get_bd_pins DMA24bUnit_mm2s_0/ap_start]
WARNING: [BD 41-1306] The connection to interface pin </DMA24bUnit_mm2s_0/ap_start> is being overridden by the user with net <DMA_controller_0_dma_start>. This pin will not be connected as a part of interface connection <ap_ctrl>.
connect_bd_net [get_bd_pins DMA_controller_0/dma_w] [get_bd_pins DMA24bUnit_mm2s_0/image_w]
connect_bd_net [get_bd_pins DMA_controller_0/dma_h] [get_bd_pins DMA24bUnit_mm2s_0/image_h]
connect_bd_net [get_bd_pins DMA_controller_0/dma_addr] [get_bd_pins DMA24bUnit_mm2s_0/image_in]
apply_bd_automation -rule xilinx.com:bd_rule:axi4 -config { Clk_master {Auto} Clk_slave {/processing_system7_0/FCLK_CLK0 (100 MHz)} Clk_xbar {/processing_system7_0/FCLK_CLK0 (100 MHz)} Master {/DMA24bUnit_mm2s_0/m_axi_gmem} Slave {/processing_system7_0/S_AXI_HP0} ddr_seg {Auto} intc_ip {/ps7_0_axi_periph} master_apm {0}}  [get_bd_intf_pins DMA24bUnit_mm2s_0/m_axi_gmem]
Slave segment '/processing_system7_0/S_AXI_HP0/HP0_DDR_LOWOCM' is being assigned into address space '/DMA24bUnit_mm2s_0/Data_m_axi_gmem' at <0x0000_0000 [ 1 ]>.
Excluding slave segment /processing_system7_0/S_AXI_HP0/HP0_DDR_LOWOCM from address space /DMA24bUnit_mm2s_0/Data_m_axi_gmem.
connect_bd_intf_net [get_bd_intf_pins DMA24bUnit_mm2s_0/STR_video_out] [get_bd_intf_pins VGA_controller_0/S_AXIS]
regenerate_bd_layout
make_wrapper -files [get_files C:/Users/vladi/Documents/Travail/Formation_AJC-Expleo/Projet/PL/Soc_Tracking.srcs/sources_1/bd/Soc_Tracking/Soc_Tracking.bd] -top
CRITICAL WARNING: [BD 41-759] The input pins (listed below) are either not connected or do not have a source port, and they don't have a tie-off specified. These pins are tied-off to all 0's to avoid error in Implementation flow.
Please check your design and connect them as needed: 
/DMA_controller_0/dma_is_ready

Wrote  : <C:\Users\vladi\Documents\Travail\Formation_AJC-Expleo\Projet\PL\Soc_Tracking.srcs\sources_1\bd\Soc_Tracking\Soc_Tracking.bd> 
Wrote  : <C:/Users/vladi/Documents/Travail/Formation_AJC-Expleo/Projet/PL/Soc_Tracking.srcs/sources_1/bd/Soc_Tracking/ui/bd_127f896f.ui> 
WARNING: [BD 41-2384] Width mismatch when connecting pin: '/ps7_0_axi_periph/xbar/s_axi_arlock'(1) to pin: '/ps7_0_axi_periph/s01_couplers/M_AXI_arlock'(2) - Only lower order bits will be connected.
WARNING: [BD 41-2384] Width mismatch when connecting pin: '/ps7_0_axi_periph/xbar/s_axi_awlock'(1) to pin: '/ps7_0_axi_periph/s01_couplers/M_AXI_awlock'(2) - Only lower order bits will be connected.
VHDL Output written to : c:/Users/vladi/Documents/Travail/Formation_AJC-Expleo/Projet/PL/Soc_Tracking.gen/sources_1/bd/Soc_Tracking/synth/Soc_Tracking.vhd
WARNING: [BD 41-2384] Width mismatch when connecting pin: '/ps7_0_axi_periph/xbar/s_axi_arlock'(1) to pin: '/ps7_0_axi_periph/s01_couplers/M_AXI_arlock'(2) - Only lower order bits will be connected.
WARNING: [BD 41-2384] Width mismatch when connecting pin: '/ps7_0_axi_periph/xbar/s_axi_awlock'(1) to pin: '/ps7_0_axi_periph/s01_couplers/M_AXI_awlock'(2) - Only lower order bits will be connected.
VHDL Output written to : c:/Users/vladi/Documents/Travail/Formation_AJC-Expleo/Projet/PL/Soc_Tracking.gen/sources_1/bd/Soc_Tracking/sim/Soc_Tracking.vhd
VHDL Output written to : c:/Users/vladi/Documents/Travail/Formation_AJC-Expleo/Projet/PL/Soc_Tracking.gen/sources_1/bd/Soc_Tracking/hdl/Soc_Tracking_wrapper.vhd
make_wrapper: Time (s): cpu = 00:00:15 ; elapsed = 00:00:17 . Memory (MB): peak = 5014.680 ; gain = 0.000
INFO: [Common 17-681] Processing pending cancel.
connect_bd_net [get_bd_pins DMA24bUnit_mm2s_0/ap_ready] [get_bd_pins DMA_controller_0/dma_is_ready]
WARNING: [BD 41-1306] The connection to interface pin </DMA24bUnit_mm2s_0/ap_ready> is being overridden by the user with net <DMA24bUnit_mm2s_0_ap_ready>. This pin will not be connected as a part of interface connection <ap_ctrl>.
make_wrapper -files [get_files C:/Users/vladi/Documents/Travail/Formation_AJC-Expleo/Projet/PL/Soc_Tracking.srcs/sources_1/bd/Soc_Tracking/Soc_Tracking.bd] -top
Wrote  : <C:\Users\vladi\Documents\Travail\Formation_AJC-Expleo\Projet\PL\Soc_Tracking.srcs\sources_1\bd\Soc_Tracking\Soc_Tracking.bd> 
Wrote  : <C:/Users/vladi/Documents/Travail/Formation_AJC-Expleo/Projet/PL/Soc_Tracking.srcs/sources_1/bd/Soc_Tracking/ui/bd_127f896f.ui> 
WARNING: [BD 41-2384] Width mismatch when connecting pin: '/ps7_0_axi_periph/xbar/s_axi_arlock'(1) to pin: '/ps7_0_axi_periph/s01_couplers/M_AXI_arlock'(2) - Only lower order bits will be connected.
WARNING: [BD 41-2384] Width mismatch when connecting pin: '/ps7_0_axi_periph/xbar/s_axi_awlock'(1) to pin: '/ps7_0_axi_periph/s01_couplers/M_AXI_awlock'(2) - Only lower order bits will be connected.
VHDL Output written to : c:/Users/vladi/Documents/Travail/Formation_AJC-Expleo/Projet/PL/Soc_Tracking.gen/sources_1/bd/Soc_Tracking/synth/Soc_Tracking.vhd
WARNING: [BD 41-2384] Width mismatch when connecting pin: '/ps7_0_axi_periph/xbar/s_axi_arlock'(1) to pin: '/ps7_0_axi_periph/s01_couplers/M_AXI_arlock'(2) - Only lower order bits will be connected.
WARNING: [BD 41-2384] Width mismatch when connecting pin: '/ps7_0_axi_periph/xbar/s_axi_awlock'(1) to pin: '/ps7_0_axi_periph/s01_couplers/M_AXI_awlock'(2) - Only lower order bits will be connected.
VHDL Output written to : c:/Users/vladi/Documents/Travail/Formation_AJC-Expleo/Projet/PL/Soc_Tracking.gen/sources_1/bd/Soc_Tracking/sim/Soc_Tracking.vhd
VHDL Output written to : c:/Users/vladi/Documents/Travail/Formation_AJC-Expleo/Projet/PL/Soc_Tracking.gen/sources_1/bd/Soc_Tracking/hdl/Soc_Tracking_wrapper.vhd
make_wrapper: Time (s): cpu = 00:00:15 ; elapsed = 00:00:16 . Memory (MB): peak = 5014.680 ; gain = 0.000
generate_target all [get_files  C:/Users/vladi/Documents/Travail/Formation_AJC-Expleo/Projet/PL/Soc_Tracking.srcs/sources_1/bd/Soc_Tracking/Soc_Tracking.bd]
INFO: [BD 41-1662] The design 'Soc_Tracking.bd' is already validated. Therefore parameter propagation will not be re-run.
Wrote  : <C:\Users\vladi\Documents\Travail\Formation_AJC-Expleo\Projet\PL\Soc_Tracking.srcs\sources_1\bd\Soc_Tracking\Soc_Tracking.bd> 
WARNING: [BD 41-2384] Width mismatch when connecting pin: '/ps7_0_axi_periph/xbar/s_axi_arlock'(1) to pin: '/ps7_0_axi_periph/s01_couplers/M_AXI_arlock'(2) - Only lower order bits will be connected.
WARNING: [BD 41-2384] Width mismatch when connecting pin: '/ps7_0_axi_periph/xbar/s_axi_awlock'(1) to pin: '/ps7_0_axi_periph/s01_couplers/M_AXI_awlock'(2) - Only lower order bits will be connected.
VHDL Output written to : c:/Users/vladi/Documents/Travail/Formation_AJC-Expleo/Projet/PL/Soc_Tracking.gen/sources_1/bd/Soc_Tracking/synth/Soc_Tracking.vhd
WARNING: [BD 41-2384] Width mismatch when connecting pin: '/ps7_0_axi_periph/xbar/s_axi_arlock'(1) to pin: '/ps7_0_axi_periph/s01_couplers/M_AXI_arlock'(2) - Only lower order bits will be connected.
WARNING: [BD 41-2384] Width mismatch when connecting pin: '/ps7_0_axi_periph/xbar/s_axi_awlock'(1) to pin: '/ps7_0_axi_periph/s01_couplers/M_AXI_awlock'(2) - Only lower order bits will be connected.
VHDL Output written to : c:/Users/vladi/Documents/Travail/Formation_AJC-Expleo/Projet/PL/Soc_Tracking.gen/sources_1/bd/Soc_Tracking/sim/Soc_Tracking.vhd
VHDL Output written to : c:/Users/vladi/Documents/Travail/Formation_AJC-Expleo/Projet/PL/Soc_Tracking.gen/sources_1/bd/Soc_Tracking/hdl/Soc_Tracking_wrapper.vhd
WARNING: [IP_Flow 19-5611] Unable to find an associated reset port for the interface 'M_AXI_GP0'. A default connection has been created.
WARNING: [IP_Flow 19-5611] Unable to find an associated reset port for the interface 'S_AXI_HP0'. A default connection has been created.
INFO: [BD 41-1029] Generation completed for the IP Integrator block processing_system7_0 .
INFO: [BD 41-1029] Generation completed for the IP Integrator block ps7_0_axi_periph/xbar .
INFO: [BD 41-1029] Generation completed for the IP Integrator block DMA24bUnit_mm2s_0 .
WARNING: [IP_Flow 19-4994] Overwriting existing constraint file 'c:/Users/vladi/Documents/Travail/Formation_AJC-Expleo/Projet/PL/Soc_Tracking.gen/sources_1/bd/Soc_Tracking/ip/Soc_Tracking_auto_pc_1/Soc_Tracking_auto_pc_1_ooc.xdc'
INFO: [BD 41-1029] Generation completed for the IP Integrator block ps7_0_axi_periph/s00_couplers/auto_pc .
WARNING: [IP_Flow 19-4994] Overwriting existing constraint file 'c:/Users/vladi/Documents/Travail/Formation_AJC-Expleo/Projet/PL/Soc_Tracking.gen/sources_1/bd/Soc_Tracking/ip/Soc_Tracking_auto_us_0/Soc_Tracking_auto_us_0_ooc.xdc'
WARNING: [IP_Flow 19-5611] Unable to find an associated reset port for the interface 'S_AXI'. A default connection has been created.
WARNING: [IP_Flow 19-5611] Unable to find an associated reset port for the interface 'M_AXI'. A default connection has been created.
INFO: [BD 41-1029] Generation completed for the IP Integrator block ps7_0_axi_periph/s00_couplers/auto_us .
WARNING: [IP_Flow 19-4994] Overwriting existing constraint file 'c:/Users/vladi/Documents/Travail/Formation_AJC-Expleo/Projet/PL/Soc_Tracking.gen/sources_1/bd/Soc_Tracking/ip/Soc_Tracking_auto_ds_0/Soc_Tracking_auto_ds_0_ooc.xdc'
WARNING: [IP_Flow 19-5611] Unable to find an associated reset port for the interface 'S_AXI'. A default connection has been created.
WARNING: [IP_Flow 19-5611] Unable to find an associated reset port for the interface 'M_AXI'. A default connection has been created.
INFO: [BD 41-1029] Generation completed for the IP Integrator block ps7_0_axi_periph/m00_couplers/auto_ds .
WARNING: [IP_Flow 19-4994] Overwriting existing constraint file 'c:/Users/vladi/Documents/Travail/Formation_AJC-Expleo/Projet/PL/Soc_Tracking.gen/sources_1/bd/Soc_Tracking/ip/Soc_Tracking_auto_pc_0/Soc_Tracking_auto_pc_0_ooc.xdc'
INFO: [BD 41-1029] Generation completed for the IP Integrator block ps7_0_axi_periph/m00_couplers/auto_pc .
Exporting to file c:/Users/vladi/Documents/Travail/Formation_AJC-Expleo/Projet/PL/Soc_Tracking.gen/sources_1/bd/Soc_Tracking/hw_handoff/Soc_Tracking.hwh
Generated Block Design Tcl file c:/Users/vladi/Documents/Travail/Formation_AJC-Expleo/Projet/PL/Soc_Tracking.gen/sources_1/bd/Soc_Tracking/hw_handoff/Soc_Tracking_bd.tcl
Generated Hardware Definition File c:/Users/vladi/Documents/Travail/Formation_AJC-Expleo/Projet/PL/Soc_Tracking.gen/sources_1/bd/Soc_Tracking/synth/Soc_Tracking.hwdef
generate_target: Time (s): cpu = 00:00:07 ; elapsed = 00:00:08 . Memory (MB): peak = 5014.680 ; gain = 0.000
catch { config_ip_cache -export [get_ips -all Soc_Tracking_xbar_0] }
catch { config_ip_cache -export [get_ips -all Soc_Tracking_DMA24bUnit_mm2s_0_1] }
catch { config_ip_cache -export [get_ips -all Soc_Tracking_auto_pc_1] }
INFO: [IP_Flow 19-4993] Using cached IP synthesis design for IP Soc_Tracking_auto_pc_1, cache-ID = c4bc4fa6dac68063; cache size = 15.934 MB.
catch { config_ip_cache -export [get_ips -all Soc_Tracking_auto_us_0] }
INFO: [IP_Flow 19-4993] Using cached IP synthesis design for IP Soc_Tracking_auto_us_0, cache-ID = 50ef451a8d3b1ddd; cache size = 15.934 MB.
catch { config_ip_cache -export [get_ips -all Soc_Tracking_auto_ds_0] }
catch { config_ip_cache -export [get_ips -all Soc_Tracking_auto_pc_0] }
INFO: [IP_Flow 19-4993] Using cached IP synthesis design for IP Soc_Tracking_auto_pc_0, cache-ID = ebbb6a178fc890b7; cache size = 15.934 MB.
export_ip_user_files -of_objects [get_files C:/Users/vladi/Documents/Travail/Formation_AJC-Expleo/Projet/PL/Soc_Tracking.srcs/sources_1/bd/Soc_Tracking/Soc_Tracking.bd] -no_script -sync -force -quiet
create_ip_run [get_files -of_objects [get_fileset sources_1] C:/Users/vladi/Documents/Travail/Formation_AJC-Expleo/Projet/PL/Soc_Tracking.srcs/sources_1/bd/Soc_Tracking/Soc_Tracking.bd]
launch_runs Soc_Tracking_xbar_0_synth_1 Soc_Tracking_DMA24bUnit_mm2s_0_1_synth_1 Soc_Tracking_auto_ds_0_synth_1 -jobs 8
[Tue Sep  8 14:47:31 2026] Launched Soc_Tracking_xbar_0_synth_1, Soc_Tracking_DMA24bUnit_mm2s_0_1_synth_1, Soc_Tracking_auto_ds_0_synth_1...
Run output will be captured here:
Soc_Tracking_xbar_0_synth_1: C:/Users/vladi/Documents/Travail/Formation_AJC-Expleo/Projet/PL/Soc_Tracking.runs/Soc_Tracking_xbar_0_synth_1/runme.log
Soc_Tracking_DMA24bUnit_mm2s_0_1_synth_1: C:/Users/vladi/Documents/Travail/Formation_AJC-Expleo/Projet/PL/Soc_Tracking.runs/Soc_Tracking_DMA24bUnit_mm2s_0_1_synth_1/runme.log
Soc_Tracking_auto_ds_0_synth_1: C:/Users/vladi/Documents/Travail/Formation_AJC-Expleo/Projet/PL/Soc_Tracking.runs/Soc_Tracking_auto_ds_0_synth_1/runme.log
export_simulation -of_objects [get_files C:/Users/vladi/Documents/Travail/Formation_AJC-Expleo/Projet/PL/Soc_Tracking.srcs/sources_1/bd/Soc_Tracking/Soc_Tracking.bd] -directory C:/Users/vladi/Documents/Travail/Formation_AJC-Expleo/Projet/PL/Soc_Tracking.ip_user_files/sim_scripts -ip_user_files_dir C:/Users/vladi/Documents/Travail/Formation_AJC-Expleo/Projet/PL/Soc_Tracking.ip_user_files -ipstatic_source_dir C:/Users/vladi/Documents/Travail/Formation_AJC-Expleo/Projet/PL/Soc_Tracking.ip_user_files/ipstatic -lib_map_path [list {modelsim=C:/Users/vladi/Documents/Travail/Formation_AJC-Expleo/Projet/PL/Soc_Tracking.cache/compile_simlib/modelsim} {questa=C:/Users/vladi/Documents/Travail/Formation_AJC-Expleo/Projet/PL/Soc_Tracking.cache/compile_simlib/questa} {riviera=C:/Users/vladi/Documents/Travail/Formation_AJC-Expleo/Projet/PL/Soc_Tracking.cache/compile_simlib/riviera} {activehdl=C:/Users/vladi/Documents/Travail/Formation_AJC-Expleo/Projet/PL/Soc_Tracking.cache/compile_simlib/activehdl}] -use_ip_compiled_libs -force -quiet
report_ip_status -name ip_status 
reset_run synth_1
WARNING: [Vivado 12-1017] Problems encountered:
1. Failed to delete one or more files in run directory C:/Users/vladi/Documents/Travail/Formation_AJC-Expleo/Projet/PL/Soc_Tracking.runs/synth_1

launch_runs synth_1 -jobs 8
[Tue Sep  8 14:49:24 2026] Launched synth_1...
Run output will be captured here: C:/Users/vladi/Documents/Travail/Formation_AJC-Expleo/Projet/PL/Soc_Tracking.runs/synth_1/runme.log
launch_runs impl_1 -jobs 8
[Tue Sep  8 14:50:37 2026] Launched impl_1...
Run output will be captured here: C:/Users/vladi/Documents/Travail/Formation_AJC-Expleo/Projet/PL/Soc_Tracking.runs/impl_1/runme.log
launch_runs impl_1 -to_step write_bitstream -jobs 8
[Tue Sep  8 14:57:10 2026] Launched impl_1...
Run output will be captured here: C:/Users/vladi/Documents/Travail/Formation_AJC-Expleo/Projet/PL/Soc_Tracking.runs/impl_1/runme.log
write_hw_platform -fixed -include_bit -force -file C:/Users/vladi/Documents/Travail/Formation_AJC-Expleo/Projet/PL/Soc_Tracking_wrapper.xsa
INFO: [Vivado 12-4895] Creating Hardware Platform: C:/Users/vladi/Documents/Travail/Formation_AJC-Expleo/Projet/PL/Soc_Tracking_wrapper.xsa ...
INFO: [Hsi 55-2053] elapsed time for repository (E:/Xilinx/Vivado/2020.2/data\embeddedsw) loading 1 seconds
INFO: [Vivado 12-12467] The Hardware Platform can be used for Hardware
INFO: [Vivado 12-4896] Successfully created Hardware Platform: C:/Users/vladi/Documents/Travail/Formation_AJC-Expleo/Projet/PL/Soc_Tracking_wrapper.xsa
write_hw_platform: Time (s): cpu = 00:00:06 ; elapsed = 00:00:08 . Memory (MB): peak = 5014.680 ; gain = 0.000
startgroup
include_bd_addr_seg [get_bd_addr_segs -excluded DMA24bUnit_mm2s_0/Data_m_axi_gmem/SEG_processing_system7_0_HP0_DDR_LOWOCM]
endgroup
assign_bd_address
Slave segment '/processing_system7_0/S_AXI_HP0/HP0_DDR_LOWOCM' is being assigned into address space '/DMA24bUnit_mm2s_0/Data_m_axi_gmem' at <0x0000_0000 [ 1 ]>.
Excluding slave segment /processing_system7_0/S_AXI_HP0/HP0_DDR_LOWOCM from address space /DMA24bUnit_mm2s_0/Data_m_axi_gmem.
startgroup
include_bd_addr_seg [get_bd_addr_segs -excluded DMA24bUnit_mm2s_0/Data_m_axi_gmem/SEG_processing_system7_0_HP0_DDR_LOWOCM]
endgroup
assign_bd_address -target_address_space /DMA24bUnit_mm2s_0/Data_m_axi_gmem [get_bd_addr_segs processing_system7_0/S_AXI_HP0/HP0_DDR_LOWOCM] -force
Slave segment '/processing_system7_0/S_AXI_HP0/HP0_DDR_LOWOCM' is being assigned into address space '/DMA24bUnit_mm2s_0/Data_m_axi_gmem' at <0x0000_0000 [ 1 ]>.
Excluding slave segment /processing_system7_0/S_AXI_HP0/HP0_DDR_LOWOCM from address space /DMA24bUnit_mm2s_0/Data_m_axi_gmem.
delete_bd_objs [get_bd_addr_segs -excluded DMA24bUnit_mm2s_0/Data_m_axi_gmem/SEG_processing_system7_0_HP0_DDR_LOWOCM]
assign_bd_address
Slave segment '/processing_system7_0/S_AXI_HP0/HP0_DDR_LOWOCM' is being assigned into address space '/DMA24bUnit_mm2s_0/Data_m_axi_gmem' at <0x0000_0000 [ 1 ]>.
Excluding slave segment /processing_system7_0/S_AXI_HP0/HP0_DDR_LOWOCM from address space /DMA24bUnit_mm2s_0/Data_m_axi_gmem.
startgroup
include_bd_addr_seg [get_bd_addr_segs -excluded processing_system7_0/Data/SEG_processing_system7_0_HP0_DDR_LOWOCM]
endgroup
assign_bd_address
WARNING: [BD 41-1743] Cannot assign slave segment '/processing_system7_0/S_AXI_HP0/HP0_DDR_LOWOCM' into address space '/processing_system7_0/Data' because no valid addressing path exists. The addressing path from slave segment '/processing_system7_0/S_AXI_HP0/HP0_DDR_LOWOCM' to address space '/processing_system7_0/Data' terminates at master interface '/processing_system7_0/M_AXI_GP0'. The apertures for this interface {<0x4000_0000 [ 1G ]>} do not intersect with valid path apertures {<0x0000_0000 [ 512M ]>}. This assignment will be automatically excluded.
Excluding slave segment /processing_system7_0/S_AXI_HP0/HP0_DDR_LOWOCM from address space /processing_system7_0/Data.
startgroup
include_bd_addr_seg [get_bd_addr_segs -excluded DMA24bUnit_mm2s_0/Data_m_axi_gmem/SEG_processing_system7_0_HP0_DDR_LOWOCM]
endgroup
assign_bd_address
Slave segment '/processing_system7_0/S_AXI_HP0/HP0_DDR_LOWOCM' is being assigned into address space '/DMA24bUnit_mm2s_0/Data_m_axi_gmem' at <0x0000_0000 [ 512M ]>.
set_property offset 0x0000000000000000 [get_bd_addr_segs {DMA24bUnit_mm2s_0/Data_m_axi_gmem/SEG_processing_system7_0_HP0_DDR_LOWOCM}]
generate_target all [get_files  C:/Users/vladi/Documents/Travail/Formation_AJC-Expleo/Projet/PL/Soc_Tracking.srcs/sources_1/bd/Soc_Tracking/Soc_Tracking.bd]
Wrote  : <C:\Users\vladi\Documents\Travail\Formation_AJC-Expleo\Projet\PL\Soc_Tracking.srcs\sources_1\bd\Soc_Tracking\Soc_Tracking.bd> 
Wrote  : <C:/Users/vladi/Documents/Travail/Formation_AJC-Expleo/Projet/PL/Soc_Tracking.srcs/sources_1/bd/Soc_Tracking/ui/bd_127f896f.ui> 
WARNING: [BD 41-2384] Width mismatch when connecting pin: '/ps7_0_axi_periph/xbar/s_axi_arlock'(1) to pin: '/ps7_0_axi_periph/s01_couplers/M_AXI_arlock'(2) - Only lower order bits will be connected.
WARNING: [BD 41-2384] Width mismatch when connecting pin: '/ps7_0_axi_periph/xbar/s_axi_awlock'(1) to pin: '/ps7_0_axi_periph/s01_couplers/M_AXI_awlock'(2) - Only lower order bits will be connected.
VHDL Output written to : c:/Users/vladi/Documents/Travail/Formation_AJC-Expleo/Projet/PL/Soc_Tracking.gen/sources_1/bd/Soc_Tracking/synth/Soc_Tracking.vhd
WARNING: [BD 41-2384] Width mismatch when connecting pin: '/ps7_0_axi_periph/xbar/s_axi_arlock'(1) to pin: '/ps7_0_axi_periph/s01_couplers/M_AXI_arlock'(2) - Only lower order bits will be connected.
WARNING: [BD 41-2384] Width mismatch when connecting pin: '/ps7_0_axi_periph/xbar/s_axi_awlock'(1) to pin: '/ps7_0_axi_periph/s01_couplers/M_AXI_awlock'(2) - Only lower order bits will be connected.
VHDL Output written to : c:/Users/vladi/Documents/Travail/Formation_AJC-Expleo/Projet/PL/Soc_Tracking.gen/sources_1/bd/Soc_Tracking/sim/Soc_Tracking.vhd
VHDL Output written to : c:/Users/vladi/Documents/Travail/Formation_AJC-Expleo/Projet/PL/Soc_Tracking.gen/sources_1/bd/Soc_Tracking/hdl/Soc_Tracking_wrapper.vhd
INFO: [BD 41-1029] Generation completed for the IP Integrator block ps7_0_axi_periph/xbar .
WARNING: [IP_Flow 19-4994] Overwriting existing constraint file 'c:/Users/vladi/Documents/Travail/Formation_AJC-Expleo/Projet/PL/Soc_Tracking.gen/sources_1/bd/Soc_Tracking/ip/Soc_Tracking_auto_pc_1/Soc_Tracking_auto_pc_1_ooc.xdc'
INFO: [BD 41-1029] Generation completed for the IP Integrator block ps7_0_axi_periph/s00_couplers/auto_pc .
WARNING: [IP_Flow 19-4994] Overwriting existing constraint file 'c:/Users/vladi/Documents/Travail/Formation_AJC-Expleo/Projet/PL/Soc_Tracking.gen/sources_1/bd/Soc_Tracking/ip/Soc_Tracking_auto_us_0/Soc_Tracking_auto_us_0_ooc.xdc'
WARNING: [IP_Flow 19-5611] Unable to find an associated reset port for the interface 'S_AXI'. A default connection has been created.
WARNING: [IP_Flow 19-5611] Unable to find an associated reset port for the interface 'M_AXI'. A default connection has been created.
INFO: [BD 41-1029] Generation completed for the IP Integrator block ps7_0_axi_periph/s00_couplers/auto_us .
WARNING: [IP_Flow 19-4994] Overwriting existing constraint file 'c:/Users/vladi/Documents/Travail/Formation_AJC-Expleo/Projet/PL/Soc_Tracking.gen/sources_1/bd/Soc_Tracking/ip/Soc_Tracking_auto_ds_0/Soc_Tracking_auto_ds_0_ooc.xdc'
WARNING: [IP_Flow 19-5611] Unable to find an associated reset port for the interface 'S_AXI'. A default connection has been created.
WARNING: [IP_Flow 19-5611] Unable to find an associated reset port for the interface 'M_AXI'. A default connection has been created.
INFO: [BD 41-1029] Generation completed for the IP Integrator block ps7_0_axi_periph/m00_couplers/auto_ds .
WARNING: [IP_Flow 19-4994] Overwriting existing constraint file 'c:/Users/vladi/Documents/Travail/Formation_AJC-Expleo/Projet/PL/Soc_Tracking.gen/sources_1/bd/Soc_Tracking/ip/Soc_Tracking_auto_pc_0/Soc_Tracking_auto_pc_0_ooc.xdc'
INFO: [BD 41-1029] Generation completed for the IP Integrator block ps7_0_axi_periph/m00_couplers/auto_pc .
Exporting to file c:/Users/vladi/Documents/Travail/Formation_AJC-Expleo/Projet/PL/Soc_Tracking.gen/sources_1/bd/Soc_Tracking/hw_handoff/Soc_Tracking.hwh
Generated Block Design Tcl file c:/Users/vladi/Documents/Travail/Formation_AJC-Expleo/Projet/PL/Soc_Tracking.gen/sources_1/bd/Soc_Tracking/hw_handoff/Soc_Tracking_bd.tcl
Generated Hardware Definition File c:/Users/vladi/Documents/Travail/Formation_AJC-Expleo/Projet/PL/Soc_Tracking.gen/sources_1/bd/Soc_Tracking/synth/Soc_Tracking.hwdef
generate_target: Time (s): cpu = 00:00:17 ; elapsed = 00:00:18 . Memory (MB): peak = 5014.680 ; gain = 0.000
catch { config_ip_cache -export [get_ips -all Soc_Tracking_xbar_0] }
catch { config_ip_cache -export [get_ips -all Soc_Tracking_auto_pc_1] }
INFO: [IP_Flow 19-4993] Using cached IP synthesis design for IP Soc_Tracking_auto_pc_1, cache-ID = c4bc4fa6dac68063; cache size = 24.441 MB.
catch { config_ip_cache -export [get_ips -all Soc_Tracking_auto_us_0] }
INFO: [IP_Flow 19-4993] Using cached IP synthesis design for IP Soc_Tracking_auto_us_0, cache-ID = 50ef451a8d3b1ddd; cache size = 24.441 MB.
catch { config_ip_cache -export [get_ips -all Soc_Tracking_auto_ds_0] }
INFO: [IP_Flow 19-4993] Using cached IP synthesis design for IP Soc_Tracking_auto_ds_0, cache-ID = a8eb9896423c21ef; cache size = 24.441 MB.
catch { config_ip_cache -export [get_ips -all Soc_Tracking_auto_pc_0] }
INFO: [IP_Flow 19-4993] Using cached IP synthesis design for IP Soc_Tracking_auto_pc_0, cache-ID = ebbb6a178fc890b7; cache size = 24.441 MB.
export_ip_user_files -of_objects [get_files C:/Users/vladi/Documents/Travail/Formation_AJC-Expleo/Projet/PL/Soc_Tracking.srcs/sources_1/bd/Soc_Tracking/Soc_Tracking.bd] -no_script -sync -force -quiet
create_ip_run [get_files -of_objects [get_fileset sources_1] C:/Users/vladi/Documents/Travail/Formation_AJC-Expleo/Projet/PL/Soc_Tracking.srcs/sources_1/bd/Soc_Tracking/Soc_Tracking.bd]
launch_runs Soc_Tracking_xbar_0_synth_1 -jobs 8
[Tue Sep  8 15:13:31 2026] Launched Soc_Tracking_xbar_0_synth_1...
Run output will be captured here: C:/Users/vladi/Documents/Travail/Formation_AJC-Expleo/Projet/PL/Soc_Tracking.runs/Soc_Tracking_xbar_0_synth_1/runme.log
export_simulation -of_objects [get_files C:/Users/vladi/Documents/Travail/Formation_AJC-Expleo/Projet/PL/Soc_Tracking.srcs/sources_1/bd/Soc_Tracking/Soc_Tracking.bd] -directory C:/Users/vladi/Documents/Travail/Formation_AJC-Expleo/Projet/PL/Soc_Tracking.ip_user_files/sim_scripts -ip_user_files_dir C:/Users/vladi/Documents/Travail/Formation_AJC-Expleo/Projet/PL/Soc_Tracking.ip_user_files -ipstatic_source_dir C:/Users/vladi/Documents/Travail/Formation_AJC-Expleo/Projet/PL/Soc_Tracking.ip_user_files/ipstatic -lib_map_path [list {modelsim=C:/Users/vladi/Documents/Travail/Formation_AJC-Expleo/Projet/PL/Soc_Tracking.cache/compile_simlib/modelsim} {questa=C:/Users/vladi/Documents/Travail/Formation_AJC-Expleo/Projet/PL/Soc_Tracking.cache/compile_simlib/questa} {riviera=C:/Users/vladi/Documents/Travail/Formation_AJC-Expleo/Projet/PL/Soc_Tracking.cache/compile_simlib/riviera} {activehdl=C:/Users/vladi/Documents/Travail/Formation_AJC-Expleo/Projet/PL/Soc_Tracking.cache/compile_simlib/activehdl}] -use_ip_compiled_libs -force -quiet
reset_run synth_1
WARNING: [Vivado 12-1017] Problems encountered:
1. Failed to delete one or more files in run directory C:/Users/vladi/Documents/Travail/Formation_AJC-Expleo/Projet/PL/Soc_Tracking.runs/synth_1

launch_runs impl_1 -jobs 8
[Tue Sep  8 15:20:24 2026] Launched synth_1...
Run output will be captured here: C:/Users/vladi/Documents/Travail/Formation_AJC-Expleo/Projet/PL/Soc_Tracking.runs/synth_1/runme.log
[Tue Sep  8 15:20:24 2026] Launched impl_1...
Run output will be captured here: C:/Users/vladi/Documents/Travail/Formation_AJC-Expleo/Projet/PL/Soc_Tracking.runs/impl_1/runme.log
launch_runs impl_1 -to_step write_bitstream -jobs 8
[Tue Sep  8 15:23:35 2026] Launched impl_1...
Run output will be captured here: C:/Users/vladi/Documents/Travail/Formation_AJC-Expleo/Projet/PL/Soc_Tracking.runs/impl_1/runme.log
write_hw_platform -fixed -include_bit -force -file C:/Users/vladi/Documents/Travail/Formation_AJC-Expleo/Projet/PL/Soc_Tracking_wrapper.xsa
INFO: [Vivado 12-4895] Creating Hardware Platform: C:/Users/vladi/Documents/Travail/Formation_AJC-Expleo/Projet/PL/Soc_Tracking_wrapper.xsa ...
INFO: [Vivado 12-12467] The Hardware Platform can be used for Hardware
INFO: [Vivado 12-4896] Successfully created Hardware Platform: C:/Users/vladi/Documents/Travail/Formation_AJC-Expleo/Projet/PL/Soc_Tracking_wrapper.xsa
write_hw_platform: Time (s): cpu = 00:00:06 ; elapsed = 00:00:06 . Memory (MB): peak = 5014.680 ; gain = 0.000
startgroup
set_property -dict [list CONFIG.image_addr {0x0000000010000000}] [get_bd_cells DMA_controller_0]
endgroup
validate_bd_design
validate_bd_design: Time (s): cpu = 00:00:15 ; elapsed = 00:00:16 . Memory (MB): peak = 5014.680 ; gain = 0.000
generate_target all [get_files  C:/Users/vladi/Documents/Travail/Formation_AJC-Expleo/Projet/PL/Soc_Tracking.srcs/sources_1/bd/Soc_Tracking/Soc_Tracking.bd]
INFO: [BD 41-1662] The design 'Soc_Tracking.bd' is already validated. Therefore parameter propagation will not be re-run.
Wrote  : <C:\Users\vladi\Documents\Travail\Formation_AJC-Expleo\Projet\PL\Soc_Tracking.srcs\sources_1\bd\Soc_Tracking\Soc_Tracking.bd> 
WARNING: [BD 41-2384] Width mismatch when connecting pin: '/ps7_0_axi_periph/xbar/s_axi_arlock'(1) to pin: '/ps7_0_axi_periph/s01_couplers/M_AXI_arlock'(2) - Only lower order bits will be connected.
WARNING: [BD 41-2384] Width mismatch when connecting pin: '/ps7_0_axi_periph/xbar/s_axi_awlock'(1) to pin: '/ps7_0_axi_periph/s01_couplers/M_AXI_awlock'(2) - Only lower order bits will be connected.
VHDL Output written to : c:/Users/vladi/Documents/Travail/Formation_AJC-Expleo/Projet/PL/Soc_Tracking.gen/sources_1/bd/Soc_Tracking/synth/Soc_Tracking.vhd
WARNING: [BD 41-2384] Width mismatch when connecting pin: '/ps7_0_axi_periph/xbar/s_axi_arlock'(1) to pin: '/ps7_0_axi_periph/s01_couplers/M_AXI_arlock'(2) - Only lower order bits will be connected.
WARNING: [BD 41-2384] Width mismatch when connecting pin: '/ps7_0_axi_periph/xbar/s_axi_awlock'(1) to pin: '/ps7_0_axi_periph/s01_couplers/M_AXI_awlock'(2) - Only lower order bits will be connected.
VHDL Output written to : c:/Users/vladi/Documents/Travail/Formation_AJC-Expleo/Projet/PL/Soc_Tracking.gen/sources_1/bd/Soc_Tracking/sim/Soc_Tracking.vhd
VHDL Output written to : c:/Users/vladi/Documents/Travail/Formation_AJC-Expleo/Projet/PL/Soc_Tracking.gen/sources_1/bd/Soc_Tracking/hdl/Soc_Tracking_wrapper.vhd
INFO: [BD 41-1029] Generation completed for the IP Integrator block DMA_controller_0 .
WARNING: [IP_Flow 19-4994] Overwriting existing constraint file 'c:/Users/vladi/Documents/Travail/Formation_AJC-Expleo/Projet/PL/Soc_Tracking.gen/sources_1/bd/Soc_Tracking/ip/Soc_Tracking_auto_pc_1/Soc_Tracking_auto_pc_1_ooc.xdc'
INFO: [BD 41-1029] Generation completed for the IP Integrator block ps7_0_axi_periph/s00_couplers/auto_pc .
WARNING: [IP_Flow 19-4994] Overwriting existing constraint file 'c:/Users/vladi/Documents/Travail/Formation_AJC-Expleo/Projet/PL/Soc_Tracking.gen/sources_1/bd/Soc_Tracking/ip/Soc_Tracking_auto_us_0/Soc_Tracking_auto_us_0_ooc.xdc'
WARNING: [IP_Flow 19-5611] Unable to find an associated reset port for the interface 'S_AXI'. A default connection has been created.
WARNING: [IP_Flow 19-5611] Unable to find an associated reset port for the interface 'M_AXI'. A default connection has been created.
INFO: [BD 41-1029] Generation completed for the IP Integrator block ps7_0_axi_periph/s00_couplers/auto_us .
WARNING: [IP_Flow 19-4994] Overwriting existing constraint file 'c:/Users/vladi/Documents/Travail/Formation_AJC-Expleo/Projet/PL/Soc_Tracking.gen/sources_1/bd/Soc_Tracking/ip/Soc_Tracking_auto_ds_0/Soc_Tracking_auto_ds_0_ooc.xdc'
WARNING: [IP_Flow 19-5611] Unable to find an associated reset port for the interface 'S_AXI'. A default connection has been created.
WARNING: [IP_Flow 19-5611] Unable to find an associated reset port for the interface 'M_AXI'. A default connection has been created.
INFO: [BD 41-1029] Generation completed for the IP Integrator block ps7_0_axi_periph/m00_couplers/auto_ds .
WARNING: [IP_Flow 19-4994] Overwriting existing constraint file 'c:/Users/vladi/Documents/Travail/Formation_AJC-Expleo/Projet/PL/Soc_Tracking.gen/sources_1/bd/Soc_Tracking/ip/Soc_Tracking_auto_pc_0/Soc_Tracking_auto_pc_0_ooc.xdc'
INFO: [BD 41-1029] Generation completed for the IP Integrator block ps7_0_axi_periph/m00_couplers/auto_pc .
Exporting to file c:/Users/vladi/Documents/Travail/Formation_AJC-Expleo/Projet/PL/Soc_Tracking.gen/sources_1/bd/Soc_Tracking/hw_handoff/Soc_Tracking.hwh
Generated Block Design Tcl file c:/Users/vladi/Documents/Travail/Formation_AJC-Expleo/Projet/PL/Soc_Tracking.gen/sources_1/bd/Soc_Tracking/hw_handoff/Soc_Tracking_bd.tcl
Generated Hardware Definition File c:/Users/vladi/Documents/Travail/Formation_AJC-Expleo/Projet/PL/Soc_Tracking.gen/sources_1/bd/Soc_Tracking/synth/Soc_Tracking.hwdef
catch { config_ip_cache -export [get_ips -all Soc_Tracking_DMA_controller_0_0] }
catch { config_ip_cache -export [get_ips -all Soc_Tracking_auto_pc_1] }
INFO: [IP_Flow 19-4993] Using cached IP synthesis design for IP Soc_Tracking_auto_pc_1, cache-ID = c4bc4fa6dac68063; cache size = 26.129 MB.
catch { config_ip_cache -export [get_ips -all Soc_Tracking_auto_us_0] }
INFO: [IP_Flow 19-4993] Using cached IP synthesis design for IP Soc_Tracking_auto_us_0, cache-ID = 50ef451a8d3b1ddd; cache size = 26.129 MB.
catch { config_ip_cache -export [get_ips -all Soc_Tracking_auto_ds_0] }
INFO: [IP_Flow 19-4993] Using cached IP synthesis design for IP Soc_Tracking_auto_ds_0, cache-ID = a8eb9896423c21ef; cache size = 26.129 MB.
catch { config_ip_cache -export [get_ips -all Soc_Tracking_auto_pc_0] }
INFO: [IP_Flow 19-4993] Using cached IP synthesis design for IP Soc_Tracking_auto_pc_0, cache-ID = ebbb6a178fc890b7; cache size = 26.129 MB.
export_ip_user_files -of_objects [get_files C:/Users/vladi/Documents/Travail/Formation_AJC-Expleo/Projet/PL/Soc_Tracking.srcs/sources_1/bd/Soc_Tracking/Soc_Tracking.bd] -no_script -sync -force -quiet
create_ip_run [get_files -of_objects [get_fileset sources_1] C:/Users/vladi/Documents/Travail/Formation_AJC-Expleo/Projet/PL/Soc_Tracking.srcs/sources_1/bd/Soc_Tracking/Soc_Tracking.bd]
launch_runs Soc_Tracking_DMA_controller_0_0_synth_1 -jobs 8
[Tue Sep  8 15:27:38 2026] Launched Soc_Tracking_DMA_controller_0_0_synth_1...
Run output will be captured here: C:/Users/vladi/Documents/Travail/Formation_AJC-Expleo/Projet/PL/Soc_Tracking.runs/Soc_Tracking_DMA_controller_0_0_synth_1/runme.log
export_simulation -of_objects [get_files C:/Users/vladi/Documents/Travail/Formation_AJC-Expleo/Projet/PL/Soc_Tracking.srcs/sources_1/bd/Soc_Tracking/Soc_Tracking.bd] -directory C:/Users/vladi/Documents/Travail/Formation_AJC-Expleo/Projet/PL/Soc_Tracking.ip_user_files/sim_scripts -ip_user_files_dir C:/Users/vladi/Documents/Travail/Formation_AJC-Expleo/Projet/PL/Soc_Tracking.ip_user_files -ipstatic_source_dir C:/Users/vladi/Documents/Travail/Formation_AJC-Expleo/Projet/PL/Soc_Tracking.ip_user_files/ipstatic -lib_map_path [list {modelsim=C:/Users/vladi/Documents/Travail/Formation_AJC-Expleo/Projet/PL/Soc_Tracking.cache/compile_simlib/modelsim} {questa=C:/Users/vladi/Documents/Travail/Formation_AJC-Expleo/Projet/PL/Soc_Tracking.cache/compile_simlib/questa} {riviera=C:/Users/vladi/Documents/Travail/Formation_AJC-Expleo/Projet/PL/Soc_Tracking.cache/compile_simlib/riviera} {activehdl=C:/Users/vladi/Documents/Travail/Formation_AJC-Expleo/Projet/PL/Soc_Tracking.cache/compile_simlib/activehdl}] -use_ip_compiled_libs -force -quiet
reset_run synth_1
WARNING: [Vivado 12-1017] Problems encountered:
1. Failed to delete one or more files in run directory C:/Users/vladi/Documents/Travail/Formation_AJC-Expleo/Projet/PL/Soc_Tracking.runs/synth_1

launch_runs impl_1 -to_step write_bitstream -jobs 8
[Tue Sep  8 15:28:51 2026] Launched synth_1...
Run output will be captured here: C:/Users/vladi/Documents/Travail/Formation_AJC-Expleo/Projet/PL/Soc_Tracking.runs/synth_1/runme.log
[Tue Sep  8 15:28:51 2026] Launched impl_1...
Run output will be captured here: C:/Users/vladi/Documents/Travail/Formation_AJC-Expleo/Projet/PL/Soc_Tracking.runs/impl_1/runme.log
write_hw_platform -fixed -include_bit -force -file C:/Users/vladi/Documents/Travail/Formation_AJC-Expleo/Projet/PL/Soc_Tracking_wrapper.xsa
INFO: [Vivado 12-4895] Creating Hardware Platform: C:/Users/vladi/Documents/Travail/Formation_AJC-Expleo/Projet/PL/Soc_Tracking_wrapper.xsa ...
INFO: [Vivado 12-12467] The Hardware Platform can be used for Hardware
INFO: [Vivado 12-4896] Successfully created Hardware Platform: C:/Users/vladi/Documents/Travail/Formation_AJC-Expleo/Projet/PL/Soc_Tracking_wrapper.xsa
write_hw_platform: Time (s): cpu = 00:00:06 ; elapsed = 00:00:06 . Memory (MB): peak = 5014.680 ; gain = 0.000
open_project C:/Users/vladi/Documents/Travail/Formation_AJC-Expleo/Projet/MyIPs/VGA_controller/VGA_controller.xpr
INFO: [ProjectBase 1-489] The host OS only allows 260 characters in a normal path. The project is stored in a path with more than 80 characters. If you experience issues with IP, Block Designs, or files not being found, please consider moving the project to a location with a shorter path. Alternately consider using the OS subst command to map part of the path to a drive letter.
Current project path is 'C:/Users/vladi/Documents/Travail/Formation_AJC-Expleo/Projet/MyIPs/VGA_controller'
WARNING: [filemgmt 56-3] IP Repository Path: Could not find the directory 'C:/users/vladi/documents/travail/formation_ajc-expleo/projet/tests/vga_controller'.
WARNING: [filemgmt 56-3] Default IP Output Path : Could not find the directory 'C:/Users/vladi/Documents/Travail/Formation_AJC-Expleo/Projet/MyIPs/VGA_controller/VGA_controller.gen/sources_1'.
Scanning sources...
Finished scanning sources
INFO: [IP_Flow 19-234] Refreshing IP repositories
INFO: [IP_Flow 19-1700] Loaded user IP repository 'c:/users/vladi/documents/travail/formation_ajc-expleo/projet/myips/vga_controller'.
WARNING: [IP_Flow 19-2248] Failed to load user IP repository 'c:/users/vladi/documents/travail/formation_ajc-expleo/projet/tests/vga_controller'; Can't find the specified path.
If this directory should no longer be in your list of user repositories, go to the IP Settings dialog and remove it.
INFO: [IP_Flow 19-2313] Loaded Vivado IP repository 'E:/Xilinx/Vivado/2020.2/data/ip'.
update_compile_order -fileset sources_1
current_project Soc_Tracking
current_project VGA_controller
close_project
close_sim
Executing Axi4 End Of Simulation checks
Executing Axi4 End Of Simulation checks
Executing Axi4 End Of Simulation checks
Executing Axi4 End Of Simulation checks
Executing Axi4 End Of Simulation checks
Warning: AXI4_ERRS_RLAST_ALL_DONE_EOS: All outstanding read bursts must have completed a the end of the simulation.
Time: 1500465 ns  Iteration: 4  Process: /tb_dma_vga/dut/Soc_Tracking_i/processing_system7_0/inst/S_AXI_HP0/slave/IF/PC/Always3109_1149  Scope: tb_dma_vga.dut.Soc_Tracking_i.processing_system7_0.inst.S_AXI_HP0.slave.IF.PC.arm_amba4_pc_msg_err  File: /wrk/ci/prod/2020.2/sw/continuous/733/packages/customer/vivado/data/xilinx_vip/hdl/axi_vip_axi4pc.sv Line: 725
Executing Axi4 End Of Simulation checks
Executing Axi4 End Of Simulation checks
Executing Axi4 End Of Simulation checks
Executing Axi4 End Of Simulation checks
INFO: [Simtcl 6-16] Simulation closed
exit
INFO: [Common 17-206] Exiting Vivado at Tue Sep  8 17:09:05 2026...
